lang,seed,split,uid
sun,42,train,sun_00001
sun,42,train,sun_00002
sun,42,train,sun_00003
sun,42,train,sun_00004
sun,42,train,sun_00005
sun,42,train,sun_00006
sun,42,train,sun_00007
sun,42,train,sun_00008
sun,42,train,sun_00009
sun,42,train,sun_00010
sun,42,train,sun_00011
sun,42,train,sun_00012
sun,42,train,sun_00013
sun,42,train,sun_00014
sun,42,train,sun_00016
sun,42,train,sun_00017
sun,42,train,sun_00019
sun,42,train,sun_00020
sun,42,train,sun_00022
sun,42,train,sun_00023
sun,42,train,sun_00024
sun,42,train,sun_00025
sun,42,train,sun_00026
sun,42,train,sun_00027
sun,42,train,sun_00028
sun,42,train,sun_00030
sun,42,train,sun_00031
sun,42,train,sun_00034
sun,42,train,sun_00035
sun,42,train,sun_00036
sun,42,train,sun_00037
sun,42,train,sun_00038
sun,42,train,sun_00039
sun,42,train,sun_00042
sun,42,train,sun_00044
sun,42,train,sun_00045
sun,42,train,sun_00047
sun,42,train,sun_00048
sun,42,train,sun_00049
sun,42,train,sun_00051
sun,42,train,sun_00054
sun,42,train,sun_00055
sun,42,train,sun_00056
sun,42,train,sun_00058
sun,42,train,sun_00059
sun,42,train,sun_00060
sun,42,train,sun_00061
sun,42,train,sun_00062
sun,42,train,sun_00063
sun,42,train,sun_00065
sun,42,train,sun_00066
sun,42,train,sun_00067
sun,42,train,sun_00069
sun,42,train,sun_00070
sun,42,train,sun_00071
sun,42,train,sun_00072
sun,42,train,sun_00073
sun,42,train,sun_00074
sun,42,train,sun_00076
sun,42,train,sun_00078
sun,42,train,sun_00080
sun,42,train,sun_00081
sun,42,train,sun_00083
sun,42,train,sun_00084
sun,42,train,sun_00085
sun,42,train,sun_00086
sun,42,train,sun_00087
sun,42,train,sun_00088
sun,42,train,sun_00089
sun,42,train,sun_00092
sun,42,train,sun_00094
sun,42,train,sun_00095
sun,42,train,sun_00096
sun,42,train,sun_00097
sun,42,train,sun_00099
sun,42,train,sun_00100
sun,42,train,sun_00101
sun,42,train,sun_00103
sun,42,train,sun_00104
sun,42,train,sun_00106
sun,42,train,sun_00107
sun,42,train,sun_00108
sun,42,train,sun_00109
sun,42,train,sun_00110
sun,42,train,sun_00113
sun,42,train,sun_00114
sun,42,train,sun_00115
sun,42,train,sun_00117
sun,42,train,sun_00118
sun,42,train,sun_00119
sun,42,train,sun_00120
sun,42,train,sun_00121
sun,42,train,sun_00122
sun,42,train,sun_00125
sun,42,train,sun_00128
sun,42,train,sun_00130
sun,42,train,sun_00132
sun,42,train,sun_00134
sun,42,train,sun_00135
sun,42,train,sun_00136
sun,42,train,sun_00137
sun,42,train,sun_00138
sun,42,train,sun_00139
sun,42,train,sun_00141
sun,42,train,sun_00142
sun,42,train,sun_00144
sun,42,train,sun_00145
sun,42,train,sun_00147
sun,42,train,sun_00148
sun,42,train,sun_00149
sun,42,train,sun_00151
sun,42,train,sun_00152
sun,42,train,sun_00153
sun,42,train,sun_00154
sun,42,train,sun_00156
sun,42,train,sun_00157
sun,42,train,sun_00158
sun,42,train,sun_00162
sun,42,train,sun_00163
sun,42,train,sun_00164
sun,42,train,sun_00165
sun,42,train,sun_00167
sun,42,train,sun_00168
sun,42,train,sun_00169
sun,42,train,sun_00174
sun,42,train,sun_00176
sun,42,train,sun_00177
sun,42,train,sun_00178
sun,42,train,sun_00181
sun,42,train,sun_00183
sun,42,train,sun_00184
sun,42,train,sun_00185
sun,42,train,sun_00186
sun,42,train,sun_00190
sun,42,train,sun_00192
sun,42,train,sun_00196
sun,42,train,sun_00197
sun,42,train,sun_00198
sun,42,train,sun_00199
sun,42,train,sun_00204
sun,42,train,sun_00205
sun,42,train,sun_00206
sun,42,train,sun_00207
sun,42,train,sun_00208
sun,42,train,sun_00209
sun,42,train,sun_00210
sun,42,train,sun_00213
sun,42,train,sun_00214
sun,42,train,sun_00215
sun,42,train,sun_00216
sun,42,train,sun_00218
sun,42,train,sun_00219
sun,42,train,sun_00220
sun,42,train,sun_00227
sun,42,train,sun_00229
sun,42,train,sun_00231
sun,42,train,sun_00232
sun,42,train,sun_00233
sun,42,train,sun_00234
sun,42,train,sun_00238
sun,42,train,sun_00239
sun,42,train,sun_00240
sun,42,train,sun_00242
sun,42,train,sun_00243
sun,42,train,sun_00244
sun,42,train,sun_00246
sun,42,train,sun_00247
sun,42,train,sun_00248
sun,42,train,sun_00249
sun,42,train,sun_00250
sun,42,train,sun_00252
sun,42,train,sun_00254
sun,42,train,sun_00256
sun,42,train,sun_00257
sun,42,train,sun_00260
sun,42,train,sun_00261
sun,42,train,sun_00262
sun,42,train,sun_00265
sun,42,train,sun_00269
sun,42,train,sun_00270
sun,42,train,sun_00271
sun,42,train,sun_00273
sun,42,train,sun_00274
sun,42,train,sun_00275
sun,42,train,sun_00276
sun,42,train,sun_00277
sun,42,train,sun_00279
sun,42,train,sun_00280
sun,42,train,sun_00282
sun,42,train,sun_00283
sun,42,train,sun_00284
sun,42,train,sun_00286
sun,42,train,sun_00287
sun,42,train,sun_00288
sun,42,train,sun_00289
sun,42,train,sun_00290
sun,42,train,sun_00291
sun,42,train,sun_00292
sun,42,train,sun_00294
sun,42,train,sun_00296
sun,42,train,sun_00297
sun,42,train,sun_00298
sun,42,train,sun_00299
sun,42,train,sun_00303
sun,42,train,sun_00305
sun,42,train,sun_00306
sun,42,train,sun_00308
sun,42,train,sun_00309
sun,42,train,sun_00314
sun,42,train,sun_00315
sun,42,train,sun_00316
sun,42,train,sun_00318
sun,42,train,sun_00319
sun,42,train,sun_00320
sun,42,train,sun_00321
sun,42,train,sun_00323
sun,42,train,sun_00324
sun,42,train,sun_00327
sun,42,train,sun_00328
sun,42,train,sun_00329
sun,42,train,sun_00330
sun,42,train,sun_00331
sun,42,train,sun_00332
sun,42,train,sun_00333
sun,42,train,sun_00334
sun,42,train,sun_00335
sun,42,train,sun_00336
sun,42,train,sun_00338
sun,42,train,sun_00339
sun,42,train,sun_00342
sun,42,train,sun_00344
sun,42,train,sun_00346
sun,42,train,sun_00347
sun,42,train,sun_00348
sun,42,train,sun_00349
sun,42,train,sun_00351
sun,42,train,sun_00352
sun,42,train,sun_00353
sun,42,train,sun_00354
sun,42,train,sun_00355
sun,42,train,sun_00356
sun,42,train,sun_00359
sun,42,train,sun_00361
sun,42,train,sun_00362
sun,42,train,sun_00363
sun,42,train,sun_00366
sun,42,train,sun_00367
sun,42,train,sun_00368
sun,42,train,sun_00371
sun,42,train,sun_00373
sun,42,train,sun_00374
sun,42,train,sun_00376
sun,42,train,sun_00377
sun,42,train,sun_00380
sun,42,train,sun_00381
sun,42,train,sun_00382
sun,42,train,sun_00383
sun,42,train,sun_00386
sun,42,train,sun_00387
sun,42,train,sun_00388
sun,42,train,sun_00390
sun,42,train,sun_00391
sun,42,train,sun_00394
sun,42,train,sun_00395
sun,42,train,sun_00397
sun,42,train,sun_00398
sun,42,train,sun_00401
sun,42,train,sun_00404
sun,42,train,sun_00405
sun,42,train,sun_00406
sun,42,train,sun_00408
sun,42,train,sun_00409
sun,42,train,sun_00411
sun,42,train,sun_00413
sun,42,train,sun_00419
sun,42,train,sun_00420
sun,42,train,sun_00422
sun,42,train,sun_00423
sun,42,train,sun_00424
sun,42,train,sun_00425
sun,42,train,sun_00427
sun,42,train,sun_00428
sun,42,train,sun_00429
sun,42,train,sun_00430
sun,42,train,sun_00431
sun,42,train,sun_00432
sun,42,train,sun_00433
sun,42,train,sun_00434
sun,42,train,sun_00435
sun,42,train,sun_00436
sun,42,train,sun_00439
sun,42,train,sun_00440
sun,42,train,sun_00441
sun,42,train,sun_00442
sun,42,train,sun_00445
sun,42,train,sun_00446
sun,42,train,sun_00447
sun,42,train,sun_00448
sun,42,train,sun_00449
sun,42,train,sun_00451
sun,42,train,sun_00453
sun,42,train,sun_00454
sun,42,train,sun_00455
sun,42,train,sun_00456
sun,42,train,sun_00458
sun,42,train,sun_00462
sun,42,train,sun_00463
sun,42,train,sun_00464
sun,42,train,sun_00465
sun,42,train,sun_00466
sun,42,train,sun_00467
sun,42,train,sun_00469
sun,42,train,sun_00470
sun,42,train,sun_00473
sun,42,train,sun_00474
sun,42,train,sun_00478
sun,42,train,sun_00479
sun,42,train,sun_00480
sun,42,train,sun_00481
sun,42,train,sun_00483
sun,42,train,sun_00484
sun,42,train,sun_00485
sun,42,train,sun_00486
sun,42,train,sun_00487
sun,42,train,sun_00488
sun,42,train,sun_00491
sun,42,train,sun_00493
sun,42,train,sun_00494
sun,42,train,sun_00496
sun,42,train,sun_00497
sun,42,train,sun_00498
sun,42,train,sun_00499
sun,42,train,sun_00501
sun,42,train,sun_00503
sun,42,train,sun_00504
sun,42,train,sun_00505
sun,42,train,sun_00506
sun,42,train,sun_00507
sun,42,train,sun_00508
sun,42,train,sun_00512
sun,42,train,sun_00513
sun,42,train,sun_00514
sun,42,train,sun_00519
sun,42,train,sun_00520
sun,42,train,sun_00522
sun,42,train,sun_00523
sun,42,train,sun_00525
sun,42,train,sun_00526
sun,42,train,sun_00531
sun,42,train,sun_00532
sun,42,train,sun_00534
sun,42,train,sun_00535
sun,42,train,sun_00536
sun,42,train,sun_00537
sun,42,train,sun_00538
sun,42,train,sun_00539
sun,42,train,sun_00541
sun,42,train,sun_00542
sun,42,train,sun_00543
sun,42,train,sun_00544
sun,42,train,sun_00546
sun,42,train,sun_00548
sun,42,train,sun_00549
sun,42,train,sun_00550
sun,42,train,sun_00552
sun,42,train,sun_00553
sun,42,train,sun_00555
sun,42,train,sun_00556
sun,42,train,sun_00558
sun,42,train,sun_00560
sun,42,train,sun_00561
sun,42,train,sun_00563
sun,42,train,sun_00565
sun,42,train,sun_00566
sun,42,train,sun_00567
sun,42,train,sun_00568
sun,42,train,sun_00570
sun,42,train,sun_00571
sun,42,train,sun_00572
sun,42,train,sun_00573
sun,42,train,sun_00575
sun,42,train,sun_00576
sun,42,train,sun_00578
sun,42,train,sun_00579
sun,42,train,sun_00581
sun,42,train,sun_00582
sun,42,train,sun_00583
sun,42,train,sun_00584
sun,42,train,sun_00585
sun,42,train,sun_00586
sun,42,train,sun_00587
sun,42,train,sun_00589
sun,42,train,sun_00590
sun,42,train,sun_00592
sun,42,train,sun_00593
sun,42,train,sun_00594
sun,42,train,sun_00595
sun,42,train,sun_00597
sun,42,train,sun_00601
sun,42,train,sun_00602
sun,42,train,sun_00603
sun,42,train,sun_00604
sun,42,train,sun_00605
sun,42,train,sun_00606
sun,42,train,sun_00607
sun,42,train,sun_00610
sun,42,train,sun_00611
sun,42,train,sun_00612
sun,42,train,sun_00614
sun,42,train,sun_00615
sun,42,train,sun_00616
sun,42,train,sun_00617
sun,42,train,sun_00618
sun,42,train,sun_00620
sun,42,train,sun_00622
sun,42,train,sun_00626
sun,42,train,sun_00627
sun,42,train,sun_00628
sun,42,train,sun_00629
sun,42,train,sun_00630
sun,42,train,sun_00631
sun,42,train,sun_00634
sun,42,train,sun_00635
sun,42,train,sun_00637
sun,42,train,sun_00640
sun,42,train,sun_00642
sun,42,train,sun_00643
sun,42,train,sun_00644
sun,42,train,sun_00648
sun,42,train,sun_00650
sun,42,train,sun_00651
sun,42,train,sun_00652
sun,42,train,sun_00654
sun,42,train,sun_00655
sun,42,train,sun_00657
sun,42,train,sun_00661
sun,42,train,sun_00663
sun,42,train,sun_00664
sun,42,train,sun_00665
sun,42,train,sun_00666
sun,42,train,sun_00667
sun,42,train,sun_00668
sun,42,train,sun_00670
sun,42,train,sun_00673
sun,42,train,sun_00674
sun,42,train,sun_00675
sun,42,train,sun_00676
sun,42,train,sun_00677
sun,42,train,sun_00678
sun,42,train,sun_00679
sun,42,train,sun_00681
sun,42,train,sun_00682
sun,42,train,sun_00683
sun,42,train,sun_00684
sun,42,train,sun_00687
sun,42,train,sun_00688
sun,42,train,sun_00689
sun,42,train,sun_00691
sun,42,train,sun_00692
sun,42,train,sun_00694
sun,42,train,sun_00695
sun,42,train,sun_00698
sun,42,train,sun_00699
sun,42,train,sun_00700
sun,42,train,sun_00705
sun,42,train,sun_00707
sun,42,train,sun_00709
sun,42,train,sun_00710
sun,42,train,sun_00711
sun,42,train,sun_00712
sun,42,train,sun_00713
sun,42,train,sun_00714
sun,42,train,sun_00716
sun,42,train,sun_00717
sun,42,train,sun_00719
sun,42,train,sun_00720
sun,42,train,sun_00721
sun,42,train,sun_00722
sun,42,train,sun_00723
sun,42,train,sun_00724
sun,42,train,sun_00725
sun,42,train,sun_00726
sun,42,train,sun_00727
sun,42,train,sun_00728
sun,42,train,sun_00729
sun,42,train,sun_00732
sun,42,train,sun_00734
sun,42,train,sun_00737
sun,42,train,sun_00738
sun,42,train,sun_00739
sun,42,train,sun_00740
sun,42,train,sun_00741
sun,42,train,sun_00743
sun,42,train,sun_00745
sun,42,train,sun_00746
sun,42,train,sun_00748
sun,42,train,sun_00752
sun,42,train,sun_00753
sun,42,train,sun_00754
sun,42,train,sun_00756
sun,42,train,sun_00757
sun,42,train,sun_00759
sun,42,train,sun_00760
sun,42,train,sun_00761
sun,42,train,sun_00764
sun,42,train,sun_00767
sun,42,train,sun_00768
sun,42,train,sun_00770
sun,42,train,sun_00771
sun,42,train,sun_00772
sun,42,train,sun_00774
sun,42,train,sun_00776
sun,42,train,sun_00777
sun,42,train,sun_00779
sun,42,train,sun_00781
sun,42,train,sun_00782
sun,42,train,sun_00783
sun,42,train,sun_00784
sun,42,train,sun_00785
sun,42,train,sun_00786
sun,42,train,sun_00788
sun,42,train,sun_00790
sun,42,train,sun_00792
sun,42,train,sun_00796
sun,42,train,sun_00797
sun,42,train,sun_00799
sun,42,train,sun_00801
sun,42,train,sun_00802
sun,42,train,sun_00803
sun,42,train,sun_00804
sun,42,train,sun_00806
sun,42,train,sun_00807
sun,42,train,sun_00808
sun,42,train,sun_00809
sun,42,train,sun_00810
sun,42,train,sun_00811
sun,42,train,sun_00812
sun,42,train,sun_00813
sun,42,train,sun_00815
sun,42,train,sun_00816
sun,42,train,sun_00817
sun,42,train,sun_00820
sun,42,train,sun_00823
sun,42,train,sun_00824
sun,42,train,sun_00825
sun,42,train,sun_00830
sun,42,train,sun_00831
sun,42,train,sun_00832
sun,42,train,sun_00835
sun,42,train,sun_00838
sun,42,train,sun_00841
sun,42,train,sun_00842
sun,42,train,sun_00843
sun,42,train,sun_00844
sun,42,train,sun_00845
sun,42,train,sun_00848
sun,42,train,sun_00850
sun,42,train,sun_00852
sun,42,train,sun_00853
sun,42,train,sun_00854
sun,42,train,sun_00855
sun,42,train,sun_00858
sun,42,train,sun_00859
sun,42,train,sun_00860
sun,42,train,sun_00862
sun,42,train,sun_00863
sun,42,train,sun_00864
sun,42,train,sun_00868
sun,42,train,sun_00869
sun,42,train,sun_00873
sun,42,train,sun_00874
sun,42,train,sun_00875
sun,42,train,sun_00877
sun,42,train,sun_00878
sun,42,train,sun_00879
sun,42,train,sun_00880
sun,42,train,sun_00881
sun,42,train,sun_00884
sun,42,train,sun_00885
sun,42,train,sun_00886
sun,42,train,sun_00887
sun,42,train,sun_00888
sun,42,train,sun_00889
sun,42,train,sun_00890
sun,42,train,sun_00891
sun,42,train,sun_00893
sun,42,train,sun_00894
sun,42,train,sun_00895
sun,42,train,sun_00896
sun,42,train,sun_00897
sun,42,train,sun_00900
sun,42,train,sun_00902
sun,42,train,sun_00903
sun,42,train,sun_00904
sun,42,train,sun_00906
sun,42,train,sun_00907
sun,42,train,sun_00908
sun,42,train,sun_00909
sun,42,train,sun_00910
sun,42,train,sun_00912
sun,42,train,sun_00913
sun,42,train,sun_00914
sun,42,train,sun_00915
sun,42,train,sun_00917
sun,42,train,sun_00919
sun,42,train,sun_00920
sun,42,train,sun_00921
sun,42,train,sun_00922
sun,42,train,sun_00923
sun,42,train,sun_00926
sun,42,train,sun_00927
sun,42,train,sun_00928
sun,42,train,sun_00929
sun,42,train,sun_00930
sun,42,train,sun_00931
sun,42,train,sun_00933
sun,42,train,sun_00934
sun,42,train,sun_00935
sun,42,train,sun_00938
sun,42,train,sun_00939
sun,42,train,sun_00941
sun,42,train,sun_00942
sun,42,train,sun_00944
sun,42,train,sun_00947
sun,42,train,sun_00948
sun,42,train,sun_00949
sun,42,train,sun_00950
sun,42,train,sun_00951
sun,42,train,sun_00953
sun,42,train,sun_00954
sun,42,train,sun_00955
sun,42,train,sun_00956
sun,42,train,sun_00957
sun,42,train,sun_00961
sun,42,train,sun_00964
sun,42,train,sun_00966
sun,42,train,sun_00967
sun,42,train,sun_00968
sun,42,train,sun_00971
sun,42,train,sun_00973
sun,42,train,sun_00974
sun,42,train,sun_00975
sun,42,train,sun_00976
sun,42,train,sun_00977
sun,42,train,sun_00979
sun,42,train,sun_00980
sun,42,train,sun_00981
sun,42,train,sun_00983
sun,42,train,sun_00984
sun,42,train,sun_00985
sun,42,train,sun_00986
sun,42,train,sun_00987
sun,42,train,sun_00988
sun,42,train,sun_00992
sun,42,train,sun_00993
sun,42,train,sun_00994
sun,42,train,sun_00998
sun,42,train,sun_00999
sun,42,train,sun_01001
sun,42,train,sun_01003
sun,42,train,sun_01004
sun,42,train,sun_01005
sun,42,train,sun_01006
sun,42,train,sun_01009
sun,42,train,sun_01010
sun,42,train,sun_01012
sun,42,train,sun_01013
sun,42,train,sun_01016
sun,42,train,sun_01018
sun,42,train,sun_01020
sun,42,train,sun_01023
sun,42,train,sun_01024
sun,42,train,sun_01026
sun,42,train,sun_01028
sun,42,train,sun_01029
sun,42,train,sun_01031
sun,42,train,sun_01032
sun,42,train,sun_01033
sun,42,train,sun_01034
sun,42,train,sun_01036
sun,42,train,sun_01037
sun,42,train,sun_01039
sun,42,train,sun_01045
sun,42,train,sun_01048
sun,42,train,sun_01051
sun,42,train,sun_01053
sun,42,train,sun_01055
sun,42,train,sun_01056
sun,42,train,sun_01059
sun,42,train,sun_01060
sun,42,train,sun_01062
sun,42,train,sun_01064
sun,42,train,sun_01065
sun,42,train,sun_01066
sun,42,train,sun_01067
sun,42,train,sun_01068
sun,42,train,sun_01070
sun,42,train,sun_01073
sun,42,train,sun_01074
sun,42,train,sun_01078
sun,42,train,sun_01079
sun,42,train,sun_01080
sun,42,train,sun_01081
sun,42,train,sun_01082
sun,42,train,sun_01083
sun,42,train,sun_01085
sun,42,train,sun_01087
sun,42,train,sun_01088
sun,42,train,sun_01089
sun,42,train,sun_01090
sun,42,train,sun_01091
sun,42,train,sun_01092
sun,42,train,sun_01093
sun,42,train,sun_01097
sun,42,train,sun_01098
sun,42,train,sun_01100
sun,42,train,sun_01101
sun,42,train,sun_01103
sun,42,train,sun_01104
sun,42,train,sun_01107
sun,42,train,sun_01109
sun,42,train,sun_01112
sun,42,train,sun_01114
sun,42,train,sun_01115
sun,42,train,sun_01116
sun,42,train,sun_01118
sun,42,train,sun_01120
sun,42,train,sun_01121
sun,42,train,sun_01122
sun,42,val,sun_00018
sun,42,val,sun_00021
sun,42,val,sun_00033
sun,42,val,sun_00041
sun,42,val,sun_00046
sun,42,val,sun_00050
sun,42,val,sun_00052
sun,42,val,sun_00057
sun,42,val,sun_00090
sun,42,val,sun_00091
sun,42,val,sun_00093
sun,42,val,sun_00098
sun,42,val,sun_00105
sun,42,val,sun_00124
sun,42,val,sun_00140
sun,42,val,sun_00143
sun,42,val,sun_00155
sun,42,val,sun_00160
sun,42,val,sun_00171
sun,42,val,sun_00173
sun,42,val,sun_00175
sun,42,val,sun_00180
sun,42,val,sun_00194
sun,42,val,sun_00195
sun,42,val,sun_00200
sun,42,val,sun_00201
sun,42,val,sun_00202
sun,42,val,sun_00203
sun,42,val,sun_00221
sun,42,val,sun_00222
sun,42,val,sun_00223
sun,42,val,sun_00226
sun,42,val,sun_00230
sun,42,val,sun_00236
sun,42,val,sun_00241
sun,42,val,sun_00245
sun,42,val,sun_00253
sun,42,val,sun_00255
sun,42,val,sun_00258
sun,42,val,sun_00263
sun,42,val,sun_00267
sun,42,val,sun_00272
sun,42,val,sun_00278
sun,42,val,sun_00285
sun,42,val,sun_00295
sun,42,val,sun_00300
sun,42,val,sun_00311
sun,42,val,sun_00313
sun,42,val,sun_00317
sun,42,val,sun_00364
sun,42,val,sun_00365
sun,42,val,sun_00369
sun,42,val,sun_00384
sun,42,val,sun_00392
sun,42,val,sun_00399
sun,42,val,sun_00400
sun,42,val,sun_00412
sun,42,val,sun_00416
sun,42,val,sun_00418
sun,42,val,sun_00437
sun,42,val,sun_00438
sun,42,val,sun_00457
sun,42,val,sun_00471
sun,42,val,sun_00472
sun,42,val,sun_00489
sun,42,val,sun_00492
sun,42,val,sun_00502
sun,42,val,sun_00510
sun,42,val,sun_00511
sun,42,val,sun_00515
sun,42,val,sun_00516
sun,42,val,sun_00517
sun,42,val,sun_00521
sun,42,val,sun_00524
sun,42,val,sun_00528
sun,42,val,sun_00547
sun,42,val,sun_00551
sun,42,val,sun_00554
sun,42,val,sun_00557
sun,42,val,sun_00559
sun,42,val,sun_00569
sun,42,val,sun_00574
sun,42,val,sun_00591
sun,42,val,sun_00596
sun,42,val,sun_00598
sun,42,val,sun_00599
sun,42,val,sun_00600
sun,42,val,sun_00613
sun,42,val,sun_00624
sun,42,val,sun_00633
sun,42,val,sun_00646
sun,42,val,sun_00649
sun,42,val,sun_00653
sun,42,val,sun_00660
sun,42,val,sun_00669
sun,42,val,sun_00672
sun,42,val,sun_00680
sun,42,val,sun_00696
sun,42,val,sun_00697
sun,42,val,sun_00702
sun,42,val,sun_00703
sun,42,val,sun_00704
sun,42,val,sun_00715
sun,42,val,sun_00718
sun,42,val,sun_00736
sun,42,val,sun_00744
sun,42,val,sun_00751
sun,42,val,sun_00755
sun,42,val,sun_00765
sun,42,val,sun_00769
sun,42,val,sun_00778
sun,42,val,sun_00780
sun,42,val,sun_00787
sun,42,val,sun_00795
sun,42,val,sun_00798
sun,42,val,sun_00818
sun,42,val,sun_00819
sun,42,val,sun_00821
sun,42,val,sun_00826
sun,42,val,sun_00829
sun,42,val,sun_00833
sun,42,val,sun_00834
sun,42,val,sun_00836
sun,42,val,sun_00846
sun,42,val,sun_00847
sun,42,val,sun_00849
sun,42,val,sun_00851
sun,42,val,sun_00882
sun,42,val,sun_00883
sun,42,val,sun_00892
sun,42,val,sun_00898
sun,42,val,sun_00901
sun,42,val,sun_00905
sun,42,val,sun_00916
sun,42,val,sun_00918
sun,42,val,sun_00925
sun,42,val,sun_00940
sun,42,val,sun_00946
sun,42,val,sun_00958
sun,42,val,sun_00965
sun,42,val,sun_00969
sun,42,val,sun_00970
sun,42,val,sun_00978
sun,42,val,sun_00989
sun,42,val,sun_00991
sun,42,val,sun_00995
sun,42,val,sun_00997
sun,42,val,sun_01007
sun,42,val,sun_01011
sun,42,val,sun_01015
sun,42,val,sun_01017
sun,42,val,sun_01019
sun,42,val,sun_01022
sun,42,val,sun_01041
sun,42,val,sun_01042
sun,42,val,sun_01043
sun,42,val,sun_01047
sun,42,val,sun_01050
sun,42,val,sun_01063
sun,42,val,sun_01069
sun,42,val,sun_01077
sun,42,val,sun_01084
sun,42,val,sun_01099
sun,42,val,sun_01105
sun,42,val,sun_01106
sun,42,val,sun_01108
sun,42,val,sun_01117
sun,42,val,sun_01119
sun,42,test,sun_00000
sun,42,test,sun_00015
sun,42,test,sun_00029
sun,42,test,sun_00032
sun,42,test,sun_00040
sun,42,test,sun_00043
sun,42,test,sun_00053
sun,42,test,sun_00064
sun,42,test,sun_00068
sun,42,test,sun_00075
sun,42,test,sun_00077
sun,42,test,sun_00079
sun,42,test,sun_00082
sun,42,test,sun_00102
sun,42,test,sun_00111
sun,42,test,sun_00112
sun,42,test,sun_00116
sun,42,test,sun_00123
sun,42,test,sun_00126
sun,42,test,sun_00127
sun,42,test,sun_00129
sun,42,test,sun_00131
sun,42,test,sun_00133
sun,42,test,sun_00146
sun,42,test,sun_00150
sun,42,test,sun_00159
sun,42,test,sun_00161
sun,42,test,sun_00166
sun,42,test,sun_00170
sun,42,test,sun_00172
sun,42,test,sun_00179
sun,42,test,sun_00182
sun,42,test,sun_00187
sun,42,test,sun_00188
sun,42,test,sun_00189
sun,42,test,sun_00191
sun,42,test,sun_00193
sun,42,test,sun_00211
sun,42,test,sun_00212
sun,42,test,sun_00217
sun,42,test,sun_00224
sun,42,test,sun_00225
sun,42,test,sun_00228
sun,42,test,sun_00235
sun,42,test,sun_00237
sun,42,test,sun_00251
sun,42,test,sun_00259
sun,42,test,sun_00264
sun,42,test,sun_00266
sun,42,test,sun_00268
sun,42,test,sun_00281
sun,42,test,sun_00293
sun,42,test,sun_00301
sun,42,test,sun_00302
sun,42,test,sun_00304
sun,42,test,sun_00307
sun,42,test,sun_00310
sun,42,test,sun_00312
sun,42,test,sun_00322
sun,42,test,sun_00325
sun,42,test,sun_00326
sun,42,test,sun_00337
sun,42,test,sun_00340
sun,42,test,sun_00341
sun,42,test,sun_00343
sun,42,test,sun_00345
sun,42,test,sun_00350
sun,42,test,sun_00357
sun,42,test,sun_00358
sun,42,test,sun_00360
sun,42,test,sun_00370
sun,42,test,sun_00372
sun,42,test,sun_00375
sun,42,test,sun_00378
sun,42,test,sun_00379
sun,42,test,sun_00385
sun,42,test,sun_00389
sun,42,test,sun_00393
sun,42,test,sun_00396
sun,42,test,sun_00402
sun,42,test,sun_00403
sun,42,test,sun_00407
sun,42,test,sun_00410
sun,42,test,sun_00414
sun,42,test,sun_00415
sun,42,test,sun_00417
sun,42,test,sun_00421
sun,42,test,sun_00426
sun,42,test,sun_00443
sun,42,test,sun_00444
sun,42,test,sun_00450
sun,42,test,sun_00452
sun,42,test,sun_00459
sun,42,test,sun_00460
sun,42,test,sun_00461
sun,42,test,sun_00468
sun,42,test,sun_00475
sun,42,test,sun_00476
sun,42,test,sun_00477
sun,42,test,sun_00482
sun,42,test,sun_00490
sun,42,test,sun_00495
sun,42,test,sun_00500
sun,42,test,sun_00509
sun,42,test,sun_00518
sun,42,test,sun_00527
sun,42,test,sun_00529
sun,42,test,sun_00530
sun,42,test,sun_00533
sun,42,test,sun_00540
sun,42,test,sun_00545
sun,42,test,sun_00562
sun,42,test,sun_00564
sun,42,test,sun_00577
sun,42,test,sun_00580
sun,42,test,sun_00588
sun,42,test,sun_00608
sun,42,test,sun_00609
sun,42,test,sun_00619
sun,42,test,sun_00621
sun,42,test,sun_00623
sun,42,test,sun_00625
sun,42,test,sun_00632
sun,42,test,sun_00636
sun,42,test,sun_00638
sun,42,test,sun_00639
sun,42,test,sun_00641
sun,42,test,sun_00645
sun,42,test,sun_00647
sun,42,test,sun_00656
sun,42,test,sun_00658
sun,42,test,sun_00659
sun,42,test,sun_00662
sun,42,test,sun_00671
sun,42,test,sun_00685
sun,42,test,sun_00686
sun,42,test,sun_00690
sun,42,test,sun_00693
sun,42,test,sun_00701
sun,42,test,sun_00706
sun,42,test,sun_00708
sun,42,test,sun_00730
sun,42,test,sun_00731
sun,42,test,sun_00733
sun,42,test,sun_00735
sun,42,test,sun_00742
sun,42,test,sun_00747
sun,42,test,sun_00749
sun,42,test,sun_00750
sun,42,test,sun_00758
sun,42,test,sun_00762
sun,42,test,sun_00763
sun,42,test,sun_00766
sun,42,test,sun_00773
sun,42,test,sun_00775
sun,42,test,sun_00789
sun,42,test,sun_00791
sun,42,test,sun_00793
sun,42,test,sun_00794
sun,42,test,sun_00800
sun,42,test,sun_00805
sun,42,test,sun_00814
sun,42,test,sun_00822
sun,42,test,sun_00827
sun,42,test,sun_00828
sun,42,test,sun_00837
sun,42,test,sun_00839
sun,42,test,sun_00840
sun,42,test,sun_00856
sun,42,test,sun_00857
sun,42,test,sun_00861
sun,42,test,sun_00865
sun,42,test,sun_00866
sun,42,test,sun_00867
sun,42,test,sun_00870
sun,42,test,sun_00871
sun,42,test,sun_00872
sun,42,test,sun_00876
sun,42,test,sun_00899
sun,42,test,sun_00911
sun,42,test,sun_00924
sun,42,test,sun_00932
sun,42,test,sun_00936
sun,42,test,sun_00937
sun,42,test,sun_00943
sun,42,test,sun_00945
sun,42,test,sun_00952
sun,42,test,sun_00959
sun,42,test,sun_00960
sun,42,test,sun_00962
sun,42,test,sun_00963
sun,42,test,sun_00972
sun,42,test,sun_00982
sun,42,test,sun_00990
sun,42,test,sun_00996
sun,42,test,sun_01000
sun,42,test,sun_01002
sun,42,test,sun_01008
sun,42,test,sun_01014
sun,42,test,sun_01021
sun,42,test,sun_01025
sun,42,test,sun_01027
sun,42,test,sun_01030
sun,42,test,sun_01035
sun,42,test,sun_01038
sun,42,test,sun_01040
sun,42,test,sun_01044
sun,42,test,sun_01046
sun,42,test,sun_01049
sun,42,test,sun_01052
sun,42,test,sun_01054
sun,42,test,sun_01057
sun,42,test,sun_01058
sun,42,test,sun_01061
sun,42,test,sun_01071
sun,42,test,sun_01072
sun,42,test,sun_01075
sun,42,test,sun_01076
sun,42,test,sun_01086
sun,42,test,sun_01094
sun,42,test,sun_01095
sun,42,test,sun_01096
sun,42,test,sun_01102
sun,42,test,sun_01110
sun,42,test,sun_01111
sun,42,test,sun_01113
jav,42,train,jav_00000
jav,42,train,jav_00001
jav,42,train,jav_00003
jav,42,train,jav_00005
jav,42,train,jav_00006
jav,42,train,jav_00007
jav,42,train,jav_00008
jav,42,train,jav_00009
jav,42,train,jav_00011
jav,42,train,jav_00012
jav,42,train,jav_00015
jav,42,train,jav_00016
jav,42,train,jav_00018
jav,42,train,jav_00019
jav,42,train,jav_00020
jav,42,train,jav_00022
jav,42,train,jav_00023
jav,42,train,jav_00026
jav,42,train,jav_00027
jav,42,train,jav_00028
jav,42,train,jav_00029
jav,42,train,jav_00030
jav,42,train,jav_00031
jav,42,train,jav_00032
jav,42,train,jav_00036
jav,42,train,jav_00037
jav,42,train,jav_00038
jav,42,train,jav_00039
jav,42,train,jav_00040
jav,42,train,jav_00041
jav,42,train,jav_00042
jav,42,train,jav_00044
jav,42,train,jav_00045
jav,42,train,jav_00047
jav,42,train,jav_00048
jav,42,train,jav_00050
jav,42,train,jav_00053
jav,42,train,jav_00054
jav,42,train,jav_00055
jav,42,train,jav_00056
jav,42,train,jav_00057
jav,42,train,jav_00059
jav,42,train,jav_00060
jav,42,train,jav_00062
jav,42,train,jav_00064
jav,42,train,jav_00065
jav,42,train,jav_00066
jav,42,train,jav_00067
jav,42,train,jav_00070
jav,42,train,jav_00075
jav,42,train,jav_00076
jav,42,train,jav_00077
jav,42,train,jav_00078
jav,42,train,jav_00079
jav,42,train,jav_00080
jav,42,train,jav_00081
jav,42,train,jav_00082
jav,42,train,jav_00083
jav,42,train,jav_00084
jav,42,train,jav_00085
jav,42,train,jav_00086
jav,42,train,jav_00088
jav,42,train,jav_00089
jav,42,train,jav_00092
jav,42,train,jav_00093
jav,42,train,jav_00094
jav,42,train,jav_00097
jav,42,train,jav_00104
jav,42,train,jav_00105
jav,42,train,jav_00106
jav,42,train,jav_00107
jav,42,train,jav_00108
jav,42,train,jav_00109
jav,42,train,jav_00111
jav,42,train,jav_00112
jav,42,train,jav_00113
jav,42,train,jav_00114
jav,42,train,jav_00116
jav,42,train,jav_00117
jav,42,train,jav_00122
jav,42,train,jav_00123
jav,42,train,jav_00124
jav,42,train,jav_00125
jav,42,train,jav_00126
jav,42,train,jav_00127
jav,42,train,jav_00129
jav,42,train,jav_00132
jav,42,train,jav_00133
jav,42,train,jav_00136
jav,42,train,jav_00137
jav,42,train,jav_00138
jav,42,train,jav_00140
jav,42,train,jav_00141
jav,42,train,jav_00143
jav,42,train,jav_00146
jav,42,train,jav_00148
jav,42,train,jav_00149
jav,42,train,jav_00150
jav,42,val,jav_00004
jav,42,val,jav_00013
jav,42,val,jav_00014
jav,42,val,jav_00021
jav,42,val,jav_00024
jav,42,val,jav_00034
jav,42,val,jav_00046
jav,42,val,jav_00051
jav,42,val,jav_00052
jav,42,val,jav_00068
jav,42,val,jav_00071
jav,42,val,jav_00074
jav,42,val,jav_00095
jav,42,val,jav_00096
jav,42,val,jav_00098
jav,42,val,jav_00102
jav,42,val,jav_00115
jav,42,val,jav_00130
jav,42,val,jav_00142
jav,42,val,jav_00144
jav,42,val,jav_00145
jav,42,val,jav_00147
jav,42,test,jav_00002
jav,42,test,jav_00010
jav,42,test,jav_00017
jav,42,test,jav_00025
jav,42,test,jav_00033
jav,42,test,jav_00035
jav,42,test,jav_00043
jav,42,test,jav_00049
jav,42,test,jav_00058
jav,42,test,jav_00061
jav,42,test,jav_00063
jav,42,test,jav_00069
jav,42,test,jav_00072
jav,42,test,jav_00073
jav,42,test,jav_00087
jav,42,test,jav_00090
jav,42,test,jav_00091
jav,42,test,jav_00099
jav,42,test,jav_00100
jav,42,test,jav_00101
jav,42,test,jav_00103
jav,42,test,jav_00110
jav,42,test,jav_00118
jav,42,test,jav_00119
jav,42,test,jav_00120
jav,42,test,jav_00121
jav,42,test,jav_00128
jav,42,test,jav_00131
jav,42,test,jav_00134
jav,42,test,jav_00135
jav,42,test,jav_00139
ind,42,train,ind_00000
ind,42,train,ind_00002
ind,42,train,ind_00003
ind,42,train,ind_00004
ind,42,train,ind_00006
ind,42,train,ind_00007
ind,42,train,ind_00009
ind,42,train,ind_00010
ind,42,train,ind_00011
ind,42,train,ind_00012
ind,42,train,ind_00013
ind,42,train,ind_00014
ind,42,train,ind_00017
ind,42,train,ind_00021
ind,42,train,ind_00022
ind,42,train,ind_00023
ind,42,train,ind_00024
ind,42,train,ind_00025
ind,42,train,ind_00026
ind,42,train,ind_00027
ind,42,train,ind_00028
ind,42,train,ind_00030
ind,42,train,ind_00031
ind,42,train,ind_00032
ind,42,train,ind_00036
ind,42,train,ind_00037
ind,42,train,ind_00039
ind,42,train,ind_00040
ind,42,train,ind_00041
ind,42,train,ind_00042
ind,42,train,ind_00043
ind,42,train,ind_00045
ind,42,train,ind_00046
ind,42,train,ind_00047
ind,42,train,ind_00048
ind,42,train,ind_00049
ind,42,train,ind_00050
ind,42,train,ind_00051
ind,42,train,ind_00053
ind,42,train,ind_00054
ind,42,train,ind_00055
ind,42,train,ind_00056
ind,42,train,ind_00060
ind,42,train,ind_00061
ind,42,train,ind_00066
ind,42,train,ind_00067
ind,42,train,ind_00068
ind,42,train,ind_00069
ind,42,train,ind_00071
ind,42,train,ind_00072
ind,42,train,ind_00073
ind,42,train,ind_00078
ind,42,train,ind_00082
ind,42,train,ind_00083
ind,42,train,ind_00085
ind,42,train,ind_00086
ind,42,train,ind_00087
ind,42,train,ind_00089
ind,42,train,ind_00091
ind,42,train,ind_00092
ind,42,train,ind_00093
ind,42,train,ind_00094
ind,42,train,ind_00096
ind,42,train,ind_00097
ind,42,train,ind_00098
ind,42,train,ind_00100
ind,42,train,ind_00101
ind,42,train,ind_00103
ind,42,train,ind_00104
ind,42,train,ind_00108
ind,42,train,ind_00110
ind,42,train,ind_00112
ind,42,train,ind_00114
ind,42,train,ind_00115
ind,42,train,ind_00116
ind,42,train,ind_00117
ind,42,train,ind_00119
ind,42,train,ind_00121
ind,42,train,ind_00122
ind,42,train,ind_00123
ind,42,train,ind_00124
ind,42,train,ind_00125
ind,42,train,ind_00126
ind,42,train,ind_00127
ind,42,train,ind_00129
ind,42,train,ind_00131
ind,42,train,ind_00132
ind,42,train,ind_00134
ind,42,train,ind_00135
ind,42,train,ind_00139
ind,42,train,ind_00141
ind,42,train,ind_00144
ind,42,train,ind_00145
ind,42,train,ind_00147
ind,42,train,ind_00148
ind,42,train,ind_00149
ind,42,train,ind_00152
ind,42,train,ind_00153
ind,42,train,ind_00154
ind,42,train,ind_00155
ind,42,val,ind_00008
ind,42,val,ind_00016
ind,42,val,ind_00029
ind,42,val,ind_00033
ind,42,val,ind_00052
ind,42,val,ind_00059
ind,42,val,ind_00065
ind,42,val,ind_00070
ind,42,val,ind_00074
ind,42,val,ind_00076
ind,42,val,ind_00079
ind,42,val,ind_00080
ind,42,val,ind_00099
ind,42,val,ind_00102
ind,42,val,ind_00105
ind,42,val,ind_00118
ind,42,val,ind_00130
ind,42,val,ind_00133
ind,42,val,ind_00137
ind,42,val,ind_00138
ind,42,val,ind_00142
ind,42,val,ind_00146
ind,42,val,ind_00151
ind,42,test,ind_00001
ind,42,test,ind_00005
ind,42,test,ind_00015
ind,42,test,ind_00018
ind,42,test,ind_00019
ind,42,test,ind_00020
ind,42,test,ind_00034
ind,42,test,ind_00035
ind,42,test,ind_00038
ind,42,test,ind_00044
ind,42,test,ind_00057
ind,42,test,ind_00058
ind,42,test,ind_00062
ind,42,test,ind_00063
ind,42,test,ind_00064
ind,42,test,ind_00075
ind,42,test,ind_00077
ind,42,test,ind_00081
ind,42,test,ind_00084
ind,42,test,ind_00088
ind,42,test,ind_00090
ind,42,test,ind_00095
ind,42,test,ind_00106
ind,42,test,ind_00107
ind,42,test,ind_00109
ind,42,test,ind_00111
ind,42,test,ind_00113
ind,42,test,ind_00120
ind,42,test,ind_00128
ind,42,test,ind_00136
ind,42,test,ind_00140
ind,42,test,ind_00143
ind,42,test,ind_00150
sun,7,train,sun_00000
sun,7,train,sun_00001
sun,7,train,sun_00002
sun,7,train,sun_00003
sun,7,train,sun_00004
sun,7,train,sun_00005
sun,7,train,sun_00006
sun,7,train,sun_00009
sun,7,train,sun_00010
sun,7,train,sun_00012
sun,7,train,sun_00013
sun,7,train,sun_00014
sun,7,train,sun_00015
sun,7,train,sun_00017
sun,7,train,sun_00018
sun,7,train,sun_00019
sun,7,train,sun_00021
sun,7,train,sun_00022
sun,7,train,sun_00023
sun,7,train,sun_00024
sun,7,train,sun_00025
sun,7,train,sun_00026
sun,7,train,sun_00027
sun,7,train,sun_00029
sun,7,train,sun_00031
sun,7,train,sun_00032
sun,7,train,sun_00034
sun,7,train,sun_00038
sun,7,train,sun_00040
sun,7,train,sun_00041
sun,7,train,sun_00043
sun,7,train,sun_00044
sun,7,train,sun_00046
sun,7,train,sun_00048
sun,7,train,sun_00051
sun,7,train,sun_00053
sun,7,train,sun_00054
sun,7,train,sun_00055
sun,7,train,sun_00057
sun,7,train,sun_00058
sun,7,train,sun_00059
sun,7,train,sun_00060
sun,7,train,sun_00063
sun,7,train,sun_00064
sun,7,train,sun_00066
sun,7,train,sun_00067
sun,7,train,sun_00068
sun,7,train,sun_00070
sun,7,train,sun_00071
sun,7,train,sun_00074
sun,7,train,sun_00075
sun,7,train,sun_00080
sun,7,train,sun_00081
sun,7,train,sun_00083
sun,7,train,sun_00085
sun,7,train,sun_00088
sun,7,train,sun_00090
sun,7,train,sun_00093
sun,7,train,sun_00094
sun,7,train,sun_00097
sun,7,train,sun_00098
sun,7,train,sun_00099
sun,7,train,sun_00103
sun,7,train,sun_00106
sun,7,train,sun_00108
sun,7,train,sun_00109
sun,7,train,sun_00110
sun,7,train,sun_00111
sun,7,train,sun_00112
sun,7,train,sun_00113
sun,7,train,sun_00114
sun,7,train,sun_00115
sun,7,train,sun_00118
sun,7,train,sun_00119
sun,7,train,sun_00122
sun,7,train,sun_00123
sun,7,train,sun_00124
sun,7,train,sun_00125
sun,7,train,sun_00128
sun,7,train,sun_00129
sun,7,train,sun_00130
sun,7,train,sun_00133
sun,7,train,sun_00134
sun,7,train,sun_00138
sun,7,train,sun_00139
sun,7,train,sun_00140
sun,7,train,sun_00141
sun,7,train,sun_00142
sun,7,train,sun_00143
sun,7,train,sun_00144
sun,7,train,sun_00145
sun,7,train,sun_00146
sun,7,train,sun_00147
sun,7,train,sun_00148
sun,7,train,sun_00149
sun,7,train,sun_00150
sun,7,train,sun_00151
sun,7,train,sun_00152
sun,7,train,sun_00153
sun,7,train,sun_00155
sun,7,train,sun_00156
sun,7,train,sun_00158
sun,7,train,sun_00159
sun,7,train,sun_00160
sun,7,train,sun_00163
sun,7,train,sun_00164
sun,7,train,sun_00167
sun,7,train,sun_00168
sun,7,train,sun_00169
sun,7,train,sun_00170
sun,7,train,sun_00171
sun,7,train,sun_00172
sun,7,train,sun_00174
sun,7,train,sun_00176
sun,7,train,sun_00177
sun,7,train,sun_00179
sun,7,train,sun_00180
sun,7,train,sun_00181
sun,7,train,sun_00182
sun,7,train,sun_00185
sun,7,train,sun_00186
sun,7,train,sun_00187
sun,7,train,sun_00188
sun,7,train,sun_00189
sun,7,train,sun_00190
sun,7,train,sun_00193
sun,7,train,sun_00195
sun,7,train,sun_00196
sun,7,train,sun_00197
sun,7,train,sun_00200
sun,7,train,sun_00201
sun,7,train,sun_00204
sun,7,train,sun_00205
sun,7,train,sun_00207
sun,7,train,sun_00209
sun,7,train,sun_00210
sun,7,train,sun_00211
sun,7,train,sun_00212
sun,7,train,sun_00214
sun,7,train,sun_00216
sun,7,train,sun_00217
sun,7,train,sun_00219
sun,7,train,sun_00220
sun,7,train,sun_00222
sun,7,train,sun_00224
sun,7,train,sun_00227
sun,7,train,sun_00228
sun,7,train,sun_00229
sun,7,train,sun_00230
sun,7,train,sun_00232
sun,7,train,sun_00233
sun,7,train,sun_00234
sun,7,train,sun_00236
sun,7,train,sun_00237
sun,7,train,sun_00238
sun,7,train,sun_00239
sun,7,train,sun_00243
sun,7,train,sun_00244
sun,7,train,sun_00245
sun,7,train,sun_00249
sun,7,train,sun_00250
sun,7,train,sun_00251
sun,7,train,sun_00252
sun,7,train,sun_00253
sun,7,train,sun_00255
sun,7,train,sun_00256
sun,7,train,sun_00257
sun,7,train,sun_00258
sun,7,train,sun_00259
sun,7,train,sun_00260
sun,7,train,sun_00261
sun,7,train,sun_00262
sun,7,train,sun_00263
sun,7,train,sun_00265
sun,7,train,sun_00266
sun,7,train,sun_00267
sun,7,train,sun_00270
sun,7,train,sun_00272
sun,7,train,sun_00273
sun,7,train,sun_00274
sun,7,train,sun_00276
sun,7,train,sun_00278
sun,7,train,sun_00279
sun,7,train,sun_00281
sun,7,train,sun_00282
sun,7,train,sun_00283
sun,7,train,sun_00285
sun,7,train,sun_00288
sun,7,train,sun_00289
sun,7,train,sun_00290
sun,7,train,sun_00293
sun,7,train,sun_00294
sun,7,train,sun_00295
sun,7,train,sun_00296
sun,7,train,sun_00297
sun,7,train,sun_00300
sun,7,train,sun_00301
sun,7,train,sun_00302
sun,7,train,sun_00305
sun,7,train,sun_00306
sun,7,train,sun_00308
sun,7,train,sun_00310
sun,7,train,sun_00311
sun,7,train,sun_00313
sun,7,train,sun_00314
sun,7,train,sun_00315
sun,7,train,sun_00316
sun,7,train,sun_00317
sun,7,train,sun_00318
sun,7,train,sun_00319
sun,7,train,sun_00320
sun,7,train,sun_00323
sun,7,train,sun_00324
sun,7,train,sun_00325
sun,7,train,sun_00326
sun,7,train,sun_00327
sun,7,train,sun_00328
sun,7,train,sun_00329
sun,7,train,sun_00330
sun,7,train,sun_00335
sun,7,train,sun_00336
sun,7,train,sun_00339
sun,7,train,sun_00344
sun,7,train,sun_00347
sun,7,train,sun_00350
sun,7,train,sun_00351
sun,7,train,sun_00353
sun,7,train,sun_00355
sun,7,train,sun_00356
sun,7,train,sun_00357
sun,7,train,sun_00358
sun,7,train,sun_00360
sun,7,train,sun_00362
sun,7,train,sun_00363
sun,7,train,sun_00366
sun,7,train,sun_00367
sun,7,train,sun_00370
sun,7,train,sun_00371
sun,7,train,sun_00372
sun,7,train,sun_00373
sun,7,train,sun_00374
sun,7,train,sun_00378
sun,7,train,sun_00379
sun,7,train,sun_00381
sun,7,train,sun_00383
sun,7,train,sun_00384
sun,7,train,sun_00385
sun,7,train,sun_00387
sun,7,train,sun_00388
sun,7,train,sun_00389
sun,7,train,sun_00390
sun,7,train,sun_00393
sun,7,train,sun_00394
sun,7,train,sun_00395
sun,7,train,sun_00396
sun,7,train,sun_00397
sun,7,train,sun_00398
sun,7,train,sun_00402
sun,7,train,sun_00403
sun,7,train,sun_00405
sun,7,train,sun_00406
sun,7,train,sun_00407
sun,7,train,sun_00408
sun,7,train,sun_00409
sun,7,train,sun_00410
sun,7,train,sun_00411
sun,7,train,sun_00412
sun,7,train,sun_00414
sun,7,train,sun_00415
sun,7,train,sun_00416
sun,7,train,sun_00417
sun,7,train,sun_00418
sun,7,train,sun_00420
sun,7,train,sun_00421
sun,7,train,sun_00422
sun,7,train,sun_00423
sun,7,train,sun_00424
sun,7,train,sun_00425
sun,7,train,sun_00426
sun,7,train,sun_00427
sun,7,train,sun_00429
sun,7,train,sun_00430
sun,7,train,sun_00431
sun,7,train,sun_00432
sun,7,train,sun_00435
sun,7,train,sun_00438
sun,7,train,sun_00439
sun,7,train,sun_00441
sun,7,train,sun_00442
sun,7,train,sun_00445
sun,7,train,sun_00446
sun,7,train,sun_00447
sun,7,train,sun_00448
sun,7,train,sun_00449
sun,7,train,sun_00452
sun,7,train,sun_00454
sun,7,train,sun_00455
sun,7,train,sun_00456
sun,7,train,sun_00457
sun,7,train,sun_00459
sun,7,train,sun_00460
sun,7,train,sun_00463
sun,7,train,sun_00464
sun,7,train,sun_00465
sun,7,train,sun_00466
sun,7,train,sun_00467
sun,7,train,sun_00468
sun,7,train,sun_00469
sun,7,train,sun_00470
sun,7,train,sun_00471
sun,7,train,sun_00472
sun,7,train,sun_00473
sun,7,train,sun_00474
sun,7,train,sun_00476
sun,7,train,sun_00478
sun,7,train,sun_00482
sun,7,train,sun_00483
sun,7,train,sun_00486
sun,7,train,sun_00487
sun,7,train,sun_00488
sun,7,train,sun_00489
sun,7,train,sun_00490
sun,7,train,sun_00492
sun,7,train,sun_00493
sun,7,train,sun_00496
sun,7,train,sun_00498
sun,7,train,sun_00502
sun,7,train,sun_00503
sun,7,train,sun_00504
sun,7,train,sun_00505
sun,7,train,sun_00506
sun,7,train,sun_00507
sun,7,train,sun_00508
sun,7,train,sun_00510
sun,7,train,sun_00511
sun,7,train,sun_00513
sun,7,train,sun_00514
sun,7,train,sun_00518
sun,7,train,sun_00519
sun,7,train,sun_00520
sun,7,train,sun_00521
sun,7,train,sun_00522
sun,7,train,sun_00523
sun,7,train,sun_00525
sun,7,train,sun_00527
sun,7,train,sun_00528
sun,7,train,sun_00529
sun,7,train,sun_00530
sun,7,train,sun_00531
sun,7,train,sun_00533
sun,7,train,sun_00534
sun,7,train,sun_00536
sun,7,train,sun_00537
sun,7,train,sun_00538
sun,7,train,sun_00540
sun,7,train,sun_00541
sun,7,train,sun_00543
sun,7,train,sun_00544
sun,7,train,sun_00547
sun,7,train,sun_00549
sun,7,train,sun_00550
sun,7,train,sun_00551
sun,7,train,sun_00553
sun,7,train,sun_00554
sun,7,train,sun_00555
sun,7,train,sun_00556
sun,7,train,sun_00557
sun,7,train,sun_00558
sun,7,train,sun_00561
sun,7,train,sun_00562
sun,7,train,sun_00563
sun,7,train,sun_00564
sun,7,train,sun_00565
sun,7,train,sun_00567
sun,7,train,sun_00568
sun,7,train,sun_00570
sun,7,train,sun_00571
sun,7,train,sun_00572
sun,7,train,sun_00574
sun,7,train,sun_00575
sun,7,train,sun_00577
sun,7,train,sun_00578
sun,7,train,sun_00579
sun,7,train,sun_00580
sun,7,train,sun_00581
sun,7,train,sun_00582
sun,7,train,sun_00585
sun,7,train,sun_00586
sun,7,train,sun_00588
sun,7,train,sun_00589
sun,7,train,sun_00590
sun,7,train,sun_00591
sun,7,train,sun_00592
sun,7,train,sun_00593
sun,7,train,sun_00594
sun,7,train,sun_00595
sun,7,train,sun_00596
sun,7,train,sun_00597
sun,7,train,sun_00598
sun,7,train,sun_00601
sun,7,train,sun_00602
sun,7,train,sun_00603
sun,7,train,sun_00609
sun,7,train,sun_00610
sun,7,train,sun_00612
sun,7,train,sun_00614
sun,7,train,sun_00615
sun,7,train,sun_00616
sun,7,train,sun_00617
sun,7,train,sun_00618
sun,7,train,sun_00619
sun,7,train,sun_00620
sun,7,train,sun_00621
sun,7,train,sun_00623
sun,7,train,sun_00625
sun,7,train,sun_00626
sun,7,train,sun_00627
sun,7,train,sun_00628
sun,7,train,sun_00630
sun,7,train,sun_00631
sun,7,train,sun_00632
sun,7,train,sun_00635
sun,7,train,sun_00637
sun,7,train,sun_00638
sun,7,train,sun_00640
sun,7,train,sun_00641
sun,7,train,sun_00644
sun,7,train,sun_00645
sun,7,train,sun_00647
sun,7,train,sun_00649
sun,7,train,sun_00650
sun,7,train,sun_00652
sun,7,train,sun_00654
sun,7,train,sun_00655
sun,7,train,sun_00657
sun,7,train,sun_00660
sun,7,train,sun_00663
sun,7,train,sun_00664
sun,7,train,sun_00665
sun,7,train,sun_00666
sun,7,train,sun_00669
sun,7,train,sun_00671
sun,7,train,sun_00673
sun,7,train,sun_00675
sun,7,train,sun_00676
sun,7,train,sun_00679
sun,7,train,sun_00680
sun,7,train,sun_00681
sun,7,train,sun_00682
sun,7,train,sun_00683
sun,7,train,sun_00684
sun,7,train,sun_00687
sun,7,train,sun_00689
sun,7,train,sun_00691
sun,7,train,sun_00692
sun,7,train,sun_00693
sun,7,train,sun_00694
sun,7,train,sun_00697
sun,7,train,sun_00698
sun,7,train,sun_00699
sun,7,train,sun_00700
sun,7,train,sun_00701
sun,7,train,sun_00705
sun,7,train,sun_00706
sun,7,train,sun_00711
sun,7,train,sun_00712
sun,7,train,sun_00713
sun,7,train,sun_00714
sun,7,train,sun_00716
sun,7,train,sun_00718
sun,7,train,sun_00719
sun,7,train,sun_00720
sun,7,train,sun_00722
sun,7,train,sun_00724
sun,7,train,sun_00725
sun,7,train,sun_00727
sun,7,train,sun_00728
sun,7,train,sun_00729
sun,7,train,sun_00730
sun,7,train,sun_00731
sun,7,train,sun_00733
sun,7,train,sun_00734
sun,7,train,sun_00736
sun,7,train,sun_00737
sun,7,train,sun_00738
sun,7,train,sun_00739
sun,7,train,sun_00740
sun,7,train,sun_00741
sun,7,train,sun_00742
sun,7,train,sun_00744
sun,7,train,sun_00747
sun,7,train,sun_00748
sun,7,train,sun_00749
sun,7,train,sun_00750
sun,7,train,sun_00751
sun,7,train,sun_00761
sun,7,train,sun_00762
sun,7,train,sun_00764
sun,7,train,sun_00766
sun,7,train,sun_00768
sun,7,train,sun_00770
sun,7,train,sun_00771
sun,7,train,sun_00773
sun,7,train,sun_00775
sun,7,train,sun_00777
sun,7,train,sun_00778
sun,7,train,sun_00779
sun,7,train,sun_00780
sun,7,train,sun_00781
sun,7,train,sun_00784
sun,7,train,sun_00785
sun,7,train,sun_00786
sun,7,train,sun_00787
sun,7,train,sun_00788
sun,7,train,sun_00789
sun,7,train,sun_00790
sun,7,train,sun_00791
sun,7,train,sun_00792
sun,7,train,sun_00793
sun,7,train,sun_00795
sun,7,train,sun_00797
sun,7,train,sun_00800
sun,7,train,sun_00802
sun,7,train,sun_00803
sun,7,train,sun_00805
sun,7,train,sun_00810
sun,7,train,sun_00811
sun,7,train,sun_00812
sun,7,train,sun_00813
sun,7,train,sun_00815
sun,7,train,sun_00816
sun,7,train,sun_00817
sun,7,train,sun_00818
sun,7,train,sun_00819
sun,7,train,sun_00820
sun,7,train,sun_00825
sun,7,train,sun_00826
sun,7,train,sun_00827
sun,7,train,sun_00828
sun,7,train,sun_00829
sun,7,train,sun_00830
sun,7,train,sun_00831
sun,7,train,sun_00832
sun,7,train,sun_00833
sun,7,train,sun_00834
sun,7,train,sun_00837
sun,7,train,sun_00838
sun,7,train,sun_00839
sun,7,train,sun_00840
sun,7,train,sun_00841
sun,7,train,sun_00844
sun,7,train,sun_00845
sun,7,train,sun_00846
sun,7,train,sun_00847
sun,7,train,sun_00848
sun,7,train,sun_00849
sun,7,train,sun_00851
sun,7,train,sun_00852
sun,7,train,sun_00853
sun,7,train,sun_00854
sun,7,train,sun_00856
sun,7,train,sun_00857
sun,7,train,sun_00860
sun,7,train,sun_00861
sun,7,train,sun_00862
sun,7,train,sun_00863
sun,7,train,sun_00866
sun,7,train,sun_00869
sun,7,train,sun_00870
sun,7,train,sun_00871
sun,7,train,sun_00872
sun,7,train,sun_00873
sun,7,train,sun_00874
sun,7,train,sun_00876
sun,7,train,sun_00878
sun,7,train,sun_00880
sun,7,train,sun_00883
sun,7,train,sun_00884
sun,7,train,sun_00885
sun,7,train,sun_00886
sun,7,train,sun_00887
sun,7,train,sun_00888
sun,7,train,sun_00889
sun,7,train,sun_00892
sun,7,train,sun_00893
sun,7,train,sun_00895
sun,7,train,sun_00896
sun,7,train,sun_00898
sun,7,train,sun_00900
sun,7,train,sun_00902
sun,7,train,sun_00903
sun,7,train,sun_00905
sun,7,train,sun_00906
sun,7,train,sun_00907
sun,7,train,sun_00910
sun,7,train,sun_00912
sun,7,train,sun_00913
sun,7,train,sun_00914
sun,7,train,sun_00916
sun,7,train,sun_00917
sun,7,train,sun_00918
sun,7,train,sun_00920
sun,7,train,sun_00922
sun,7,train,sun_00923
sun,7,train,sun_00924
sun,7,train,sun_00927
sun,7,train,sun_00928
sun,7,train,sun_00929
sun,7,train,sun_00930
sun,7,train,sun_00932
sun,7,train,sun_00935
sun,7,train,sun_00937
sun,7,train,sun_00938
sun,7,train,sun_00939
sun,7,train,sun_00940
sun,7,train,sun_00941
sun,7,train,sun_00942
sun,7,train,sun_00943
sun,7,train,sun_00944
sun,7,train,sun_00945
sun,7,train,sun_00947
sun,7,train,sun_00949
sun,7,train,sun_00950
sun,7,train,sun_00951
sun,7,train,sun_00953
sun,7,train,sun_00955
sun,7,train,sun_00956
sun,7,train,sun_00957
sun,7,train,sun_00959
sun,7,train,sun_00961
sun,7,train,sun_00964
sun,7,train,sun_00965
sun,7,train,sun_00966
sun,7,train,sun_00967
sun,7,train,sun_00968
sun,7,train,sun_00969
sun,7,train,sun_00970
sun,7,train,sun_00972
sun,7,train,sun_00974
sun,7,train,sun_00975
sun,7,train,sun_00976
sun,7,train,sun_00977
sun,7,train,sun_00978
sun,7,train,sun_00980
sun,7,train,sun_00981
sun,7,train,sun_00982
sun,7,train,sun_00983
sun,7,train,sun_00985
sun,7,train,sun_00991
sun,7,train,sun_00992
sun,7,train,sun_00995
sun,7,train,sun_00999
sun,7,train,sun_01001
sun,7,train,sun_01004
sun,7,train,sun_01005
sun,7,train,sun_01006
sun,7,train,sun_01008
sun,7,train,sun_01009
sun,7,train,sun_01010
sun,7,train,sun_01011
sun,7,train,sun_01014
sun,7,train,sun_01018
sun,7,train,sun_01019
sun,7,train,sun_01021
sun,7,train,sun_01023
sun,7,train,sun_01026
sun,7,train,sun_01027
sun,7,train,sun_01029
sun,7,train,sun_01031
sun,7,train,sun_01032
sun,7,train,sun_01033
sun,7,train,sun_01034
sun,7,train,sun_01035
sun,7,train,sun_01036
sun,7,train,sun_01037
sun,7,train,sun_01038
sun,7,train,sun_01039
sun,7,train,sun_01040
sun,7,train,sun_01041
sun,7,train,sun_01042
sun,7,train,sun_01045
sun,7,train,sun_01047
sun,7,train,sun_01049
sun,7,train,sun_01052
sun,7,train,sun_01055
sun,7,train,sun_01057
sun,7,train,sun_01058
sun,7,train,sun_01060
sun,7,train,sun_01061
sun,7,train,sun_01062
sun,7,train,sun_01063
sun,7,train,sun_01064
sun,7,train,sun_01066
sun,7,train,sun_01068
sun,7,train,sun_01069
sun,7,train,sun_01071
sun,7,train,sun_01074
sun,7,train,sun_01076
sun,7,train,sun_01077
sun,7,train,sun_01079
sun,7,train,sun_01080
sun,7,train,sun_01082
sun,7,train,sun_01084
sun,7,train,sun_01086
sun,7,train,sun_01087
sun,7,train,sun_01088
sun,7,train,sun_01091
sun,7,train,sun_01093
sun,7,train,sun_01096
sun,7,train,sun_01097
sun,7,train,sun_01098
sun,7,train,sun_01099
sun,7,train,sun_01100
sun,7,train,sun_01102
sun,7,train,sun_01103
sun,7,train,sun_01104
sun,7,train,sun_01105
sun,7,train,sun_01106
sun,7,train,sun_01108
sun,7,train,sun_01109
sun,7,train,sun_01110
sun,7,train,sun_01111
sun,7,train,sun_01112
sun,7,train,sun_01113
sun,7,train,sun_01115
sun,7,train,sun_01117
sun,7,train,sun_01120
sun,7,train,sun_01121
sun,7,train,sun_01122
sun,7,val,sun_00008
sun,7,val,sun_00030
sun,7,val,sun_00045
sun,7,val,sun_00049
sun,7,val,sun_00056
sun,7,val,sun_00065
sun,7,val,sun_00076
sun,7,val,sun_00078
sun,7,val,sun_00082
sun,7,val,sun_00089
sun,7,val,sun_00092
sun,7,val,sun_00095
sun,7,val,sun_00096
sun,7,val,sun_00117
sun,7,val,sun_00120
sun,7,val,sun_00121
sun,7,val,sun_00126
sun,7,val,sun_00127
sun,7,val,sun_00162
sun,7,val,sun_00173
sun,7,val,sun_00175
sun,7,val,sun_00178
sun,7,val,sun_00184
sun,7,val,sun_00191
sun,7,val,sun_00192
sun,7,val,sun_00194
sun,7,val,sun_00199
sun,7,val,sun_00202
sun,7,val,sun_00215
sun,7,val,sun_00221
sun,7,val,sun_00223
sun,7,val,sun_00225
sun,7,val,sun_00231
sun,7,val,sun_00246
sun,7,val,sun_00268
sun,7,val,sun_00269
sun,7,val,sun_00275
sun,7,val,sun_00277
sun,7,val,sun_00287
sun,7,val,sun_00298
sun,7,val,sun_00299
sun,7,val,sun_00309
sun,7,val,sun_00321
sun,7,val,sun_00331
sun,7,val,sun_00337
sun,7,val,sun_00343
sun,7,val,sun_00348
sun,7,val,sun_00349
sun,7,val,sun_00352
sun,7,val,sun_00361
sun,7,val,sun_00364
sun,7,val,sun_00369
sun,7,val,sun_00375
sun,7,val,sun_00377
sun,7,val,sun_00380
sun,7,val,sun_00399
sun,7,val,sun_00404
sun,7,val,sun_00413
sun,7,val,sun_00433
sun,7,val,sun_00443
sun,7,val,sun_00458
sun,7,val,sun_00461
sun,7,val,sun_00479
sun,7,val,sun_00484
sun,7,val,sun_00491
sun,7,val,sun_00499
sun,7,val,sun_00501
sun,7,val,sun_00509
sun,7,val,sun_00516
sun,7,val,sun_00524
sun,7,val,sun_00532
sun,7,val,sun_00539
sun,7,val,sun_00542
sun,7,val,sun_00546
sun,7,val,sun_00548
sun,7,val,sun_00560
sun,7,val,sun_00566
sun,7,val,sun_00600
sun,7,val,sun_00604
sun,7,val,sun_00606
sun,7,val,sun_00608
sun,7,val,sun_00611
sun,7,val,sun_00622
sun,7,val,sun_00634
sun,7,val,sun_00639
sun,7,val,sun_00642
sun,7,val,sun_00646
sun,7,val,sun_00648
sun,7,val,sun_00651
sun,7,val,sun_00658
sun,7,val,sun_00659
sun,7,val,sun_00668
sun,7,val,sun_00670
sun,7,val,sun_00672
sun,7,val,sun_00678
sun,7,val,sun_00685
sun,7,val,sun_00686
sun,7,val,sun_00688
sun,7,val,sun_00704
sun,7,val,sun_00707
sun,7,val,sun_00710
sun,7,val,sun_00721
sun,7,val,sun_00735
sun,7,val,sun_00745
sun,7,val,sun_00752
sun,7,val,sun_00753
sun,7,val,sun_00756
sun,7,val,sun_00757
sun,7,val,sun_00758
sun,7,val,sun_00763
sun,7,val,sun_00765
sun,7,val,sun_00769
sun,7,val,sun_00776
sun,7,val,sun_00782
sun,7,val,sun_00798
sun,7,val,sun_00804
sun,7,val,sun_00814
sun,7,val,sun_00822
sun,7,val,sun_00823
sun,7,val,sun_00836
sun,7,val,sun_00843
sun,7,val,sun_00850
sun,7,val,sun_00858
sun,7,val,sun_00867
sun,7,val,sun_00877
sun,7,val,sun_00881
sun,7,val,sun_00894
sun,7,val,sun_00897
sun,7,val,sun_00899
sun,7,val,sun_00901
sun,7,val,sun_00904
sun,7,val,sun_00909
sun,7,val,sun_00911
sun,7,val,sun_00915
sun,7,val,sun_00919
sun,7,val,sun_00926
sun,7,val,sun_00931
sun,7,val,sun_00936
sun,7,val,sun_00948
sun,7,val,sun_00952
sun,7,val,sun_00960
sun,7,val,sun_00963
sun,7,val,sun_00971
sun,7,val,sun_00973
sun,7,val,sun_00979
sun,7,val,sun_00984
sun,7,val,sun_00988
sun,7,val,sun_00990
sun,7,val,sun_00993
sun,7,val,sun_00996
sun,7,val,sun_00998
sun,7,val,sun_01002
sun,7,val,sun_01013
sun,7,val,sun_01020
sun,7,val,sun_01022
sun,7,val,sun_01025
sun,7,val,sun_01030
sun,7,val,sun_01043
sun,7,val,sun_01044
sun,7,val,sun_01046
sun,7,val,sun_01053
sun,7,val,sun_01054
sun,7,val,sun_01056
sun,7,val,sun_01067
sun,7,val,sun_01075
sun,7,val,sun_01095
sun,7,val,sun_01114
sun,7,val,sun_01119
sun,7,test,sun_00007
sun,7,test,sun_00011
sun,7,test,sun_00016
sun,7,test,sun_00020
sun,7,test,sun_00028
sun,7,test,sun_00033
sun,7,test,sun_00035
sun,7,test,sun_00036
sun,7,test,sun_00037
sun,7,test,sun_00039
sun,7,test,sun_00042
sun,7,test,sun_00047
sun,7,test,sun_00050
sun,7,test,sun_00052
sun,7,test,sun_00061
sun,7,test,sun_00062
sun,7,test,sun_00069
sun,7,test,sun_00072
sun,7,test,sun_00073
sun,7,test,sun_00077
sun,7,test,sun_00079
sun,7,test,sun_00084
sun,7,test,sun_00086
sun,7,test,sun_00087
sun,7,test,sun_00091
sun,7,test,sun_00100
sun,7,test,sun_00101
sun,7,test,sun_00102
sun,7,test,sun_00104
sun,7,test,sun_00105
sun,7,test,sun_00107
sun,7,test,sun_00116
sun,7,test,sun_00131
sun,7,test,sun_00132
sun,7,test,sun_00135
sun,7,test,sun_00136
sun,7,test,sun_00137
sun,7,test,sun_00154
sun,7,test,sun_00157
sun,7,test,sun_00161
sun,7,test,sun_00165
sun,7,test,sun_00166
sun,7,test,sun_00183
sun,7,test,sun_00198
sun,7,test,sun_00203
sun,7,test,sun_00206
sun,7,test,sun_00208
sun,7,test,sun_00213
sun,7,test,sun_00218
sun,7,test,sun_00226
sun,7,test,sun_00235
sun,7,test,sun_00240
sun,7,test,sun_00241
sun,7,test,sun_00242
sun,7,test,sun_00247
sun,7,test,sun_00248
sun,7,test,sun_00254
sun,7,test,sun_00264
sun,7,test,sun_00271
sun,7,test,sun_00280
sun,7,test,sun_00284
sun,7,test,sun_00286
sun,7,test,sun_00291
sun,7,test,sun_00292
sun,7,test,sun_00303
sun,7,test,sun_00304
sun,7,test,sun_00307
sun,7,test,sun_00312
sun,7,test,sun_00322
sun,7,test,sun_00332
sun,7,test,sun_00333
sun,7,test,sun_00334
sun,7,test,sun_00338
sun,7,test,sun_00340
sun,7,test,sun_00341
sun,7,test,sun_00342
sun,7,test,sun_00345
sun,7,test,sun_00346
sun,7,test,sun_00354
sun,7,test,sun_00359
sun,7,test,sun_00365
sun,7,test,sun_00368
sun,7,test,sun_00376
sun,7,test,sun_00382
sun,7,test,sun_00386
sun,7,test,sun_00391
sun,7,test,sun_00392
sun,7,test,sun_00400
sun,7,test,sun_00401
sun,7,test,sun_00419
sun,7,test,sun_00428
sun,7,test,sun_00434
sun,7,test,sun_00436
sun,7,test,sun_00437
sun,7,test,sun_00440
sun,7,test,sun_00444
sun,7,test,sun_00450
sun,7,test,sun_00451
sun,7,test,sun_00453
sun,7,test,sun_00462
sun,7,test,sun_00475
sun,7,test,sun_00477
sun,7,test,sun_00480
sun,7,test,sun_00481
sun,7,test,sun_00485
sun,7,test,sun_00494
sun,7,test,sun_00495
sun,7,test,sun_00497
sun,7,test,sun_00500
sun,7,test,sun_00512
sun,7,test,sun_00515
sun,7,test,sun_00517
sun,7,test,sun_00526
sun,7,test,sun_00535
sun,7,test,sun_00545
sun,7,test,sun_00552
sun,7,test,sun_00559
sun,7,test,sun_00569
sun,7,test,sun_00573
sun,7,test,sun_00576
sun,7,test,sun_00583
sun,7,test,sun_00584
sun,7,test,sun_00587
sun,7,test,sun_00599
sun,7,test,sun_00605
sun,7,test,sun_00607
sun,7,test,sun_00613
sun,7,test,sun_00624
sun,7,test,sun_00629
sun,7,test,sun_00633
sun,7,test,sun_00636
sun,7,test,sun_00643
sun,7,test,sun_00653
sun,7,test,sun_00656
sun,7,test,sun_00661
sun,7,test,sun_00662
sun,7,test,sun_00667
sun,7,test,sun_00674
sun,7,test,sun_00677
sun,7,test,sun_00690
sun,7,test,sun_00695
sun,7,test,sun_00696
sun,7,test,sun_00702
sun,7,test,sun_00703
sun,7,test,sun_00708
sun,7,test,sun_00709
sun,7,test,sun_00715
sun,7,test,sun_00717
sun,7,test,sun_00723
sun,7,test,sun_00726
sun,7,test,sun_00732
sun,7,test,sun_00743
sun,7,test,sun_00746
sun,7,test,sun_00754
sun,7,test,sun_00755
sun,7,test,sun_00759
sun,7,test,sun_00760
sun,7,test,sun_00767
sun,7,test,sun_00772
sun,7,test,sun_00774
sun,7,test,sun_00783
sun,7,test,sun_00794
sun,7,test,sun_00796
sun,7,test,sun_00799
sun,7,test,sun_00801
sun,7,test,sun_00806
sun,7,test,sun_00807
sun,7,test,sun_00808
sun,7,test,sun_00809
sun,7,test,sun_00821
sun,7,test,sun_00824
sun,7,test,sun_00835
sun,7,test,sun_00842
sun,7,test,sun_00855
sun,7,test,sun_00859
sun,7,test,sun_00864
sun,7,test,sun_00865
sun,7,test,sun_00868
sun,7,test,sun_00875
sun,7,test,sun_00879
sun,7,test,sun_00882
sun,7,test,sun_00890
sun,7,test,sun_00891
sun,7,test,sun_00908
sun,7,test,sun_00921
sun,7,test,sun_00925
sun,7,test,sun_00933
sun,7,test,sun_00934
sun,7,test,sun_00946
sun,7,test,sun_00954
sun,7,test,sun_00958
sun,7,test,sun_00962
sun,7,test,sun_00986
sun,7,test,sun_00987
sun,7,test,sun_00989
sun,7,test,sun_00994
sun,7,test,sun_00997
sun,7,test,sun_01000
sun,7,test,sun_01003
sun,7,test,sun_01007
sun,7,test,sun_01012
sun,7,test,sun_01015
sun,7,test,sun_01016
sun,7,test,sun_01017
sun,7,test,sun_01024
sun,7,test,sun_01028
sun,7,test,sun_01048
sun,7,test,sun_01050
sun,7,test,sun_01051
sun,7,test,sun_01059
sun,7,test,sun_01065
sun,7,test,sun_01070
sun,7,test,sun_01072
sun,7,test,sun_01073
sun,7,test,sun_01078
sun,7,test,sun_01081
sun,7,test,sun_01083
sun,7,test,sun_01085
sun,7,test,sun_01089
sun,7,test,sun_01090
sun,7,test,sun_01092
sun,7,test,sun_01094
sun,7,test,sun_01101
sun,7,test,sun_01107
sun,7,test,sun_01116
sun,7,test,sun_01118
jav,7,train,jav_00001
jav,7,train,jav_00003
jav,7,train,jav_00005
jav,7,train,jav_00006
jav,7,train,jav_00007
jav,7,train,jav_00008
jav,7,train,jav_00011
jav,7,train,jav_00012
jav,7,train,jav_00013
jav,7,train,jav_00015
jav,7,train,jav_00016
jav,7,train,jav_00020
jav,7,train,jav_00021
jav,7,train,jav_00024
jav,7,train,jav_00025
jav,7,train,jav_00026
jav,7,train,jav_00028
jav,7,train,jav_00029
jav,7,train,jav_00030
jav,7,train,jav_00031
jav,7,train,jav_00032
jav,7,train,jav_00033
jav,7,train,jav_00036
jav,7,train,jav_00037
jav,7,train,jav_00039
jav,7,train,jav_00040
jav,7,train,jav_00041
jav,7,train,jav_00044
jav,7,train,jav_00045
jav,7,train,jav_00046
jav,7,train,jav_00049
jav,7,train,jav_00050
jav,7,train,jav_00051
jav,7,train,jav_00052
jav,7,train,jav_00054
jav,7,train,jav_00055
jav,7,train,jav_00057
jav,7,train,jav_00058
jav,7,train,jav_00060
jav,7,train,jav_00061
jav,7,train,jav_00063
jav,7,train,jav_00064
jav,7,train,jav_00066
jav,7,train,jav_00070
jav,7,train,jav_00071
jav,7,train,jav_00074
jav,7,train,jav_00077
jav,7,train,jav_00078
jav,7,train,jav_00079
jav,7,train,jav_00080
jav,7,train,jav_00082
jav,7,train,jav_00083
jav,7,train,jav_00084
jav,7,train,jav_00085
jav,7,train,jav_00086
jav,7,train,jav_00087
jav,7,train,jav_00088
jav,7,train,jav_00090
jav,7,train,jav_00091
jav,7,train,jav_00092
jav,7,train,jav_00095
jav,7,train,jav_00098
jav,7,train,jav_00099
jav,7,train,jav_00101
jav,7,train,jav_00102
jav,7,train,jav_00105
jav,7,train,jav_00106
jav,7,train,jav_00108
jav,7,train,jav_00110
jav,7,train,jav_00111
jav,7,train,jav_00113
jav,7,train,jav_00116
jav,7,train,jav_00118
jav,7,train,jav_00119
jav,7,train,jav_00120
jav,7,train,jav_00121
jav,7,train,jav_00123
jav,7,train,jav_00124
jav,7,train,jav_00125
jav,7,train,jav_00126
jav,7,train,jav_00127
jav,7,train,jav_00129
jav,7,train,jav_00130
jav,7,train,jav_00131
jav,7,train,jav_00133
jav,7,train,jav_00134
jav,7,train,jav_00135
jav,7,train,jav_00136
jav,7,train,jav_00137
jav,7,train,jav_00138
jav,7,train,jav_00139
jav,7,train,jav_00140
jav,7,train,jav_00141
jav,7,train,jav_00143
jav,7,train,jav_00144
jav,7,train,jav_00146
jav,7,train,jav_00148
jav,7,train,jav_00150
jav,7,val,jav_00010
jav,7,val,jav_00017
jav,7,val,jav_00027
jav,7,val,jav_00034
jav,7,val,jav_00038
jav,7,val,jav_00042
jav,7,val,jav_00047
jav,7,val,jav_00053
jav,7,val,jav_00056
jav,7,val,jav_00065
jav,7,val,jav_00067
jav,7,val,jav_00068
jav,7,val,jav_00073
jav,7,val,jav_00096
jav,7,val,jav_00100
jav,7,val,jav_00109
jav,7,val,jav_00115
jav,7,val,jav_00122
jav,7,val,jav_00132
jav,7,val,jav_00142
jav,7,val,jav_00147
jav,7,val,jav_00149
jav,7,test,jav_00000
jav,7,test,jav_00002
jav,7,test,jav_00004
jav,7,test,jav_00009
jav,7,test,jav_00014
jav,7,test,jav_00018
jav,7,test,jav_00019
jav,7,test,jav_00022
jav,7,test,jav_00023
jav,7,test,jav_00035
jav,7,test,jav_00043
jav,7,test,jav_00048
jav,7,test,jav_00059
jav,7,test,jav_00062
jav,7,test,jav_00069
jav,7,test,jav_00072
jav,7,test,jav_00075
jav,7,test,jav_00076
jav,7,test,jav_00081
jav,7,test,jav_00089
jav,7,test,jav_00093
jav,7,test,jav_00094
jav,7,test,jav_00097
jav,7,test,jav_00103
jav,7,test,jav_00104
jav,7,test,jav_00107
jav,7,test,jav_00112
jav,7,test,jav_00114
jav,7,test,jav_00117
jav,7,test,jav_00128
jav,7,test,jav_00145
ind,7,train,ind_00000
ind,7,train,ind_00003
ind,7,train,ind_00004
ind,7,train,ind_00005
ind,7,train,ind_00006
ind,7,train,ind_00008
ind,7,train,ind_00011
ind,7,train,ind_00014
ind,7,train,ind_00018
ind,7,train,ind_00019
ind,7,train,ind_00020
ind,7,train,ind_00021
ind,7,train,ind_00024
ind,7,train,ind_00025
ind,7,train,ind_00026
ind,7,train,ind_00027
ind,7,train,ind_00028
ind,7,train,ind_00031
ind,7,train,ind_00032
ind,7,train,ind_00034
ind,7,train,ind_00035
ind,7,train,ind_00036
ind,7,train,ind_00037
ind,7,train,ind_00039
ind,7,train,ind_00040
ind,7,train,ind_00041
ind,7,train,ind_00043
ind,7,train,ind_00045
ind,7,train,ind_00046
ind,7,train,ind_00047
ind,7,train,ind_00048
ind,7,train,ind_00049
ind,7,train,ind_00052
ind,7,train,ind_00054
ind,7,train,ind_00057
ind,7,train,ind_00060
ind,7,train,ind_00061
ind,7,train,ind_00062
ind,7,train,ind_00064
ind,7,train,ind_00065
ind,7,train,ind_00066
ind,7,train,ind_00070
ind,7,train,ind_00073
ind,7,train,ind_00074
ind,7,train,ind_00075
ind,7,train,ind_00076
ind,7,train,ind_00077
ind,7,train,ind_00078
ind,7,train,ind_00079
ind,7,train,ind_00080
ind,7,train,ind_00082
ind,7,train,ind_00083
ind,7,train,ind_00084
ind,7,train,ind_00085
ind,7,train,ind_00086
ind,7,train,ind_00090
ind,7,train,ind_00091
ind,7,train,ind_00092
ind,7,train,ind_00094
ind,7,train,ind_00100
ind,7,train,ind_00101
ind,7,train,ind_00102
ind,7,train,ind_00105
ind,7,train,ind_00107
ind,7,train,ind_00108
ind,7,train,ind_00109
ind,7,train,ind_00110
ind,7,train,ind_00111
ind,7,train,ind_00114
ind,7,train,ind_00116
ind,7,train,ind_00117
ind,7,train,ind_00118
ind,7,train,ind_00119
ind,7,train,ind_00120
ind,7,train,ind_00121
ind,7,train,ind_00122
ind,7,train,ind_00123
ind,7,train,ind_00125
ind,7,train,ind_00127
ind,7,train,ind_00129
ind,7,train,ind_00130
ind,7,train,ind_00131
ind,7,train,ind_00132
ind,7,train,ind_00133
ind,7,train,ind_00134
ind,7,train,ind_00136
ind,7,train,ind_00137
ind,7,train,ind_00138
ind,7,train,ind_00140
ind,7,train,ind_00142
ind,7,train,ind_00143
ind,7,train,ind_00145
ind,7,train,ind_00146
ind,7,train,ind_00147
ind,7,train,ind_00148
ind,7,train,ind_00150
ind,7,train,ind_00151
ind,7,train,ind_00152
ind,7,train,ind_00153
ind,7,train,ind_00154
ind,7,train,ind_00155
ind,7,val,ind_00009
ind,7,val,ind_00012
ind,7,val,ind_00013
ind,7,val,ind_00016
ind,7,val,ind_00017
ind,7,val,ind_00033
ind,7,val,ind_00050
ind,7,val,ind_00055
ind,7,val,ind_00063
ind,7,val,ind_00069
ind,7,val,ind_00071
ind,7,val,ind_00072
ind,7,val,ind_00087
ind,7,val,ind_00095
ind,7,val,ind_00096
ind,7,val,ind_00103
ind,7,val,ind_00104
ind,7,val,ind_00113
ind,7,val,ind_00115
ind,7,val,ind_00128
ind,7,val,ind_00141
ind,7,val,ind_00144
ind,7,val,ind_00149
ind,7,test,ind_00001
ind,7,test,ind_00002
ind,7,test,ind_00007
ind,7,test,ind_00010
ind,7,test,ind_00015
ind,7,test,ind_00022
ind,7,test,ind_00023
ind,7,test,ind_00029
ind,7,test,ind_00030
ind,7,test,ind_00038
ind,7,test,ind_00042
ind,7,test,ind_00044
ind,7,test,ind_00051
ind,7,test,ind_00053
ind,7,test,ind_00056
ind,7,test,ind_00058
ind,7,test,ind_00059
ind,7,test,ind_00067
ind,7,test,ind_00068
ind,7,test,ind_00081
ind,7,test,ind_00088
ind,7,test,ind_00089
ind,7,test,ind_00093
ind,7,test,ind_00097
ind,7,test,ind_00098
ind,7,test,ind_00099
ind,7,test,ind_00106
ind,7,test,ind_00112
ind,7,test,ind_00124
ind,7,test,ind_00126
ind,7,test,ind_00135
ind,7,test,ind_00139
sun,13,train,sun_00000
sun,13,train,sun_00001
sun,13,train,sun_00003
sun,13,train,sun_00004
sun,13,train,sun_00006
sun,13,train,sun_00007
sun,13,train,sun_00010
sun,13,train,sun_00011
sun,13,train,sun_00012
sun,13,train,sun_00013
sun,13,train,sun_00014
sun,13,train,sun_00015
sun,13,train,sun_00018
sun,13,train,sun_00019
sun,13,train,sun_00021
sun,13,train,sun_00023
sun,13,train,sun_00025
sun,13,train,sun_00027
sun,13,train,sun_00028
sun,13,train,sun_00030
sun,13,train,sun_00031
sun,13,train,sun_00032
sun,13,train,sun_00033
sun,13,train,sun_00034
sun,13,train,sun_00037
sun,13,train,sun_00040
sun,13,train,sun_00042
sun,13,train,sun_00046
sun,13,train,sun_00047
sun,13,train,sun_00048
sun,13,train,sun_00049
sun,13,train,sun_00052
sun,13,train,sun_00053
sun,13,train,sun_00056
sun,13,train,sun_00057
sun,13,train,sun_00058
sun,13,train,sun_00063
sun,13,train,sun_00064
sun,13,train,sun_00065
sun,13,train,sun_00066
sun,13,train,sun_00068
sun,13,train,sun_00070
sun,13,train,sun_00072
sun,13,train,sun_00074
sun,13,train,sun_00076
sun,13,train,sun_00077
sun,13,train,sun_00078
sun,13,train,sun_00080
sun,13,train,sun_00084
sun,13,train,sun_00085
sun,13,train,sun_00086
sun,13,train,sun_00087
sun,13,train,sun_00088
sun,13,train,sun_00089
sun,13,train,sun_00090
sun,13,train,sun_00091
sun,13,train,sun_00093
sun,13,train,sun_00094
sun,13,train,sun_00095
sun,13,train,sun_00096
sun,13,train,sun_00097
sun,13,train,sun_00098
sun,13,train,sun_00099
sun,13,train,sun_00100
sun,13,train,sun_00103
sun,13,train,sun_00104
sun,13,train,sun_00105
sun,13,train,sun_00106
sun,13,train,sun_00107
sun,13,train,sun_00108
sun,13,train,sun_00109
sun,13,train,sun_00110
sun,13,train,sun_00111
sun,13,train,sun_00112
sun,13,train,sun_00114
sun,13,train,sun_00115
sun,13,train,sun_00116
sun,13,train,sun_00117
sun,13,train,sun_00118
sun,13,train,sun_00120
sun,13,train,sun_00123
sun,13,train,sun_00125
sun,13,train,sun_00126
sun,13,train,sun_00127
sun,13,train,sun_00129
sun,13,train,sun_00130
sun,13,train,sun_00131
sun,13,train,sun_00133
sun,13,train,sun_00134
sun,13,train,sun_00135
sun,13,train,sun_00136
sun,13,train,sun_00138
sun,13,train,sun_00139
sun,13,train,sun_00140
sun,13,train,sun_00142
sun,13,train,sun_00144
sun,13,train,sun_00145
sun,13,train,sun_00147
sun,13,train,sun_00148
sun,13,train,sun_00149
sun,13,train,sun_00150
sun,13,train,sun_00152
sun,13,train,sun_00154
sun,13,train,sun_00155
sun,13,train,sun_00156
sun,13,train,sun_00157
sun,13,train,sun_00159
sun,13,train,sun_00161
sun,13,train,sun_00162
sun,13,train,sun_00163
sun,13,train,sun_00165
sun,13,train,sun_00166
sun,13,train,sun_00167
sun,13,train,sun_00170
sun,13,train,sun_00172
sun,13,train,sun_00173
sun,13,train,sun_00174
sun,13,train,sun_00176
sun,13,train,sun_00177
sun,13,train,sun_00178
sun,13,train,sun_00180
sun,13,train,sun_00182
sun,13,train,sun_00183
sun,13,train,sun_00184
sun,13,train,sun_00185
sun,13,train,sun_00188
sun,13,train,sun_00189
sun,13,train,sun_00191
sun,13,train,sun_00192
sun,13,train,sun_00193
sun,13,train,sun_00194
sun,13,train,sun_00195
sun,13,train,sun_00196
sun,13,train,sun_00197
sun,13,train,sun_00198
sun,13,train,sun_00200
sun,13,train,sun_00202
sun,13,train,sun_00203
sun,13,train,sun_00204
sun,13,train,sun_00207
sun,13,train,sun_00208
sun,13,train,sun_00209
sun,13,train,sun_00210
sun,13,train,sun_00213
sun,13,train,sun_00214
sun,13,train,sun_00216
sun,13,train,sun_00217
sun,13,train,sun_00220
sun,13,train,sun_00221
sun,13,train,sun_00222
sun,13,train,sun_00224
sun,13,train,sun_00225
sun,13,train,sun_00226
sun,13,train,sun_00227
sun,13,train,sun_00228
sun,13,train,sun_00230
sun,13,train,sun_00232
sun,13,train,sun_00233
sun,13,train,sun_00234
sun,13,train,sun_00235
sun,13,train,sun_00242
sun,13,train,sun_00245
sun,13,train,sun_00246
sun,13,train,sun_00247
sun,13,train,sun_00248
sun,13,train,sun_00249
sun,13,train,sun_00250
sun,13,train,sun_00251
sun,13,train,sun_00254
sun,13,train,sun_00256
sun,13,train,sun_00257
sun,13,train,sun_00261
sun,13,train,sun_00262
sun,13,train,sun_00263
sun,13,train,sun_00264
sun,13,train,sun_00265
sun,13,train,sun_00266
sun,13,train,sun_00269
sun,13,train,sun_00270
sun,13,train,sun_00272
sun,13,train,sun_00274
sun,13,train,sun_00276
sun,13,train,sun_00277
sun,13,train,sun_00279
sun,13,train,sun_00280
sun,13,train,sun_00281
sun,13,train,sun_00283
sun,13,train,sun_00284
sun,13,train,sun_00285
sun,13,train,sun_00286
sun,13,train,sun_00287
sun,13,train,sun_00289
sun,13,train,sun_00291
sun,13,train,sun_00293
sun,13,train,sun_00294
sun,13,train,sun_00296
sun,13,train,sun_00297
sun,13,train,sun_00298
sun,13,train,sun_00299
sun,13,train,sun_00302
sun,13,train,sun_00304
sun,13,train,sun_00305
sun,13,train,sun_00308
sun,13,train,sun_00310
sun,13,train,sun_00313
sun,13,train,sun_00316
sun,13,train,sun_00317
sun,13,train,sun_00318
sun,13,train,sun_00320
sun,13,train,sun_00321
sun,13,train,sun_00322
sun,13,train,sun_00327
sun,13,train,sun_00328
sun,13,train,sun_00329
sun,13,train,sun_00330
sun,13,train,sun_00334
sun,13,train,sun_00335
sun,13,train,sun_00336
sun,13,train,sun_00337
sun,13,train,sun_00339
sun,13,train,sun_00340
sun,13,train,sun_00341
sun,13,train,sun_00342
sun,13,train,sun_00344
sun,13,train,sun_00345
sun,13,train,sun_00347
sun,13,train,sun_00348
sun,13,train,sun_00350
sun,13,train,sun_00351
sun,13,train,sun_00353
sun,13,train,sun_00354
sun,13,train,sun_00355
sun,13,train,sun_00356
sun,13,train,sun_00357
sun,13,train,sun_00358
sun,13,train,sun_00360
sun,13,train,sun_00361
sun,13,train,sun_00362
sun,13,train,sun_00363
sun,13,train,sun_00365
sun,13,train,sun_00366
sun,13,train,sun_00367
sun,13,train,sun_00369
sun,13,train,sun_00370
sun,13,train,sun_00372
sun,13,train,sun_00373
sun,13,train,sun_00374
sun,13,train,sun_00377
sun,13,train,sun_00380
sun,13,train,sun_00381
sun,13,train,sun_00382
sun,13,train,sun_00383
sun,13,train,sun_00384
sun,13,train,sun_00385
sun,13,train,sun_00388
sun,13,train,sun_00390
sun,13,train,sun_00393
sun,13,train,sun_00395
sun,13,train,sun_00398
sun,13,train,sun_00400
sun,13,train,sun_00403
sun,13,train,sun_00404
sun,13,train,sun_00405
sun,13,train,sun_00407
sun,13,train,sun_00408
sun,13,train,sun_00410
sun,13,train,sun_00411
sun,13,train,sun_00413
sun,13,train,sun_00414
sun,13,train,sun_00416
sun,13,train,sun_00417
sun,13,train,sun_00418
sun,13,train,sun_00420
sun,13,train,sun_00421
sun,13,train,sun_00422
sun,13,train,sun_00423
sun,13,train,sun_00424
sun,13,train,sun_00426
sun,13,train,sun_00427
sun,13,train,sun_00431
sun,13,train,sun_00432
sun,13,train,sun_00433
sun,13,train,sun_00434
sun,13,train,sun_00435
sun,13,train,sun_00436
sun,13,train,sun_00437
sun,13,train,sun_00438
sun,13,train,sun_00439
sun,13,train,sun_00440
sun,13,train,sun_00442
sun,13,train,sun_00443
sun,13,train,sun_00444
sun,13,train,sun_00445
sun,13,train,sun_00448
sun,13,train,sun_00451
sun,13,train,sun_00452
sun,13,train,sun_00453
sun,13,train,sun_00454
sun,13,train,sun_00456
sun,13,train,sun_00457
sun,13,train,sun_00458
sun,13,train,sun_00459
sun,13,train,sun_00460
sun,13,train,sun_00462
sun,13,train,sun_00464
sun,13,train,sun_00465
sun,13,train,sun_00471
sun,13,train,sun_00472
sun,13,train,sun_00473
sun,13,train,sun_00475
sun,13,train,sun_00477
sun,13,train,sun_00478
sun,13,train,sun_00479
sun,13,train,sun_00480
sun,13,train,sun_00481
sun,13,train,sun_00485
sun,13,train,sun_00486
sun,13,train,sun_00488
sun,13,train,sun_00489
sun,13,train,sun_00490
sun,13,train,sun_00491
sun,13,train,sun_00492
sun,13,train,sun_00493
sun,13,train,sun_00494
sun,13,train,sun_00498
sun,13,train,sun_00500
sun,13,train,sun_00501
sun,13,train,sun_00503
sun,13,train,sun_00505
sun,13,train,sun_00507
sun,13,train,sun_00509
sun,13,train,sun_00510
sun,13,train,sun_00512
sun,13,train,sun_00513
sun,13,train,sun_00514
sun,13,train,sun_00515
sun,13,train,sun_00517
sun,13,train,sun_00518
sun,13,train,sun_00519
sun,13,train,sun_00520
sun,13,train,sun_00521
sun,13,train,sun_00522
sun,13,train,sun_00523
sun,13,train,sun_00524
sun,13,train,sun_00525
sun,13,train,sun_00527
sun,13,train,sun_00528
sun,13,train,sun_00530
sun,13,train,sun_00531
sun,13,train,sun_00535
sun,13,train,sun_00537
sun,13,train,sun_00539
sun,13,train,sun_00540
sun,13,train,sun_00541
sun,13,train,sun_00542
sun,13,train,sun_00544
sun,13,train,sun_00545
sun,13,train,sun_00547
sun,13,train,sun_00548
sun,13,train,sun_00549
sun,13,train,sun_00550
sun,13,train,sun_00551
sun,13,train,sun_00552
sun,13,train,sun_00553
sun,13,train,sun_00554
sun,13,train,sun_00555
sun,13,train,sun_00556
sun,13,train,sun_00557
sun,13,train,sun_00562
sun,13,train,sun_00564
sun,13,train,sun_00565
sun,13,train,sun_00566
sun,13,train,sun_00567
sun,13,train,sun_00568
sun,13,train,sun_00570
sun,13,train,sun_00571
sun,13,train,sun_00573
sun,13,train,sun_00575
sun,13,train,sun_00576
sun,13,train,sun_00577
sun,13,train,sun_00578
sun,13,train,sun_00579
sun,13,train,sun_00580
sun,13,train,sun_00582
sun,13,train,sun_00587
sun,13,train,sun_00588
sun,13,train,sun_00589
sun,13,train,sun_00591
sun,13,train,sun_00592
sun,13,train,sun_00593
sun,13,train,sun_00594
sun,13,train,sun_00595
sun,13,train,sun_00599
sun,13,train,sun_00600
sun,13,train,sun_00601
sun,13,train,sun_00603
sun,13,train,sun_00605
sun,13,train,sun_00606
sun,13,train,sun_00609
sun,13,train,sun_00610
sun,13,train,sun_00611
sun,13,train,sun_00613
sun,13,train,sun_00615
sun,13,train,sun_00617
sun,13,train,sun_00619
sun,13,train,sun_00621
sun,13,train,sun_00622
sun,13,train,sun_00623
sun,13,train,sun_00624
sun,13,train,sun_00626
sun,13,train,sun_00627
sun,13,train,sun_00629
sun,13,train,sun_00630
sun,13,train,sun_00631
sun,13,train,sun_00632
sun,13,train,sun_00634
sun,13,train,sun_00635
sun,13,train,sun_00636
sun,13,train,sun_00637
sun,13,train,sun_00639
sun,13,train,sun_00640
sun,13,train,sun_00642
sun,13,train,sun_00643
sun,13,train,sun_00645
sun,13,train,sun_00646
sun,13,train,sun_00647
sun,13,train,sun_00650
sun,13,train,sun_00651
sun,13,train,sun_00652
sun,13,train,sun_00653
sun,13,train,sun_00654
sun,13,train,sun_00655
sun,13,train,sun_00656
sun,13,train,sun_00659
sun,13,train,sun_00660
sun,13,train,sun_00662
sun,13,train,sun_00663
sun,13,train,sun_00664
sun,13,train,sun_00665
sun,13,train,sun_00666
sun,13,train,sun_00667
sun,13,train,sun_00669
sun,13,train,sun_00671
sun,13,train,sun_00672
sun,13,train,sun_00673
sun,13,train,sun_00675
sun,13,train,sun_00676
sun,13,train,sun_00679
sun,13,train,sun_00680
sun,13,train,sun_00681
sun,13,train,sun_00682
sun,13,train,sun_00683
sun,13,train,sun_00684
sun,13,train,sun_00685
sun,13,train,sun_00687
sun,13,train,sun_00688
sun,13,train,sun_00689
sun,13,train,sun_00690
sun,13,train,sun_00691
sun,13,train,sun_00692
sun,13,train,sun_00694
sun,13,train,sun_00695
sun,13,train,sun_00696
sun,13,train,sun_00698
sun,13,train,sun_00700
sun,13,train,sun_00703
sun,13,train,sun_00704
sun,13,train,sun_00706
sun,13,train,sun_00707
sun,13,train,sun_00708
sun,13,train,sun_00709
sun,13,train,sun_00710
sun,13,train,sun_00711
sun,13,train,sun_00712
sun,13,train,sun_00714
sun,13,train,sun_00715
sun,13,train,sun_00717
sun,13,train,sun_00720
sun,13,train,sun_00721
sun,13,train,sun_00724
sun,13,train,sun_00725
sun,13,train,sun_00726
sun,13,train,sun_00727
sun,13,train,sun_00730
sun,13,train,sun_00732
sun,13,train,sun_00733
sun,13,train,sun_00734
sun,13,train,sun_00735
sun,13,train,sun_00737
sun,13,train,sun_00739
sun,13,train,sun_00740
sun,13,train,sun_00741
sun,13,train,sun_00742
sun,13,train,sun_00743
sun,13,train,sun_00744
sun,13,train,sun_00745
sun,13,train,sun_00746
sun,13,train,sun_00747
sun,13,train,sun_00748
sun,13,train,sun_00749
sun,13,train,sun_00750
sun,13,train,sun_00751
sun,13,train,sun_00752
sun,13,train,sun_00753
sun,13,train,sun_00754
sun,13,train,sun_00755
sun,13,train,sun_00756
sun,13,train,sun_00757
sun,13,train,sun_00761
sun,13,train,sun_00762
sun,13,train,sun_00765
sun,13,train,sun_00766
sun,13,train,sun_00767
sun,13,train,sun_00770
sun,13,train,sun_00771
sun,13,train,sun_00773
sun,13,train,sun_00774
sun,13,train,sun_00776
sun,13,train,sun_00777
sun,13,train,sun_00779
sun,13,train,sun_00780
sun,13,train,sun_00781
sun,13,train,sun_00782
sun,13,train,sun_00784
sun,13,train,sun_00786
sun,13,train,sun_00787
sun,13,train,sun_00789
sun,13,train,sun_00790
sun,13,train,sun_00796
sun,13,train,sun_00797
sun,13,train,sun_00799
sun,13,train,sun_00800
sun,13,train,sun_00801
sun,13,train,sun_00803
sun,13,train,sun_00806
sun,13,train,sun_00807
sun,13,train,sun_00808
sun,13,train,sun_00809
sun,13,train,sun_00810
sun,13,train,sun_00811
sun,13,train,sun_00812
sun,13,train,sun_00813
sun,13,train,sun_00814
sun,13,train,sun_00817
sun,13,train,sun_00818
sun,13,train,sun_00821
sun,13,train,sun_00822
sun,13,train,sun_00823
sun,13,train,sun_00824
sun,13,train,sun_00825
sun,13,train,sun_00826
sun,13,train,sun_00828
sun,13,train,sun_00829
sun,13,train,sun_00830
sun,13,train,sun_00831
sun,13,train,sun_00832
sun,13,train,sun_00833
sun,13,train,sun_00834
sun,13,train,sun_00835
sun,13,train,sun_00839
sun,13,train,sun_00840
sun,13,train,sun_00842
sun,13,train,sun_00844
sun,13,train,sun_00845
sun,13,train,sun_00846
sun,13,train,sun_00847
sun,13,train,sun_00848
sun,13,train,sun_00849
sun,13,train,sun_00851
sun,13,train,sun_00852
sun,13,train,sun_00855
sun,13,train,sun_00856
sun,13,train,sun_00857
sun,13,train,sun_00859
sun,13,train,sun_00861
sun,13,train,sun_00864
sun,13,train,sun_00866
sun,13,train,sun_00867
sun,13,train,sun_00870
sun,13,train,sun_00874
sun,13,train,sun_00878
sun,13,train,sun_00879
sun,13,train,sun_00883
sun,13,train,sun_00885
sun,13,train,sun_00886
sun,13,train,sun_00887
sun,13,train,sun_00889
sun,13,train,sun_00891
sun,13,train,sun_00892
sun,13,train,sun_00893
sun,13,train,sun_00894
sun,13,train,sun_00897
sun,13,train,sun_00899
sun,13,train,sun_00900
sun,13,train,sun_00901
sun,13,train,sun_00903
sun,13,train,sun_00904
sun,13,train,sun_00906
sun,13,train,sun_00907
sun,13,train,sun_00908
sun,13,train,sun_00909
sun,13,train,sun_00910
sun,13,train,sun_00914
sun,13,train,sun_00916
sun,13,train,sun_00918
sun,13,train,sun_00919
sun,13,train,sun_00920
sun,13,train,sun_00921
sun,13,train,sun_00924
sun,13,train,sun_00926
sun,13,train,sun_00928
sun,13,train,sun_00929
sun,13,train,sun_00930
sun,13,train,sun_00931
sun,13,train,sun_00932
sun,13,train,sun_00934
sun,13,train,sun_00935
sun,13,train,sun_00941
sun,13,train,sun_00942
sun,13,train,sun_00943
sun,13,train,sun_00944
sun,13,train,sun_00945
sun,13,train,sun_00946
sun,13,train,sun_00948
sun,13,train,sun_00949
sun,13,train,sun_00950
sun,13,train,sun_00951
sun,13,train,sun_00953
sun,13,train,sun_00954
sun,13,train,sun_00956
sun,13,train,sun_00957
sun,13,train,sun_00959
sun,13,train,sun_00961
sun,13,train,sun_00962
sun,13,train,sun_00966
sun,13,train,sun_00967
sun,13,train,sun_00969
sun,13,train,sun_00970
sun,13,train,sun_00971
sun,13,train,sun_00972
sun,13,train,sun_00973
sun,13,train,sun_00976
sun,13,train,sun_00977
sun,13,train,sun_00978
sun,13,train,sun_00979
sun,13,train,sun_00980
sun,13,train,sun_00981
sun,13,train,sun_00982
sun,13,train,sun_00983
sun,13,train,sun_00986
sun,13,train,sun_00988
sun,13,train,sun_00989
sun,13,train,sun_00992
sun,13,train,sun_00995
sun,13,train,sun_00996
sun,13,train,sun_00998
sun,13,train,sun_00999
sun,13,train,sun_01000
sun,13,train,sun_01001
sun,13,train,sun_01002
sun,13,train,sun_01003
sun,13,train,sun_01004
sun,13,train,sun_01005
sun,13,train,sun_01007
sun,13,train,sun_01008
sun,13,train,sun_01009
sun,13,train,sun_01011
sun,13,train,sun_01012
sun,13,train,sun_01013
sun,13,train,sun_01015
sun,13,train,sun_01019
sun,13,train,sun_01020
sun,13,train,sun_01022
sun,13,train,sun_01023
sun,13,train,sun_01024
sun,13,train,sun_01025
sun,13,train,sun_01026
sun,13,train,sun_01027
sun,13,train,sun_01032
sun,13,train,sun_01033
sun,13,train,sun_01036
sun,13,train,sun_01037
sun,13,train,sun_01038
sun,13,train,sun_01040
sun,13,train,sun_01042
sun,13,train,sun_01043
sun,13,train,sun_01044
sun,13,train,sun_01045
sun,13,train,sun_01046
sun,13,train,sun_01047
sun,13,train,sun_01048
sun,13,train,sun_01049
sun,13,train,sun_01050
sun,13,train,sun_01052
sun,13,train,sun_01053
sun,13,train,sun_01056
sun,13,train,sun_01057
sun,13,train,sun_01058
sun,13,train,sun_01063
sun,13,train,sun_01065
sun,13,train,sun_01069
sun,13,train,sun_01074
sun,13,train,sun_01075
sun,13,train,sun_01076
sun,13,train,sun_01078
sun,13,train,sun_01080
sun,13,train,sun_01081
sun,13,train,sun_01083
sun,13,train,sun_01087
sun,13,train,sun_01089
sun,13,train,sun_01090
sun,13,train,sun_01091
sun,13,train,sun_01092
sun,13,train,sun_01101
sun,13,train,sun_01102
sun,13,train,sun_01103
sun,13,train,sun_01106
sun,13,train,sun_01107
sun,13,train,sun_01108
sun,13,train,sun_01109
sun,13,train,sun_01110
sun,13,train,sun_01111
sun,13,train,sun_01112
sun,13,train,sun_01113
sun,13,train,sun_01116
sun,13,train,sun_01117
sun,13,train,sun_01118
sun,13,train,sun_01120
sun,13,train,sun_01122
sun,13,val,sun_00002
sun,13,val,sun_00017
sun,13,val,sun_00029
sun,13,val,sun_00035
sun,13,val,sun_00039
sun,13,val,sun_00043
sun,13,val,sun_00051
sun,13,val,sun_00060
sun,13,val,sun_00061
sun,13,val,sun_00073
sun,13,val,sun_00082
sun,13,val,sun_00092
sun,13,val,sun_00102
sun,13,val,sun_00121
sun,13,val,sun_00122
sun,13,val,sun_00124
sun,13,val,sun_00137
sun,13,val,sun_00143
sun,13,val,sun_00146
sun,13,val,sun_00151
sun,13,val,sun_00164
sun,13,val,sun_00169
sun,13,val,sun_00171
sun,13,val,sun_00181
sun,13,val,sun_00199
sun,13,val,sun_00211
sun,13,val,sun_00212
sun,13,val,sun_00215
sun,13,val,sun_00218
sun,13,val,sun_00219
sun,13,val,sun_00229
sun,13,val,sun_00231
sun,13,val,sun_00238
sun,13,val,sun_00239
sun,13,val,sun_00240
sun,13,val,sun_00255
sun,13,val,sun_00268
sun,13,val,sun_00275
sun,13,val,sun_00278
sun,13,val,sun_00288
sun,13,val,sun_00290
sun,13,val,sun_00303
sun,13,val,sun_00312
sun,13,val,sun_00314
sun,13,val,sun_00319
sun,13,val,sun_00326
sun,13,val,sun_00331
sun,13,val,sun_00352
sun,13,val,sun_00359
sun,13,val,sun_00364
sun,13,val,sun_00371
sun,13,val,sun_00376
sun,13,val,sun_00378
sun,13,val,sun_00389
sun,13,val,sun_00391
sun,13,val,sun_00392
sun,13,val,sun_00394
sun,13,val,sun_00396
sun,13,val,sun_00399
sun,13,val,sun_00401
sun,13,val,sun_00409
sun,13,val,sun_00415
sun,13,val,sun_00428
sun,13,val,sun_00429
sun,13,val,sun_00447
sun,13,val,sun_00467
sun,13,val,sun_00468
sun,13,val,sun_00470
sun,13,val,sun_00474
sun,13,val,sun_00482
sun,13,val,sun_00483
sun,13,val,sun_00487
sun,13,val,sun_00495
sun,13,val,sun_00496
sun,13,val,sun_00499
sun,13,val,sun_00504
sun,13,val,sun_00506
sun,13,val,sun_00508
sun,13,val,sun_00511
sun,13,val,sun_00516
sun,13,val,sun_00529
sun,13,val,sun_00533
sun,13,val,sun_00543
sun,13,val,sun_00558
sun,13,val,sun_00560
sun,13,val,sun_00563
sun,13,val,sun_00574
sun,13,val,sun_00583
sun,13,val,sun_00586
sun,13,val,sun_00590
sun,13,val,sun_00596
sun,13,val,sun_00598
sun,13,val,sun_00608
sun,13,val,sun_00612
sun,13,val,sun_00616
sun,13,val,sun_00625
sun,13,val,sun_00633
sun,13,val,sun_00638
sun,13,val,sun_00641
sun,13,val,sun_00648
sun,13,val,sun_00661
sun,13,val,sun_00668
sun,13,val,sun_00670
sun,13,val,sun_00674
sun,13,val,sun_00677
sun,13,val,sun_00678
sun,13,val,sun_00686
sun,13,val,sun_00697
sun,13,val,sun_00701
sun,13,val,sun_00702
sun,13,val,sun_00719
sun,13,val,sun_00728
sun,13,val,sun_00729
sun,13,val,sun_00760
sun,13,val,sun_00763
sun,13,val,sun_00764
sun,13,val,sun_00769
sun,13,val,sun_00778
sun,13,val,sun_00785
sun,13,val,sun_00788
sun,13,val,sun_00794
sun,13,val,sun_00798
sun,13,val,sun_00827
sun,13,val,sun_00841
sun,13,val,sun_00843
sun,13,val,sun_00860
sun,13,val,sun_00863
sun,13,val,sun_00871
sun,13,val,sun_00877
sun,13,val,sun_00888
sun,13,val,sun_00895
sun,13,val,sun_00905
sun,13,val,sun_00911
sun,13,val,sun_00912
sun,13,val,sun_00913
sun,13,val,sun_00922
sun,13,val,sun_00923
sun,13,val,sun_00925
sun,13,val,sun_00938
sun,13,val,sun_00939
sun,13,val,sun_00958
sun,13,val,sun_00974
sun,13,val,sun_00985
sun,13,val,sun_00997
sun,13,val,sun_01006
sun,13,val,sun_01010
sun,13,val,sun_01014
sun,13,val,sun_01028
sun,13,val,sun_01030
sun,13,val,sun_01041
sun,13,val,sun_01061
sun,13,val,sun_01064
sun,13,val,sun_01066
sun,13,val,sun_01068
sun,13,val,sun_01073
sun,13,val,sun_01077
sun,13,val,sun_01079
sun,13,val,sun_01082
sun,13,val,sun_01085
sun,13,val,sun_01093
sun,13,val,sun_01094
sun,13,val,sun_01095
sun,13,val,sun_01096
sun,13,val,sun_01097
sun,13,val,sun_01100
sun,13,val,sun_01104
sun,13,val,sun_01105
sun,13,val,sun_01115
sun,13,test,sun_00005
sun,13,test,sun_00008
sun,13,test,sun_00009
sun,13,test,sun_00016
sun,13,test,sun_00020
sun,13,test,sun_00022
sun,13,test,sun_00024
sun,13,test,sun_00026
sun,13,test,sun_00036
sun,13,test,sun_00038
sun,13,test,sun_00041
sun,13,test,sun_00044
sun,13,test,sun_00045
sun,13,test,sun_00050
sun,13,test,sun_00054
sun,13,test,sun_00055
sun,13,test,sun_00059
sun,13,test,sun_00062
sun,13,test,sun_00067
sun,13,test,sun_00069
sun,13,test,sun_00071
sun,13,test,sun_00075
sun,13,test,sun_00079
sun,13,test,sun_00081
sun,13,test,sun_00083
sun,13,test,sun_00101
sun,13,test,sun_00113
sun,13,test,sun_00119
sun,13,test,sun_00128
sun,13,test,sun_00132
sun,13,test,sun_00141
sun,13,test,sun_00153
sun,13,test,sun_00158
sun,13,test,sun_00160
sun,13,test,sun_00168
sun,13,test,sun_00175
sun,13,test,sun_00179
sun,13,test,sun_00186
sun,13,test,sun_00187
sun,13,test,sun_00190
sun,13,test,sun_00201
sun,13,test,sun_00205
sun,13,test,sun_00206
sun,13,test,sun_00223
sun,13,test,sun_00236
sun,13,test,sun_00237
sun,13,test,sun_00241
sun,13,test,sun_00243
sun,13,test,sun_00244
sun,13,test,sun_00252
sun,13,test,sun_00253
sun,13,test,sun_00258
sun,13,test,sun_00259
sun,13,test,sun_00260
sun,13,test,sun_00267
sun,13,test,sun_00271
sun,13,test,sun_00273
sun,13,test,sun_00282
sun,13,test,sun_00292
sun,13,test,sun_00295
sun,13,test,sun_00300
sun,13,test,sun_00301
sun,13,test,sun_00306
sun,13,test,sun_00307
sun,13,test,sun_00309
sun,13,test,sun_00311
sun,13,test,sun_00315
sun,13,test,sun_00323
sun,13,test,sun_00324
sun,13,test,sun_00325
sun,13,test,sun_00332
sun,13,test,sun_00333
sun,13,test,sun_00338
sun,13,test,sun_00343
sun,13,test,sun_00346
sun,13,test,sun_00349
sun,13,test,sun_00368
sun,13,test,sun_00375
sun,13,test,sun_00379
sun,13,test,sun_00386
sun,13,test,sun_00387
sun,13,test,sun_00397
sun,13,test,sun_00402
sun,13,test,sun_00406
sun,13,test,sun_00412
sun,13,test,sun_00419
sun,13,test,sun_00425
sun,13,test,sun_00430
sun,13,test,sun_00441
sun,13,test,sun_00446
sun,13,test,sun_00449
sun,13,test,sun_00450
sun,13,test,sun_00455
sun,13,test,sun_00461
sun,13,test,sun_00463
sun,13,test,sun_00466
sun,13,test,sun_00469
sun,13,test,sun_00476
sun,13,test,sun_00484
sun,13,test,sun_00497
sun,13,test,sun_00502
sun,13,test,sun_00526
sun,13,test,sun_00532
sun,13,test,sun_00534
sun,13,test,sun_00536
sun,13,test,sun_00538
sun,13,test,sun_00546
sun,13,test,sun_00559
sun,13,test,sun_00561
sun,13,test,sun_00569
sun,13,test,sun_00572
sun,13,test,sun_00581
sun,13,test,sun_00584
sun,13,test,sun_00585
sun,13,test,sun_00597
sun,13,test,sun_00602
sun,13,test,sun_00604
sun,13,test,sun_00607
sun,13,test,sun_00614
sun,13,test,sun_00618
sun,13,test,sun_00620
sun,13,test,sun_00628
sun,13,test,sun_00644
sun,13,test,sun_00649
sun,13,test,sun_00657
sun,13,test,sun_00658
sun,13,test,sun_00693
sun,13,test,sun_00699
sun,13,test,sun_00705
sun,13,test,sun_00713
sun,13,test,sun_00716
sun,13,test,sun_00718
sun,13,test,sun_00722
sun,13,test,sun_00723
sun,13,test,sun_00731
sun,13,test,sun_00736
sun,13,test,sun_00738
sun,13,test,sun_00758
sun,13,test,sun_00759
sun,13,test,sun_00768
sun,13,test,sun_00772
sun,13,test,sun_00775
sun,13,test,sun_00783
sun,13,test,sun_00791
sun,13,test,sun_00792
sun,13,test,sun_00793
sun,13,test,sun_00795
sun,13,test,sun_00802
sun,13,test,sun_00804
sun,13,test,sun_00805
sun,13,test,sun_00815
sun,13,test,sun_00816
sun,13,test,sun_00819
sun,13,test,sun_00820
sun,13,test,sun_00836
sun,13,test,sun_00837
sun,13,test,sun_00838
sun,13,test,sun_00850
sun,13,test,sun_00853
sun,13,test,sun_00854
sun,13,test,sun_00858
sun,13,test,sun_00862
sun,13,test,sun_00865
sun,13,test,sun_00868
sun,13,test,sun_00869
sun,13,test,sun_00872
sun,13,test,sun_00873
sun,13,test,sun_00875
sun,13,test,sun_00876
sun,13,test,sun_00880
sun,13,test,sun_00881
sun,13,test,sun_00882
sun,13,test,sun_00884
sun,13,test,sun_00890
sun,13,test,sun_00896
sun,13,test,sun_00898
sun,13,test,sun_00902
sun,13,test,sun_00915
sun,13,test,sun_00917
sun,13,test,sun_00927
sun,13,test,sun_00933
sun,13,test,sun_00936
sun,13,test,sun_00937
sun,13,test,sun_00940
sun,13,test,sun_00947
sun,13,test,sun_00952
sun,13,test,sun_00955
sun,13,test,sun_00960
sun,13,test,sun_00963
sun,13,test,sun_00964
sun,13,test,sun_00965
sun,13,test,sun_00968
sun,13,test,sun_00975
sun,13,test,sun_00984
sun,13,test,sun_00987
sun,13,test,sun_00990
sun,13,test,sun_00991
sun,13,test,sun_00993
sun,13,test,sun_00994
sun,13,test,sun_01016
sun,13,test,sun_01017
sun,13,test,sun_01018
sun,13,test,sun_01021
sun,13,test,sun_01029
sun,13,test,sun_01031
sun,13,test,sun_01034
sun,13,test,sun_01035
sun,13,test,sun_01039
sun,13,test,sun_01051
sun,13,test,sun_01054
sun,13,test,sun_01055
sun,13,test,sun_01059
sun,13,test,sun_01060
sun,13,test,sun_01062
sun,13,test,sun_01067
sun,13,test,sun_01070
sun,13,test,sun_01071
sun,13,test,sun_01072
sun,13,test,sun_01084
sun,13,test,sun_01086
sun,13,test,sun_01088
sun,13,test,sun_01098
sun,13,test,sun_01099
sun,13,test,sun_01114
sun,13,test,sun_01119
sun,13,test,sun_01121
jav,13,train,jav_00000
jav,13,train,jav_00001
jav,13,train,jav_00003
jav,13,train,jav_00004
jav,13,train,jav_00006
jav,13,train,jav_00008
jav,13,train,jav_00009
jav,13,train,jav_00010
jav,13,train,jav_00011
jav,13,train,jav_00012
jav,13,train,jav_00015
jav,13,train,jav_00017
jav,13,train,jav_00020
jav,13,train,jav_00021
jav,13,train,jav_00023
jav,13,train,jav_00025
jav,13,train,jav_00026
jav,13,train,jav_00027
jav,13,train,jav_00028
jav,13,train,jav_00029
jav,13,train,jav_00030
jav,13,train,jav_00031
jav,13,train,jav_00033
jav,13,train,jav_00035
jav,13,train,jav_00038
jav,13,train,jav_00039
jav,13,train,jav_00043
jav,13,train,jav_00044
jav,13,train,jav_00046
jav,13,train,jav_00048
jav,13,train,jav_00049
jav,13,train,jav_00051
jav,13,train,jav_00052
jav,13,train,jav_00054
jav,13,train,jav_00055
jav,13,train,jav_00057
jav,13,train,jav_00058
jav,13,train,jav_00059
jav,13,train,jav_00060
jav,13,train,jav_00061
jav,13,train,jav_00062
jav,13,train,jav_00063
jav,13,train,jav_00064
jav,13,train,jav_00066
jav,13,train,jav_00068
jav,13,train,jav_00072
jav,13,train,jav_00075
jav,13,train,jav_00078
jav,13,train,jav_00080
jav,13,train,jav_00081
jav,13,train,jav_00082
jav,13,train,jav_00083
jav,13,train,jav_00084
jav,13,train,jav_00085
jav,13,train,jav_00086
jav,13,train,jav_00087
jav,13,train,jav_00088
jav,13,train,jav_00089
jav,13,train,jav_00090
jav,13,train,jav_00091
jav,13,train,jav_00093
jav,13,train,jav_00095
jav,13,train,jav_00096
jav,13,train,jav_00097
jav,13,train,jav_00100
jav,13,train,jav_00101
jav,13,train,jav_00102
jav,13,train,jav_00103
jav,13,train,jav_00104
jav,13,train,jav_00105
jav,13,train,jav_00111
jav,13,train,jav_00112
jav,13,train,jav_00113
jav,13,train,jav_00116
jav,13,train,jav_00117
jav,13,train,jav_00118
jav,13,train,jav_00119
jav,13,train,jav_00120
jav,13,train,jav_00121
jav,13,train,jav_00123
jav,13,train,jav_00125
jav,13,train,jav_00127
jav,13,train,jav_00129
jav,13,train,jav_00131
jav,13,train,jav_00132
jav,13,train,jav_00133
jav,13,train,jav_00134
jav,13,train,jav_00136
jav,13,train,jav_00139
jav,13,train,jav_00140
jav,13,train,jav_00142
jav,13,train,jav_00143
jav,13,train,jav_00144
jav,13,train,jav_00145
jav,13,train,jav_00146
jav,13,train,jav_00147
jav,13,train,jav_00149
jav,13,train,jav_00150
jav,13,val,jav_00005
jav,13,val,jav_00007
jav,13,val,jav_00013
jav,13,val,jav_00016
jav,13,val,jav_00018
jav,13,val,jav_00042
jav,13,val,jav_00053
jav,13,val,jav_00065
jav,13,val,jav_00067
jav,13,val,jav_00071
jav,13,val,jav_00074
jav,13,val,jav_00077
jav,13,val,jav_00092
jav,13,val,jav_00107
jav,13,val,jav_00108
jav,13,val,jav_00109
jav,13,val,jav_00110
jav,13,val,jav_00115
jav,13,val,jav_00124
jav,13,val,jav_00130
jav,13,val,jav_00137
jav,13,val,jav_00138
jav,13,test,jav_00002
jav,13,test,jav_00014
jav,13,test,jav_00019
jav,13,test,jav_00022
jav,13,test,jav_00024
jav,13,test,jav_00032
jav,13,test,jav_00034
jav,13,test,jav_00036
jav,13,test,jav_00037
jav,13,test,jav_00040
jav,13,test,jav_00041
jav,13,test,jav_00045
jav,13,test,jav_00047
jav,13,test,jav_00050
jav,13,test,jav_00056
jav,13,test,jav_00069
jav,13,test,jav_00070
jav,13,test,jav_00073
jav,13,test,jav_00076
jav,13,test,jav_00079
jav,13,test,jav_00094
jav,13,test,jav_00098
jav,13,test,jav_00099
jav,13,test,jav_00106
jav,13,test,jav_00114
jav,13,test,jav_00122
jav,13,test,jav_00126
jav,13,test,jav_00128
jav,13,test,jav_00135
jav,13,test,jav_00141
jav,13,test,jav_00148
ind,13,train,ind_00000
ind,13,train,ind_00001
ind,13,train,ind_00002
ind,13,train,ind_00008
ind,13,train,ind_00009
ind,13,train,ind_00010
ind,13,train,ind_00012
ind,13,train,ind_00013
ind,13,train,ind_00015
ind,13,train,ind_00016
ind,13,train,ind_00017
ind,13,train,ind_00018
ind,13,train,ind_00020
ind,13,train,ind_00021
ind,13,train,ind_00022
ind,13,train,ind_00023
ind,13,train,ind_00026
ind,13,train,ind_00030
ind,13,train,ind_00031
ind,13,train,ind_00032
ind,13,train,ind_00033
ind,13,train,ind_00036
ind,13,train,ind_00039
ind,13,train,ind_00041
ind,13,train,ind_00042
ind,13,train,ind_00043
ind,13,train,ind_00044
ind,13,train,ind_00045
ind,13,train,ind_00046
ind,13,train,ind_00049
ind,13,train,ind_00050
ind,13,train,ind_00051
ind,13,train,ind_00053
ind,13,train,ind_00054
ind,13,train,ind_00055
ind,13,train,ind_00056
ind,13,train,ind_00058
ind,13,train,ind_00059
ind,13,train,ind_00060
ind,13,train,ind_00061
ind,13,train,ind_00065
ind,13,train,ind_00067
ind,13,train,ind_00068
ind,13,train,ind_00070
ind,13,train,ind_00075
ind,13,train,ind_00076
ind,13,train,ind_00077
ind,13,train,ind_00078
ind,13,train,ind_00079
ind,13,train,ind_00080
ind,13,train,ind_00081
ind,13,train,ind_00082
ind,13,train,ind_00083
ind,13,train,ind_00085
ind,13,train,ind_00086
ind,13,train,ind_00091
ind,13,train,ind_00092
ind,13,train,ind_00093
ind,13,train,ind_00094
ind,13,train,ind_00096
ind,13,train,ind_00098
ind,13,train,ind_00099
ind,13,train,ind_00100
ind,13,train,ind_00101
ind,13,train,ind_00102
ind,13,train,ind_00103
ind,13,train,ind_00105
ind,13,train,ind_00106
ind,13,train,ind_00107
ind,13,train,ind_00108
ind,13,train,ind_00110
ind,13,train,ind_00111
ind,13,train,ind_00115
ind,13,train,ind_00116
ind,13,train,ind_00120
ind,13,train,ind_00121
ind,13,train,ind_00123
ind,13,train,ind_00124
ind,13,train,ind_00125
ind,13,train,ind_00126
ind,13,train,ind_00127
ind,13,train,ind_00130
ind,13,train,ind_00131
ind,13,train,ind_00132
ind,13,train,ind_00136
ind,13,train,ind_00137
ind,13,train,ind_00138
ind,13,train,ind_00139
ind,13,train,ind_00140
ind,13,train,ind_00141
ind,13,train,ind_00142
ind,13,train,ind_00143
ind,13,train,ind_00144
ind,13,train,ind_00145
ind,13,train,ind_00146
ind,13,train,ind_00147
ind,13,train,ind_00149
ind,13,train,ind_00150
ind,13,train,ind_00151
ind,13,train,ind_00152
ind,13,train,ind_00155
ind,13,val,ind_00005
ind,13,val,ind_00007
ind,13,val,ind_00019
ind,13,val,ind_00025
ind,13,val,ind_00034
ind,13,val,ind_00048
ind,13,val,ind_00062
ind,13,val,ind_00063
ind,13,val,ind_00064
ind,13,val,ind_00066
ind,13,val,ind_00071
ind,13,val,ind_00072
ind,13,val,ind_00073
ind,13,val,ind_00074
ind,13,val,ind_00087
ind,13,val,ind_00088
ind,13,val,ind_00090
ind,13,val,ind_00104
ind,13,val,ind_00109
ind,13,val,ind_00114
ind,13,val,ind_00118
ind,13,val,ind_00119
ind,13,val,ind_00122
ind,13,val,ind_00129
ind,13,val,ind_00134
ind,13,val,ind_00153
ind,13,test,ind_00003
ind,13,test,ind_00004
ind,13,test,ind_00006
ind,13,test,ind_00011
ind,13,test,ind_00014
ind,13,test,ind_00024
ind,13,test,ind_00027
ind,13,test,ind_00028
ind,13,test,ind_00029
ind,13,test,ind_00035
ind,13,test,ind_00037
ind,13,test,ind_00038
ind,13,test,ind_00040
ind,13,test,ind_00047
ind,13,test,ind_00052
ind,13,test,ind_00057
ind,13,test,ind_00069
ind,13,test,ind_00084
ind,13,test,ind_00089
ind,13,test,ind_00095
ind,13,test,ind_00097
ind,13,test,ind_00112
ind,13,test,ind_00113
ind,13,test,ind_00117
ind,13,test,ind_00128
ind,13,test,ind_00133
ind,13,test,ind_00135
ind,13,test,ind_00148
ind,13,test,ind_00154
sun,77,train,sun_00004
sun,77,train,sun_00005
sun,77,train,sun_00008
sun,77,train,sun_00009
sun,77,train,sun_00011
sun,77,train,sun_00012
sun,77,train,sun_00015
sun,77,train,sun_00016
sun,77,train,sun_00017
sun,77,train,sun_00019
sun,77,train,sun_00021
sun,77,train,sun_00023
sun,77,train,sun_00024
sun,77,train,sun_00026
sun,77,train,sun_00027
sun,77,train,sun_00028
sun,77,train,sun_00029
sun,77,train,sun_00032
sun,77,train,sun_00034
sun,77,train,sun_00035
sun,77,train,sun_00038
sun,77,train,sun_00039
sun,77,train,sun_00041
sun,77,train,sun_00042
sun,77,train,sun_00043
sun,77,train,sun_00044
sun,77,train,sun_00045
sun,77,train,sun_00046
sun,77,train,sun_00048
sun,77,train,sun_00049
sun,77,train,sun_00051
sun,77,train,sun_00052
sun,77,train,sun_00054
sun,77,train,sun_00056
sun,77,train,sun_00057
sun,77,train,sun_00058
sun,77,train,sun_00059
sun,77,train,sun_00061
sun,77,train,sun_00063
sun,77,train,sun_00065
sun,77,train,sun_00066
sun,77,train,sun_00067
sun,77,train,sun_00068
sun,77,train,sun_00069
sun,77,train,sun_00071
sun,77,train,sun_00072
sun,77,train,sun_00074
sun,77,train,sun_00076
sun,77,train,sun_00077
sun,77,train,sun_00078
sun,77,train,sun_00080
sun,77,train,sun_00081
sun,77,train,sun_00083
sun,77,train,sun_00084
sun,77,train,sun_00085
sun,77,train,sun_00086
sun,77,train,sun_00088
sun,77,train,sun_00089
sun,77,train,sun_00090
sun,77,train,sun_00091
sun,77,train,sun_00093
sun,77,train,sun_00094
sun,77,train,sun_00095
sun,77,train,sun_00096
sun,77,train,sun_00097
sun,77,train,sun_00098
sun,77,train,sun_00099
sun,77,train,sun_00100
sun,77,train,sun_00102
sun,77,train,sun_00103
sun,77,train,sun_00104
sun,77,train,sun_00106
sun,77,train,sun_00110
sun,77,train,sun_00112
sun,77,train,sun_00113
sun,77,train,sun_00114
sun,77,train,sun_00115
sun,77,train,sun_00116
sun,77,train,sun_00117
sun,77,train,sun_00118
sun,77,train,sun_00122
sun,77,train,sun_00123
sun,77,train,sun_00125
sun,77,train,sun_00126
sun,77,train,sun_00127
sun,77,train,sun_00129
sun,77,train,sun_00130
sun,77,train,sun_00132
sun,77,train,sun_00137
sun,77,train,sun_00138
sun,77,train,sun_00140
sun,77,train,sun_00141
sun,77,train,sun_00142
sun,77,train,sun_00143
sun,77,train,sun_00144
sun,77,train,sun_00145
sun,77,train,sun_00146
sun,77,train,sun_00147
sun,77,train,sun_00148
sun,77,train,sun_00149
sun,77,train,sun_00150
sun,77,train,sun_00151
sun,77,train,sun_00153
sun,77,train,sun_00154
sun,77,train,sun_00155
sun,77,train,sun_00156
sun,77,train,sun_00159
sun,77,train,sun_00160
sun,77,train,sun_00161
sun,77,train,sun_00162
sun,77,train,sun_00163
sun,77,train,sun_00164
sun,77,train,sun_00165
sun,77,train,sun_00166
sun,77,train,sun_00168
sun,77,train,sun_00169
sun,77,train,sun_00170
sun,77,train,sun_00171
sun,77,train,sun_00172
sun,77,train,sun_00173
sun,77,train,sun_00174
sun,77,train,sun_00175
sun,77,train,sun_00177
sun,77,train,sun_00178
sun,77,train,sun_00180
sun,77,train,sun_00181
sun,77,train,sun_00182
sun,77,train,sun_00183
sun,77,train,sun_00184
sun,77,train,sun_00185
sun,77,train,sun_00186
sun,77,train,sun_00188
sun,77,train,sun_00191
sun,77,train,sun_00193
sun,77,train,sun_00194
sun,77,train,sun_00195
sun,77,train,sun_00196
sun,77,train,sun_00197
sun,77,train,sun_00198
sun,77,train,sun_00199
sun,77,train,sun_00200
sun,77,train,sun_00201
sun,77,train,sun_00203
sun,77,train,sun_00204
sun,77,train,sun_00205
sun,77,train,sun_00206
sun,77,train,sun_00208
sun,77,train,sun_00213
sun,77,train,sun_00214
sun,77,train,sun_00215
sun,77,train,sun_00217
sun,77,train,sun_00219
sun,77,train,sun_00220
sun,77,train,sun_00222
sun,77,train,sun_00223
sun,77,train,sun_00224
sun,77,train,sun_00226
sun,77,train,sun_00228
sun,77,train,sun_00229
sun,77,train,sun_00231
sun,77,train,sun_00232
sun,77,train,sun_00234
sun,77,train,sun_00240
sun,77,train,sun_00243
sun,77,train,sun_00244
sun,77,train,sun_00245
sun,77,train,sun_00246
sun,77,train,sun_00247
sun,77,train,sun_00248
sun,77,train,sun_00250
sun,77,train,sun_00251
sun,77,train,sun_00252
sun,77,train,sun_00253
sun,77,train,sun_00255
sun,77,train,sun_00257
sun,77,train,sun_00259
sun,77,train,sun_00260
sun,77,train,sun_00262
sun,77,train,sun_00263
sun,77,train,sun_00264
sun,77,train,sun_00265
sun,77,train,sun_00266
sun,77,train,sun_00267
sun,77,train,sun_00270
sun,77,train,sun_00271
sun,77,train,sun_00272
sun,77,train,sun_00273
sun,77,train,sun_00274
sun,77,train,sun_00278
sun,77,train,sun_00279
sun,77,train,sun_00280
sun,77,train,sun_00281
sun,77,train,sun_00283
sun,77,train,sun_00285
sun,77,train,sun_00289
sun,77,train,sun_00290
sun,77,train,sun_00291
sun,77,train,sun_00292
sun,77,train,sun_00294
sun,77,train,sun_00296
sun,77,train,sun_00297
sun,77,train,sun_00299
sun,77,train,sun_00301
sun,77,train,sun_00302
sun,77,train,sun_00304
sun,77,train,sun_00306
sun,77,train,sun_00309
sun,77,train,sun_00310
sun,77,train,sun_00311
sun,77,train,sun_00313
sun,77,train,sun_00315
sun,77,train,sun_00318
sun,77,train,sun_00319
sun,77,train,sun_00320
sun,77,train,sun_00322
sun,77,train,sun_00323
sun,77,train,sun_00325
sun,77,train,sun_00327
sun,77,train,sun_00329
sun,77,train,sun_00330
sun,77,train,sun_00332
sun,77,train,sun_00333
sun,77,train,sun_00334
sun,77,train,sun_00337
sun,77,train,sun_00339
sun,77,train,sun_00341
sun,77,train,sun_00342
sun,77,train,sun_00343
sun,77,train,sun_00344
sun,77,train,sun_00345
sun,77,train,sun_00346
sun,77,train,sun_00347
sun,77,train,sun_00349
sun,77,train,sun_00355
sun,77,train,sun_00358
sun,77,train,sun_00360
sun,77,train,sun_00361
sun,77,train,sun_00362
sun,77,train,sun_00363
sun,77,train,sun_00364
sun,77,train,sun_00366
sun,77,train,sun_00367
sun,77,train,sun_00368
sun,77,train,sun_00369
sun,77,train,sun_00370
sun,77,train,sun_00371
sun,77,train,sun_00372
sun,77,train,sun_00374
sun,77,train,sun_00375
sun,77,train,sun_00376
sun,77,train,sun_00378
sun,77,train,sun_00379
sun,77,train,sun_00382
sun,77,train,sun_00383
sun,77,train,sun_00384
sun,77,train,sun_00385
sun,77,train,sun_00386
sun,77,train,sun_00387
sun,77,train,sun_00390
sun,77,train,sun_00392
sun,77,train,sun_00393
sun,77,train,sun_00394
sun,77,train,sun_00397
sun,77,train,sun_00399
sun,77,train,sun_00401
sun,77,train,sun_00402
sun,77,train,sun_00403
sun,77,train,sun_00404
sun,77,train,sun_00405
sun,77,train,sun_00407
sun,77,train,sun_00410
sun,77,train,sun_00411
sun,77,train,sun_00413
sun,77,train,sun_00414
sun,77,train,sun_00416
sun,77,train,sun_00417
sun,77,train,sun_00419
sun,77,train,sun_00421
sun,77,train,sun_00422
sun,77,train,sun_00424
sun,77,train,sun_00425
sun,77,train,sun_00426
sun,77,train,sun_00427
sun,77,train,sun_00428
sun,77,train,sun_00430
sun,77,train,sun_00433
sun,77,train,sun_00434
sun,77,train,sun_00435
sun,77,train,sun_00436
sun,77,train,sun_00438
sun,77,train,sun_00439
sun,77,train,sun_00440
sun,77,train,sun_00441
sun,77,train,sun_00442
sun,77,train,sun_00443
sun,77,train,sun_00444
sun,77,train,sun_00445
sun,77,train,sun_00446
sun,77,train,sun_00449
sun,77,train,sun_00450
sun,77,train,sun_00451
sun,77,train,sun_00452
sun,77,train,sun_00454
sun,77,train,sun_00455
sun,77,train,sun_00456
sun,77,train,sun_00457
sun,77,train,sun_00462
sun,77,train,sun_00468
sun,77,train,sun_00469
sun,77,train,sun_00470
sun,77,train,sun_00471
sun,77,train,sun_00473
sun,77,train,sun_00474
sun,77,train,sun_00475
sun,77,train,sun_00477
sun,77,train,sun_00478
sun,77,train,sun_00480
sun,77,train,sun_00481
sun,77,train,sun_00483
sun,77,train,sun_00484
sun,77,train,sun_00485
sun,77,train,sun_00486
sun,77,train,sun_00487
sun,77,train,sun_00488
sun,77,train,sun_00489
sun,77,train,sun_00490
sun,77,train,sun_00491
sun,77,train,sun_00493
sun,77,train,sun_00494
sun,77,train,sun_00495
sun,77,train,sun_00496
sun,77,train,sun_00497
sun,77,train,sun_00498
sun,77,train,sun_00499
sun,77,train,sun_00502
sun,77,train,sun_00504
sun,77,train,sun_00508
sun,77,train,sun_00510
sun,77,train,sun_00511
sun,77,train,sun_00512
sun,77,train,sun_00513
sun,77,train,sun_00514
sun,77,train,sun_00515
sun,77,train,sun_00516
sun,77,train,sun_00517
sun,77,train,sun_00518
sun,77,train,sun_00519
sun,77,train,sun_00520
sun,77,train,sun_00521
sun,77,train,sun_00522
sun,77,train,sun_00523
sun,77,train,sun_00526
sun,77,train,sun_00527
sun,77,train,sun_00528
sun,77,train,sun_00530
sun,77,train,sun_00531
sun,77,train,sun_00532
sun,77,train,sun_00534
sun,77,train,sun_00535
sun,77,train,sun_00538
sun,77,train,sun_00539
sun,77,train,sun_00541
sun,77,train,sun_00545
sun,77,train,sun_00546
sun,77,train,sun_00548
sun,77,train,sun_00549
sun,77,train,sun_00551
sun,77,train,sun_00552
sun,77,train,sun_00553
sun,77,train,sun_00554
sun,77,train,sun_00557
sun,77,train,sun_00558
sun,77,train,sun_00560
sun,77,train,sun_00561
sun,77,train,sun_00562
sun,77,train,sun_00564
sun,77,train,sun_00565
sun,77,train,sun_00566
sun,77,train,sun_00567
sun,77,train,sun_00569
sun,77,train,sun_00572
sun,77,train,sun_00573
sun,77,train,sun_00574
sun,77,train,sun_00577
sun,77,train,sun_00578
sun,77,train,sun_00579
sun,77,train,sun_00580
sun,77,train,sun_00585
sun,77,train,sun_00586
sun,77,train,sun_00587
sun,77,train,sun_00590
sun,77,train,sun_00591
sun,77,train,sun_00592
sun,77,train,sun_00594
sun,77,train,sun_00595
sun,77,train,sun_00599
sun,77,train,sun_00600
sun,77,train,sun_00601
sun,77,train,sun_00604
sun,77,train,sun_00605
sun,77,train,sun_00606
sun,77,train,sun_00607
sun,77,train,sun_00608
sun,77,train,sun_00611
sun,77,train,sun_00612
sun,77,train,sun_00613
sun,77,train,sun_00614
sun,77,train,sun_00616
sun,77,train,sun_00617
sun,77,train,sun_00618
sun,77,train,sun_00619
sun,77,train,sun_00620
sun,77,train,sun_00621
sun,77,train,sun_00622
sun,77,train,sun_00623
sun,77,train,sun_00624
sun,77,train,sun_00625
sun,77,train,sun_00627
sun,77,train,sun_00630
sun,77,train,sun_00631
sun,77,train,sun_00632
sun,77,train,sun_00633
sun,77,train,sun_00635
sun,77,train,sun_00636
sun,77,train,sun_00637
sun,77,train,sun_00641
sun,77,train,sun_00642
sun,77,train,sun_00643
sun,77,train,sun_00646
sun,77,train,sun_00648
sun,77,train,sun_00649
sun,77,train,sun_00650
sun,77,train,sun_00651
sun,77,train,sun_00653
sun,77,train,sun_00656
sun,77,train,sun_00657
sun,77,train,sun_00658
sun,77,train,sun_00660
sun,77,train,sun_00661
sun,77,train,sun_00663
sun,77,train,sun_00664
sun,77,train,sun_00666
sun,77,train,sun_00667
sun,77,train,sun_00668
sun,77,train,sun_00670
sun,77,train,sun_00671
sun,77,train,sun_00674
sun,77,train,sun_00675
sun,77,train,sun_00676
sun,77,train,sun_00677
sun,77,train,sun_00680
sun,77,train,sun_00681
sun,77,train,sun_00682
sun,77,train,sun_00683
sun,77,train,sun_00684
sun,77,train,sun_00685
sun,77,train,sun_00689
sun,77,train,sun_00690
sun,77,train,sun_00691
sun,77,train,sun_00692
sun,77,train,sun_00693
sun,77,train,sun_00697
sun,77,train,sun_00700
sun,77,train,sun_00701
sun,77,train,sun_00703
sun,77,train,sun_00705
sun,77,train,sun_00706
sun,77,train,sun_00712
sun,77,train,sun_00713
sun,77,train,sun_00715
sun,77,train,sun_00716
sun,77,train,sun_00717
sun,77,train,sun_00718
sun,77,train,sun_00720
sun,77,train,sun_00721
sun,77,train,sun_00722
sun,77,train,sun_00724
sun,77,train,sun_00725
sun,77,train,sun_00726
sun,77,train,sun_00729
sun,77,train,sun_00731
sun,77,train,sun_00732
sun,77,train,sun_00737
sun,77,train,sun_00738
sun,77,train,sun_00740
sun,77,train,sun_00741
sun,77,train,sun_00743
sun,77,train,sun_00744
sun,77,train,sun_00746
sun,77,train,sun_00748
sun,77,train,sun_00749
sun,77,train,sun_00750
sun,77,train,sun_00752
sun,77,train,sun_00754
sun,77,train,sun_00755
sun,77,train,sun_00756
sun,77,train,sun_00757
sun,77,train,sun_00759
sun,77,train,sun_00760
sun,77,train,sun_00761
sun,77,train,sun_00763
sun,77,train,sun_00764
sun,77,train,sun_00766
sun,77,train,sun_00767
sun,77,train,sun_00768
sun,77,train,sun_00770
sun,77,train,sun_00771
sun,77,train,sun_00772
sun,77,train,sun_00773
sun,77,train,sun_00775
sun,77,train,sun_00776
sun,77,train,sun_00778
sun,77,train,sun_00779
sun,77,train,sun_00780
sun,77,train,sun_00781
sun,77,train,sun_00783
sun,77,train,sun_00784
sun,77,train,sun_00789
sun,77,train,sun_00790
sun,77,train,sun_00791
sun,77,train,sun_00792
sun,77,train,sun_00793
sun,77,train,sun_00794
sun,77,train,sun_00796
sun,77,train,sun_00799
sun,77,train,sun_00800
sun,77,train,sun_00801
sun,77,train,sun_00805
sun,77,train,sun_00807
sun,77,train,sun_00808
sun,77,train,sun_00812
sun,77,train,sun_00813
sun,77,train,sun_00816
sun,77,train,sun_00817
sun,77,train,sun_00818
sun,77,train,sun_00819
sun,77,train,sun_00820
sun,77,train,sun_00821
sun,77,train,sun_00823
sun,77,train,sun_00826
sun,77,train,sun_00827
sun,77,train,sun_00829
sun,77,train,sun_00830
sun,77,train,sun_00832
sun,77,train,sun_00833
sun,77,train,sun_00834
sun,77,train,sun_00839
sun,77,train,sun_00841
sun,77,train,sun_00842
sun,77,train,sun_00843
sun,77,train,sun_00844
sun,77,train,sun_00845
sun,77,train,sun_00846
sun,77,train,sun_00847
sun,77,train,sun_00850
sun,77,train,sun_00851
sun,77,train,sun_00853
sun,77,train,sun_00854
sun,77,train,sun_00856
sun,77,train,sun_00857
sun,77,train,sun_00858
sun,77,train,sun_00859
sun,77,train,sun_00863
sun,77,train,sun_00866
sun,77,train,sun_00868
sun,77,train,sun_00869
sun,77,train,sun_00870
sun,77,train,sun_00872
sun,77,train,sun_00873
sun,77,train,sun_00874
sun,77,train,sun_00875
sun,77,train,sun_00876
sun,77,train,sun_00878
sun,77,train,sun_00879
sun,77,train,sun_00880
sun,77,train,sun_00881
sun,77,train,sun_00884
sun,77,train,sun_00885
sun,77,train,sun_00888
sun,77,train,sun_00889
sun,77,train,sun_00890
sun,77,train,sun_00891
sun,77,train,sun_00892
sun,77,train,sun_00893
sun,77,train,sun_00896
sun,77,train,sun_00897
sun,77,train,sun_00899
sun,77,train,sun_00900
sun,77,train,sun_00902
sun,77,train,sun_00904
sun,77,train,sun_00906
sun,77,train,sun_00907
sun,77,train,sun_00908
sun,77,train,sun_00909
sun,77,train,sun_00910
sun,77,train,sun_00913
sun,77,train,sun_00914
sun,77,train,sun_00915
sun,77,train,sun_00916
sun,77,train,sun_00917
sun,77,train,sun_00919
sun,77,train,sun_00920
sun,77,train,sun_00923
sun,77,train,sun_00924
sun,77,train,sun_00925
sun,77,train,sun_00926
sun,77,train,sun_00927
sun,77,train,sun_00928
sun,77,train,sun_00930
sun,77,train,sun_00932
sun,77,train,sun_00935
sun,77,train,sun_00936
sun,77,train,sun_00937
sun,77,train,sun_00938
sun,77,train,sun_00942
sun,77,train,sun_00943
sun,77,train,sun_00944
sun,77,train,sun_00945
sun,77,train,sun_00946
sun,77,train,sun_00948
sun,77,train,sun_00949
sun,77,train,sun_00950
sun,77,train,sun_00951
sun,77,train,sun_00952
sun,77,train,sun_00955
sun,77,train,sun_00957
sun,77,train,sun_00959
sun,77,train,sun_00960
sun,77,train,sun_00961
sun,77,train,sun_00962
sun,77,train,sun_00963
sun,77,train,sun_00964
sun,77,train,sun_00966
sun,77,train,sun_00968
sun,77,train,sun_00969
sun,77,train,sun_00974
sun,77,train,sun_00975
sun,77,train,sun_00976
sun,77,train,sun_00978
sun,77,train,sun_00980
sun,77,train,sun_00984
sun,77,train,sun_00988
sun,77,train,sun_00990
sun,77,train,sun_00992
sun,77,train,sun_00994
sun,77,train,sun_00995
sun,77,train,sun_00996
sun,77,train,sun_00998
sun,77,train,sun_01000
sun,77,train,sun_01001
sun,77,train,sun_01002
sun,77,train,sun_01003
sun,77,train,sun_01005
sun,77,train,sun_01006
sun,77,train,sun_01007
sun,77,train,sun_01008
sun,77,train,sun_01009
sun,77,train,sun_01010
sun,77,train,sun_01011
sun,77,train,sun_01012
sun,77,train,sun_01013
sun,77,train,sun_01015
sun,77,train,sun_01016
sun,77,train,sun_01017
sun,77,train,sun_01018
sun,77,train,sun_01019
sun,77,train,sun_01020
sun,77,train,sun_01021
sun,77,train,sun_01022
sun,77,train,sun_01023
sun,77,train,sun_01026
sun,77,train,sun_01028
sun,77,train,sun_01029
sun,77,train,sun_01030
sun,77,train,sun_01031
sun,77,train,sun_01032
sun,77,train,sun_01033
sun,77,train,sun_01035
sun,77,train,sun_01036
sun,77,train,sun_01038
sun,77,train,sun_01040
sun,77,train,sun_01041
sun,77,train,sun_01043
sun,77,train,sun_01045
sun,77,train,sun_01046
sun,77,train,sun_01047
sun,77,train,sun_01048
sun,77,train,sun_01050
sun,77,train,sun_01051
sun,77,train,sun_01053
sun,77,train,sun_01054
sun,77,train,sun_01058
sun,77,train,sun_01059
sun,77,train,sun_01060
sun,77,train,sun_01061
sun,77,train,sun_01062
sun,77,train,sun_01064
sun,77,train,sun_01065
sun,77,train,sun_01066
sun,77,train,sun_01070
sun,77,train,sun_01071
sun,77,train,sun_01074
sun,77,train,sun_01075
sun,77,train,sun_01079
sun,77,train,sun_01084
sun,77,train,sun_01085
sun,77,train,sun_01086
sun,77,train,sun_01088
sun,77,train,sun_01089
sun,77,train,sun_01091
sun,77,train,sun_01092
sun,77,train,sun_01093
sun,77,train,sun_01094
sun,77,train,sun_01095
sun,77,train,sun_01096
sun,77,train,sun_01097
sun,77,train,sun_01098
sun,77,train,sun_01099
sun,77,train,sun_01100
sun,77,train,sun_01104
sun,77,train,sun_01108
sun,77,train,sun_01111
sun,77,train,sun_01113
sun,77,train,sun_01116
sun,77,train,sun_01117
sun,77,train,sun_01118
sun,77,train,sun_01120
sun,77,train,sun_01121
sun,77,train,sun_01122
sun,77,val,sun_00000
sun,77,val,sun_00002
sun,77,val,sun_00006
sun,77,val,sun_00007
sun,77,val,sun_00010
sun,77,val,sun_00013
sun,77,val,sun_00014
sun,77,val,sun_00020
sun,77,val,sun_00022
sun,77,val,sun_00036
sun,77,val,sun_00053
sun,77,val,sun_00060
sun,77,val,sun_00064
sun,77,val,sun_00082
sun,77,val,sun_00087
sun,77,val,sun_00105
sun,77,val,sun_00111
sun,77,val,sun_00119
sun,77,val,sun_00120
sun,77,val,sun_00124
sun,77,val,sun_00128
sun,77,val,sun_00135
sun,77,val,sun_00136
sun,77,val,sun_00157
sun,77,val,sun_00167
sun,77,val,sun_00176
sun,77,val,sun_00187
sun,77,val,sun_00192
sun,77,val,sun_00207
sun,77,val,sun_00209
sun,77,val,sun_00212
sun,77,val,sun_00216
sun,77,val,sun_00218
sun,77,val,sun_00225
sun,77,val,sun_00237
sun,77,val,sun_00242
sun,77,val,sun_00254
sun,77,val,sun_00256
sun,77,val,sun_00258
sun,77,val,sun_00261
sun,77,val,sun_00268
sun,77,val,sun_00277
sun,77,val,sun_00282
sun,77,val,sun_00284
sun,77,val,sun_00293
sun,77,val,sun_00298
sun,77,val,sun_00300
sun,77,val,sun_00303
sun,77,val,sun_00314
sun,77,val,sun_00321
sun,77,val,sun_00326
sun,77,val,sun_00336
sun,77,val,sun_00340
sun,77,val,sun_00351
sun,77,val,sun_00353
sun,77,val,sun_00356
sun,77,val,sun_00359
sun,77,val,sun_00373
sun,77,val,sun_00380
sun,77,val,sun_00388
sun,77,val,sun_00395
sun,77,val,sun_00398
sun,77,val,sun_00406
sun,77,val,sun_00408
sun,77,val,sun_00409
sun,77,val,sun_00412
sun,77,val,sun_00415
sun,77,val,sun_00418
sun,77,val,sun_00423
sun,77,val,sun_00429
sun,77,val,sun_00453
sun,77,val,sun_00460
sun,77,val,sun_00463
sun,77,val,sun_00467
sun,77,val,sun_00479
sun,77,val,sun_00482
sun,77,val,sun_00501
sun,77,val,sun_00507
sun,77,val,sun_00524
sun,77,val,sun_00543
sun,77,val,sun_00544
sun,77,val,sun_00550
sun,77,val,sun_00555
sun,77,val,sun_00556
sun,77,val,sun_00563
sun,77,val,sun_00568
sun,77,val,sun_00570
sun,77,val,sun_00571
sun,77,val,sun_00575
sun,77,val,sun_00581
sun,77,val,sun_00588
sun,77,val,sun_00609
sun,77,val,sun_00610
sun,77,val,sun_00629
sun,77,val,sun_00638
sun,77,val,sun_00639
sun,77,val,sun_00644
sun,77,val,sun_00645
sun,77,val,sun_00647
sun,77,val,sun_00665
sun,77,val,sun_00669
sun,77,val,sun_00686
sun,77,val,sun_00695
sun,77,val,sun_00702
sun,77,val,sun_00708
sun,77,val,sun_00709
sun,77,val,sun_00719
sun,77,val,sun_00723
sun,77,val,sun_00734
sun,77,val,sun_00736
sun,77,val,sun_00745
sun,77,val,sun_00747
sun,77,val,sun_00758
sun,77,val,sun_00765
sun,77,val,sun_00777
sun,77,val,sun_00788
sun,77,val,sun_00795
sun,77,val,sun_00797
sun,77,val,sun_00802
sun,77,val,sun_00804
sun,77,val,sun_00811
sun,77,val,sun_00822
sun,77,val,sun_00825
sun,77,val,sun_00831
sun,77,val,sun_00835
sun,77,val,sun_00840
sun,77,val,sun_00848
sun,77,val,sun_00855
sun,77,val,sun_00861
sun,77,val,sun_00864
sun,77,val,sun_00865
sun,77,val,sun_00867
sun,77,val,sun_00883
sun,77,val,sun_00894
sun,77,val,sun_00895
sun,77,val,sun_00898
sun,77,val,sun_00911
sun,77,val,sun_00918
sun,77,val,sun_00931
sun,77,val,sun_00940
sun,77,val,sun_00953
sun,77,val,sun_00954
sun,77,val,sun_00965
sun,77,val,sun_00972
sun,77,val,sun_00973
sun,77,val,sun_00977
sun,77,val,sun_00981
sun,77,val,sun_00985
sun,77,val,sun_00989
sun,77,val,sun_00993
sun,77,val,sun_01014
sun,77,val,sun_01025
sun,77,val,sun_01034
sun,77,val,sun_01037
sun,77,val,sun_01042
sun,77,val,sun_01044
sun,77,val,sun_01068
sun,77,val,sun_01072
sun,77,val,sun_01077
sun,77,val,sun_01078
sun,77,val,sun_01080
sun,77,val,sun_01081
sun,77,val,sun_01102
sun,77,val,sun_01103
sun,77,val,sun_01105
sun,77,val,sun_01106
sun,77,val,sun_01109
sun,77,val,sun_01115
sun,77,test,sun_00001
sun,77,test,sun_00003
sun,77,test,sun_00018
sun,77,test,sun_00025
sun,77,test,sun_00030
sun,77,test,sun_00031
sun,77,test,sun_00033
sun,77,test,sun_00037
sun,77,test,sun_00040
sun,77,test,sun_00047
sun,77,test,sun_00050
sun,77,test,sun_00055
sun,77,test,sun_00062
sun,77,test,sun_00070
sun,77,test,sun_00073
sun,77,test,sun_00075
sun,77,test,sun_00079
sun,77,test,sun_00092
sun,77,test,sun_00101
sun,77,test,sun_00107
sun,77,test,sun_00108
sun,77,test,sun_00109
sun,77,test,sun_00121
sun,77,test,sun_00131
sun,77,test,sun_00133
sun,77,test,sun_00134
sun,77,test,sun_00139
sun,77,test,sun_00152
sun,77,test,sun_00158
sun,77,test,sun_00179
sun,77,test,sun_00189
sun,77,test,sun_00190
sun,77,test,sun_00202
sun,77,test,sun_00210
sun,77,test,sun_00211
sun,77,test,sun_00221
sun,77,test,sun_00227
sun,77,test,sun_00230
sun,77,test,sun_00233
sun,77,test,sun_00235
sun,77,test,sun_00236
sun,77,test,sun_00238
sun,77,test,sun_00239
sun,77,test,sun_00241
sun,77,test,sun_00249
sun,77,test,sun_00269
sun,77,test,sun_00275
sun,77,test,sun_00276
sun,77,test,sun_00286
sun,77,test,sun_00287
sun,77,test,sun_00288
sun,77,test,sun_00295
sun,77,test,sun_00305
sun,77,test,sun_00307
sun,77,test,sun_00308
sun,77,test,sun_00312
sun,77,test,sun_00316
sun,77,test,sun_00317
sun,77,test,sun_00324
sun,77,test,sun_00328
sun,77,test,sun_00331
sun,77,test,sun_00335
sun,77,test,sun_00338
sun,77,test,sun_00348
sun,77,test,sun_00350
sun,77,test,sun_00352
sun,77,test,sun_00354
sun,77,test,sun_00357
sun,77,test,sun_00365
sun,77,test,sun_00377
sun,77,test,sun_00381
sun,77,test,sun_00389
sun,77,test,sun_00391
sun,77,test,sun_00396
sun,77,test,sun_00400
sun,77,test,sun_00420
sun,77,test,sun_00431
sun,77,test,sun_00432
sun,77,test,sun_00437
sun,77,test,sun_00447
sun,77,test,sun_00448
sun,77,test,sun_00458
sun,77,test,sun_00459
sun,77,test,sun_00461
sun,77,test,sun_00464
sun,77,test,sun_00465
sun,77,test,sun_00466
sun,77,test,sun_00472
sun,77,test,sun_00476
sun,77,test,sun_00492
sun,77,test,sun_00500
sun,77,test,sun_00503
sun,77,test,sun_00505
sun,77,test,sun_00506
sun,77,test,sun_00509
sun,77,test,sun_00525
sun,77,test,sun_00529
sun,77,test,sun_00533
sun,77,test,sun_00536
sun,77,test,sun_00537
sun,77,test,sun_00540
sun,77,test,sun_00542
sun,77,test,sun_00547
sun,77,test,sun_00559
sun,77,test,sun_00576
sun,77,test,sun_00582
sun,77,test,sun_00583
sun,77,test,sun_00584
sun,77,test,sun_00589
sun,77,test,sun_00593
sun,77,test,sun_00596
sun,77,test,sun_00597
sun,77,test,sun_00598
sun,77,test,sun_00602
sun,77,test,sun_00603
sun,77,test,sun_00615
sun,77,test,sun_00626
sun,77,test,sun_00628
sun,77,test,sun_00634
sun,77,test,sun_00640
sun,77,test,sun_00652
sun,77,test,sun_00654
sun,77,test,sun_00655
sun,77,test,sun_00659
sun,77,test,sun_00662
sun,77,test,sun_00672
sun,77,test,sun_00673
sun,77,test,sun_00678
sun,77,test,sun_00679
sun,77,test,sun_00687
sun,77,test,sun_00688
sun,77,test,sun_00694
sun,77,test,sun_00696
sun,77,test,sun_00698
sun,77,test,sun_00699
sun,77,test,sun_00704
sun,77,test,sun_00707
sun,77,test,sun_00710
sun,77,test,sun_00711
sun,77,test,sun_00714
sun,77,test,sun_00727
sun,77,test,sun_00728
sun,77,test,sun_00730
sun,77,test,sun_00733
sun,77,test,sun_00735
sun,77,test,sun_00739
sun,77,test,sun_00742
sun,77,test,sun_00751
sun,77,test,sun_00753
sun,77,test,sun_00762
sun,77,test,sun_00769
sun,77,test,sun_00774
sun,77,test,sun_00782
sun,77,test,sun_00785
sun,77,test,sun_00786
sun,77,test,sun_00787
sun,77,test,sun_00798
sun,77,test,sun_00803
sun,77,test,sun_00806
sun,77,test,sun_00809
sun,77,test,sun_00810
sun,77,test,sun_00814
sun,77,test,sun_00815
sun,77,test,sun_00824
sun,77,test,sun_00828
sun,77,test,sun_00836
sun,77,test,sun_00837
sun,77,test,sun_00838
sun,77,test,sun_00849
sun,77,test,sun_00852
sun,77,test,sun_00860
sun,77,test,sun_00862
sun,77,test,sun_00871
sun,77,test,sun_00877
sun,77,test,sun_00882
sun,77,test,sun_00886
sun,77,test,sun_00887
sun,77,test,sun_00901
sun,77,test,sun_00903
sun,77,test,sun_00905
sun,77,test,sun_00912
sun,77,test,sun_00921
sun,77,test,sun_00922
sun,77,test,sun_00929
sun,77,test,sun_00933
sun,77,test,sun_00934
sun,77,test,sun_00939
sun,77,test,sun_00941
sun,77,test,sun_00947
sun,77,test,sun_00956
sun,77,test,sun_00958
sun,77,test,sun_00967
sun,77,test,sun_00970
sun,77,test,sun_00971
sun,77,test,sun_00979
sun,77,test,sun_00982
sun,77,test,sun_00983
sun,77,test,sun_00986
sun,77,test,sun_00987
sun,77,test,sun_00991
sun,77,test,sun_00997
sun,77,test,sun_00999
sun,77,test,sun_01004
sun,77,test,sun_01024
sun,77,test,sun_01027
sun,77,test,sun_01039
sun,77,test,sun_01049
sun,77,test,sun_01052
sun,77,test,sun_01055
sun,77,test,sun_01056
sun,77,test,sun_01057
sun,77,test,sun_01063
sun,77,test,sun_01067
sun,77,test,sun_01069
sun,77,test,sun_01073
sun,77,test,sun_01076
sun,77,test,sun_01082
sun,77,test,sun_01083
sun,77,test,sun_01087
sun,77,test,sun_01090
sun,77,test,sun_01101
sun,77,test,sun_01107
sun,77,test,sun_01110
sun,77,test,sun_01112
sun,77,test,sun_01114
sun,77,test,sun_01119
jav,77,train,jav_00000
jav,77,train,jav_00001
jav,77,train,jav_00002
jav,77,train,jav_00003
jav,77,train,jav_00004
jav,77,train,jav_00005
jav,77,train,jav_00006
jav,77,train,jav_00007
jav,77,train,jav_00009
jav,77,train,jav_00012
jav,77,train,jav_00013
jav,77,train,jav_00014
jav,77,train,jav_00015
jav,77,train,jav_00022
jav,77,train,jav_00023
jav,77,train,jav_00026
jav,77,train,jav_00028
jav,77,train,jav_00029
jav,77,train,jav_00031
jav,77,train,jav_00032
jav,77,train,jav_00033
jav,77,train,jav_00034
jav,77,train,jav_00037
jav,77,train,jav_00039
jav,77,train,jav_00041
jav,77,train,jav_00043
jav,77,train,jav_00044
jav,77,train,jav_00045
jav,77,train,jav_00046
jav,77,train,jav_00049
jav,77,train,jav_00050
jav,77,train,jav_00053
jav,77,train,jav_00054
jav,77,train,jav_00056
jav,77,train,jav_00057
jav,77,train,jav_00060
jav,77,train,jav_00062
jav,77,train,jav_00064
jav,77,train,jav_00067
jav,77,train,jav_00068
jav,77,train,jav_00069
jav,77,train,jav_00070
jav,77,train,jav_00072
jav,77,train,jav_00073
jav,77,train,jav_00074
jav,77,train,jav_00075
jav,77,train,jav_00076
jav,77,train,jav_00077
jav,77,train,jav_00078
jav,77,train,jav_00079
jav,77,train,jav_00080
jav,77,train,jav_00081
jav,77,train,jav_00082
jav,77,train,jav_00083
jav,77,train,jav_00085
jav,77,train,jav_00086
jav,77,train,jav_00088
jav,77,train,jav_00089
jav,77,train,jav_00090
jav,77,train,jav_00093
jav,77,train,jav_00094
jav,77,train,jav_00096
jav,77,train,jav_00097
jav,77,train,jav_00098
jav,77,train,jav_00099
jav,77,train,jav_00102
jav,77,train,jav_00103
jav,77,train,jav_00106
jav,77,train,jav_00107
jav,77,train,jav_00108
jav,77,train,jav_00109
jav,77,train,jav_00113
jav,77,train,jav_00114
jav,77,train,jav_00115
jav,77,train,jav_00116
jav,77,train,jav_00118
jav,77,train,jav_00119
jav,77,train,jav_00122
jav,77,train,jav_00123
jav,77,train,jav_00125
jav,77,train,jav_00126
jav,77,train,jav_00127
jav,77,train,jav_00128
jav,77,train,jav_00131
jav,77,train,jav_00132
jav,77,train,jav_00133
jav,77,train,jav_00134
jav,77,train,jav_00135
jav,77,train,jav_00137
jav,77,train,jav_00140
jav,77,train,jav_00141
jav,77,train,jav_00143
jav,77,train,jav_00145
jav,77,train,jav_00146
jav,77,train,jav_00147
jav,77,train,jav_00148
jav,77,train,jav_00149
jav,77,train,jav_00150
jav,77,val,jav_00011
jav,77,val,jav_00020
jav,77,val,jav_00024
jav,77,val,jav_00025
jav,77,val,jav_00036
jav,77,val,jav_00042
jav,77,val,jav_00048
jav,77,val,jav_00051
jav,77,val,jav_00052
jav,77,val,jav_00058
jav,77,val,jav_00061
jav,77,val,jav_00063
jav,77,val,jav_00066
jav,77,val,jav_00084
jav,77,val,jav_00087
jav,77,val,jav_00092
jav,77,val,jav_00095
jav,77,val,jav_00104
jav,77,val,jav_00111
jav,77,val,jav_00112
jav,77,val,jav_00117
jav,77,val,jav_00136
jav,77,test,jav_00008
jav,77,test,jav_00010
jav,77,test,jav_00016
jav,77,test,jav_00017
jav,77,test,jav_00018
jav,77,test,jav_00019
jav,77,test,jav_00021
jav,77,test,jav_00027
jav,77,test,jav_00030
jav,77,test,jav_00035
jav,77,test,jav_00038
jav,77,test,jav_00040
jav,77,test,jav_00047
jav,77,test,jav_00055
jav,77,test,jav_00059
jav,77,test,jav_00065
jav,77,test,jav_00071
jav,77,test,jav_00091
jav,77,test,jav_00100
jav,77,test,jav_00101
jav,77,test,jav_00105
jav,77,test,jav_00110
jav,77,test,jav_00120
jav,77,test,jav_00121
jav,77,test,jav_00124
jav,77,test,jav_00129
jav,77,test,jav_00130
jav,77,test,jav_00138
jav,77,test,jav_00139
jav,77,test,jav_00142
jav,77,test,jav_00144
ind,77,train,ind_00000
ind,77,train,ind_00004
ind,77,train,ind_00005
ind,77,train,ind_00009
ind,77,train,ind_00011
ind,77,train,ind_00013
ind,77,train,ind_00014
ind,77,train,ind_00017
ind,77,train,ind_00018
ind,77,train,ind_00021
ind,77,train,ind_00023
ind,77,train,ind_00024
ind,77,train,ind_00025
ind,77,train,ind_00026
ind,77,train,ind_00029
ind,77,train,ind_00030
ind,77,train,ind_00035
ind,77,train,ind_00036
ind,77,train,ind_00038
ind,77,train,ind_00039
ind,77,train,ind_00041
ind,77,train,ind_00042
ind,77,train,ind_00045
ind,77,train,ind_00047
ind,77,train,ind_00049
ind,77,train,ind_00050
ind,77,train,ind_00052
ind,77,train,ind_00053
ind,77,train,ind_00054
ind,77,train,ind_00056
ind,77,train,ind_00057
ind,77,train,ind_00059
ind,77,train,ind_00061
ind,77,train,ind_00062
ind,77,train,ind_00063
ind,77,train,ind_00064
ind,77,train,ind_00065
ind,77,train,ind_00066
ind,77,train,ind_00067
ind,77,train,ind_00068
ind,77,train,ind_00069
ind,77,train,ind_00071
ind,77,train,ind_00072
ind,77,train,ind_00074
ind,77,train,ind_00076
ind,77,train,ind_00077
ind,77,train,ind_00078
ind,77,train,ind_00079
ind,77,train,ind_00081
ind,77,train,ind_00082
ind,77,train,ind_00083
ind,77,train,ind_00085
ind,77,train,ind_00086
ind,77,train,ind_00087
ind,77,train,ind_00088
ind,77,train,ind_00093
ind,77,train,ind_00094
ind,77,train,ind_00095
ind,77,train,ind_00096
ind,77,train,ind_00098
ind,77,train,ind_00100
ind,77,train,ind_00102
ind,77,train,ind_00103
ind,77,train,ind_00104
ind,77,train,ind_00105
ind,77,train,ind_00106
ind,77,train,ind_00107
ind,77,train,ind_00111
ind,77,train,ind_00112
ind,77,train,ind_00113
ind,77,train,ind_00114
ind,77,train,ind_00115
ind,77,train,ind_00117
ind,77,train,ind_00118
ind,77,train,ind_00119
ind,77,train,ind_00120
ind,77,train,ind_00123
ind,77,train,ind_00124
ind,77,train,ind_00127
ind,77,train,ind_00130
ind,77,train,ind_00131
ind,77,train,ind_00132
ind,77,train,ind_00133
ind,77,train,ind_00134
ind,77,train,ind_00136
ind,77,train,ind_00137
ind,77,train,ind_00138
ind,77,train,ind_00139
ind,77,train,ind_00140
ind,77,train,ind_00142
ind,77,train,ind_00143
ind,77,train,ind_00145
ind,77,train,ind_00146
ind,77,train,ind_00147
ind,77,train,ind_00148
ind,77,train,ind_00149
ind,77,train,ind_00150
ind,77,train,ind_00152
ind,77,train,ind_00153
ind,77,train,ind_00154
ind,77,val,ind_00001
ind,77,val,ind_00002
ind,77,val,ind_00006
ind,77,val,ind_00010
ind,77,val,ind_00019
ind,77,val,ind_00022
ind,77,val,ind_00028
ind,77,val,ind_00040
ind,77,val,ind_00044
ind,77,val,ind_00046
ind,77,val,ind_00048
ind,77,val,ind_00058
ind,77,val,ind_00060
ind,77,val,ind_00070
ind,77,val,ind_00073
ind,77,val,ind_00080
ind,77,val,ind_00108
ind,77,val,ind_00109
ind,77,val,ind_00116
ind,77,val,ind_00122
ind,77,val,ind_00128
ind,77,val,ind_00141
ind,77,val,ind_00144
ind,77,val,ind_00151
ind,77,test,ind_00003
ind,77,test,ind_00007
ind,77,test,ind_00008
ind,77,test,ind_00012
ind,77,test,ind_00015
ind,77,test,ind_00016
ind,77,test,ind_00020
ind,77,test,ind_00027
ind,77,test,ind_00031
ind,77,test,ind_00032
ind,77,test,ind_00033
ind,77,test,ind_00034
ind,77,test,ind_00037
ind,77,test,ind_00043
ind,77,test,ind_00051
ind,77,test,ind_00055
ind,77,test,ind_00075
ind,77,test,ind_00084
ind,77,test,ind_00089
ind,77,test,ind_00090
ind,77,test,ind_00091
ind,77,test,ind_00092
ind,77,test,ind_00097
ind,77,test,ind_00099
ind,77,test,ind_00101
ind,77,test,ind_00110
ind,77,test,ind_00121
ind,77,test,ind_00125
ind,77,test,ind_00126
ind,77,test,ind_00129
ind,77,test,ind_00135
ind,77,test,ind_00155
sun,101,train,sun_00000
sun,101,train,sun_00001
sun,101,train,sun_00003
sun,101,train,sun_00006
sun,101,train,sun_00007
sun,101,train,sun_00008
sun,101,train,sun_00009
sun,101,train,sun_00010
sun,101,train,sun_00011
sun,101,train,sun_00012
sun,101,train,sun_00013
sun,101,train,sun_00015
sun,101,train,sun_00016
sun,101,train,sun_00018
sun,101,train,sun_00021
sun,101,train,sun_00022
sun,101,train,sun_00023
sun,101,train,sun_00025
sun,101,train,sun_00026
sun,101,train,sun_00028
sun,101,train,sun_00029
sun,101,train,sun_00030
sun,101,train,sun_00031
sun,101,train,sun_00032
sun,101,train,sun_00033
sun,101,train,sun_00034
sun,101,train,sun_00035
sun,101,train,sun_00036
sun,101,train,sun_00037
sun,101,train,sun_00039
sun,101,train,sun_00040
sun,101,train,sun_00042
sun,101,train,sun_00043
sun,101,train,sun_00044
sun,101,train,sun_00047
sun,101,train,sun_00048
sun,101,train,sun_00051
sun,101,train,sun_00054
sun,101,train,sun_00055
sun,101,train,sun_00056
sun,101,train,sun_00057
sun,101,train,sun_00058
sun,101,train,sun_00059
sun,101,train,sun_00060
sun,101,train,sun_00061
sun,101,train,sun_00062
sun,101,train,sun_00063
sun,101,train,sun_00064
sun,101,train,sun_00065
sun,101,train,sun_00067
sun,101,train,sun_00068
sun,101,train,sun_00069
sun,101,train,sun_00072
sun,101,train,sun_00074
sun,101,train,sun_00075
sun,101,train,sun_00076
sun,101,train,sun_00077
sun,101,train,sun_00078
sun,101,train,sun_00079
sun,101,train,sun_00080
sun,101,train,sun_00081
sun,101,train,sun_00086
sun,101,train,sun_00089
sun,101,train,sun_00090
sun,101,train,sun_00091
sun,101,train,sun_00093
sun,101,train,sun_00094
sun,101,train,sun_00095
sun,101,train,sun_00096
sun,101,train,sun_00098
sun,101,train,sun_00099
sun,101,train,sun_00100
sun,101,train,sun_00101
sun,101,train,sun_00102
sun,101,train,sun_00104
sun,101,train,sun_00105
sun,101,train,sun_00106
sun,101,train,sun_00107
sun,101,train,sun_00108
sun,101,train,sun_00109
sun,101,train,sun_00110
sun,101,train,sun_00111
sun,101,train,sun_00112
sun,101,train,sun_00114
sun,101,train,sun_00115
sun,101,train,sun_00116
sun,101,train,sun_00117
sun,101,train,sun_00118
sun,101,train,sun_00119
sun,101,train,sun_00121
sun,101,train,sun_00122
sun,101,train,sun_00123
sun,101,train,sun_00127
sun,101,train,sun_00128
sun,101,train,sun_00130
sun,101,train,sun_00131
sun,101,train,sun_00132
sun,101,train,sun_00134
sun,101,train,sun_00135
sun,101,train,sun_00137
sun,101,train,sun_00138
sun,101,train,sun_00139
sun,101,train,sun_00140
sun,101,train,sun_00141
sun,101,train,sun_00143
sun,101,train,sun_00144
sun,101,train,sun_00145
sun,101,train,sun_00147
sun,101,train,sun_00148
sun,101,train,sun_00149
sun,101,train,sun_00151
sun,101,train,sun_00153
sun,101,train,sun_00155
sun,101,train,sun_00156
sun,101,train,sun_00157
sun,101,train,sun_00161
sun,101,train,sun_00162
sun,101,train,sun_00163
sun,101,train,sun_00164
sun,101,train,sun_00166
sun,101,train,sun_00168
sun,101,train,sun_00171
sun,101,train,sun_00172
sun,101,train,sun_00173
sun,101,train,sun_00174
sun,101,train,sun_00175
sun,101,train,sun_00177
sun,101,train,sun_00179
sun,101,train,sun_00180
sun,101,train,sun_00181
sun,101,train,sun_00182
sun,101,train,sun_00185
sun,101,train,sun_00186
sun,101,train,sun_00188
sun,101,train,sun_00189
sun,101,train,sun_00190
sun,101,train,sun_00192
sun,101,train,sun_00194
sun,101,train,sun_00200
sun,101,train,sun_00201
sun,101,train,sun_00202
sun,101,train,sun_00203
sun,101,train,sun_00204
sun,101,train,sun_00209
sun,101,train,sun_00210
sun,101,train,sun_00211
sun,101,train,sun_00212
sun,101,train,sun_00213
sun,101,train,sun_00214
sun,101,train,sun_00216
sun,101,train,sun_00217
sun,101,train,sun_00218
sun,101,train,sun_00220
sun,101,train,sun_00221
sun,101,train,sun_00222
sun,101,train,sun_00224
sun,101,train,sun_00225
sun,101,train,sun_00226
sun,101,train,sun_00227
sun,101,train,sun_00228
sun,101,train,sun_00229
sun,101,train,sun_00230
sun,101,train,sun_00231
sun,101,train,sun_00232
sun,101,train,sun_00236
sun,101,train,sun_00237
sun,101,train,sun_00238
sun,101,train,sun_00239
sun,101,train,sun_00240
sun,101,train,sun_00241
sun,101,train,sun_00242
sun,101,train,sun_00243
sun,101,train,sun_00244
sun,101,train,sun_00246
sun,101,train,sun_00247
sun,101,train,sun_00249
sun,101,train,sun_00251
sun,101,train,sun_00252
sun,101,train,sun_00253
sun,101,train,sun_00254
sun,101,train,sun_00255
sun,101,train,sun_00256
sun,101,train,sun_00257
sun,101,train,sun_00258
sun,101,train,sun_00260
sun,101,train,sun_00262
sun,101,train,sun_00263
sun,101,train,sun_00267
sun,101,train,sun_00268
sun,101,train,sun_00269
sun,101,train,sun_00274
sun,101,train,sun_00278
sun,101,train,sun_00279
sun,101,train,sun_00281
sun,101,train,sun_00282
sun,101,train,sun_00284
sun,101,train,sun_00285
sun,101,train,sun_00287
sun,101,train,sun_00288
sun,101,train,sun_00289
sun,101,train,sun_00290
sun,101,train,sun_00291
sun,101,train,sun_00292
sun,101,train,sun_00293
sun,101,train,sun_00295
sun,101,train,sun_00298
sun,101,train,sun_00300
sun,101,train,sun_00303
sun,101,train,sun_00304
sun,101,train,sun_00305
sun,101,train,sun_00306
sun,101,train,sun_00307
sun,101,train,sun_00309
sun,101,train,sun_00310
sun,101,train,sun_00311
sun,101,train,sun_00312
sun,101,train,sun_00313
sun,101,train,sun_00314
sun,101,train,sun_00315
sun,101,train,sun_00316
sun,101,train,sun_00317
sun,101,train,sun_00318
sun,101,train,sun_00319
sun,101,train,sun_00320
sun,101,train,sun_00322
sun,101,train,sun_00323
sun,101,train,sun_00325
sun,101,train,sun_00326
sun,101,train,sun_00327
sun,101,train,sun_00329
sun,101,train,sun_00331
sun,101,train,sun_00332
sun,101,train,sun_00333
sun,101,train,sun_00335
sun,101,train,sun_00336
sun,101,train,sun_00337
sun,101,train,sun_00338
sun,101,train,sun_00339
sun,101,train,sun_00341
sun,101,train,sun_00343
sun,101,train,sun_00346
sun,101,train,sun_00347
sun,101,train,sun_00352
sun,101,train,sun_00353
sun,101,train,sun_00354
sun,101,train,sun_00355
sun,101,train,sun_00356
sun,101,train,sun_00357
sun,101,train,sun_00358
sun,101,train,sun_00360
sun,101,train,sun_00362
sun,101,train,sun_00364
sun,101,train,sun_00366
sun,101,train,sun_00367
sun,101,train,sun_00368
sun,101,train,sun_00372
sun,101,train,sun_00374
sun,101,train,sun_00375
sun,101,train,sun_00376
sun,101,train,sun_00379
sun,101,train,sun_00381
sun,101,train,sun_00382
sun,101,train,sun_00384
sun,101,train,sun_00385
sun,101,train,sun_00386
sun,101,train,sun_00388
sun,101,train,sun_00391
sun,101,train,sun_00392
sun,101,train,sun_00393
sun,101,train,sun_00394
sun,101,train,sun_00395
sun,101,train,sun_00396
sun,101,train,sun_00398
sun,101,train,sun_00399
sun,101,train,sun_00400
sun,101,train,sun_00401
sun,101,train,sun_00403
sun,101,train,sun_00407
sun,101,train,sun_00408
sun,101,train,sun_00409
sun,101,train,sun_00413
sun,101,train,sun_00415
sun,101,train,sun_00416
sun,101,train,sun_00418
sun,101,train,sun_00420
sun,101,train,sun_00421
sun,101,train,sun_00422
sun,101,train,sun_00423
sun,101,train,sun_00424
sun,101,train,sun_00426
sun,101,train,sun_00428
sun,101,train,sun_00430
sun,101,train,sun_00431
sun,101,train,sun_00432
sun,101,train,sun_00433
sun,101,train,sun_00434
sun,101,train,sun_00435
sun,101,train,sun_00437
sun,101,train,sun_00439
sun,101,train,sun_00440
sun,101,train,sun_00442
sun,101,train,sun_00444
sun,101,train,sun_00445
sun,101,train,sun_00446
sun,101,train,sun_00447
sun,101,train,sun_00448
sun,101,train,sun_00449
sun,101,train,sun_00451
sun,101,train,sun_00452
sun,101,train,sun_00454
sun,101,train,sun_00456
sun,101,train,sun_00459
sun,101,train,sun_00460
sun,101,train,sun_00461
sun,101,train,sun_00462
sun,101,train,sun_00463
sun,101,train,sun_00464
sun,101,train,sun_00467
sun,101,train,sun_00468
sun,101,train,sun_00471
sun,101,train,sun_00473
sun,101,train,sun_00475
sun,101,train,sun_00476
sun,101,train,sun_00477
sun,101,train,sun_00478
sun,101,train,sun_00479
sun,101,train,sun_00480
sun,101,train,sun_00482
sun,101,train,sun_00483
sun,101,train,sun_00484
sun,101,train,sun_00485
sun,101,train,sun_00489
sun,101,train,sun_00493
sun,101,train,sun_00495
sun,101,train,sun_00496
sun,101,train,sun_00497
sun,101,train,sun_00498
sun,101,train,sun_00499
sun,101,train,sun_00501
sun,101,train,sun_00502
sun,101,train,sun_00503
sun,101,train,sun_00505
sun,101,train,sun_00506
sun,101,train,sun_00509
sun,101,train,sun_00510
sun,101,train,sun_00511
sun,101,train,sun_00512
sun,101,train,sun_00513
sun,101,train,sun_00515
sun,101,train,sun_00516
sun,101,train,sun_00517
sun,101,train,sun_00518
sun,101,train,sun_00519
sun,101,train,sun_00520
sun,101,train,sun_00522
sun,101,train,sun_00523
sun,101,train,sun_00524
sun,101,train,sun_00526
sun,101,train,sun_00529
sun,101,train,sun_00530
sun,101,train,sun_00532
sun,101,train,sun_00533
sun,101,train,sun_00534
sun,101,train,sun_00536
sun,101,train,sun_00539
sun,101,train,sun_00541
sun,101,train,sun_00543
sun,101,train,sun_00545
sun,101,train,sun_00546
sun,101,train,sun_00547
sun,101,train,sun_00548
sun,101,train,sun_00551
sun,101,train,sun_00552
sun,101,train,sun_00553
sun,101,train,sun_00554
sun,101,train,sun_00556
sun,101,train,sun_00557
sun,101,train,sun_00558
sun,101,train,sun_00561
sun,101,train,sun_00563
sun,101,train,sun_00566
sun,101,train,sun_00567
sun,101,train,sun_00568
sun,101,train,sun_00569
sun,101,train,sun_00570
sun,101,train,sun_00573
sun,101,train,sun_00574
sun,101,train,sun_00576
sun,101,train,sun_00577
sun,101,train,sun_00582
sun,101,train,sun_00583
sun,101,train,sun_00584
sun,101,train,sun_00585
sun,101,train,sun_00586
sun,101,train,sun_00587
sun,101,train,sun_00589
sun,101,train,sun_00592
sun,101,train,sun_00593
sun,101,train,sun_00594
sun,101,train,sun_00595
sun,101,train,sun_00596
sun,101,train,sun_00597
sun,101,train,sun_00598
sun,101,train,sun_00600
sun,101,train,sun_00601
sun,101,train,sun_00602
sun,101,train,sun_00603
sun,101,train,sun_00604
sun,101,train,sun_00605
sun,101,train,sun_00607
sun,101,train,sun_00608
sun,101,train,sun_00610
sun,101,train,sun_00615
sun,101,train,sun_00616
sun,101,train,sun_00617
sun,101,train,sun_00618
sun,101,train,sun_00619
sun,101,train,sun_00620
sun,101,train,sun_00621
sun,101,train,sun_00622
sun,101,train,sun_00623
sun,101,train,sun_00628
sun,101,train,sun_00632
sun,101,train,sun_00635
sun,101,train,sun_00636
sun,101,train,sun_00637
sun,101,train,sun_00638
sun,101,train,sun_00640
sun,101,train,sun_00641
sun,101,train,sun_00642
sun,101,train,sun_00645
sun,101,train,sun_00647
sun,101,train,sun_00648
sun,101,train,sun_00649
sun,101,train,sun_00651
sun,101,train,sun_00652
sun,101,train,sun_00653
sun,101,train,sun_00655
sun,101,train,sun_00656
sun,101,train,sun_00657
sun,101,train,sun_00658
sun,101,train,sun_00659
sun,101,train,sun_00661
sun,101,train,sun_00662
sun,101,train,sun_00664
sun,101,train,sun_00665
sun,101,train,sun_00667
sun,101,train,sun_00668
sun,101,train,sun_00669
sun,101,train,sun_00670
sun,101,train,sun_00671
sun,101,train,sun_00672
sun,101,train,sun_00673
sun,101,train,sun_00675
sun,101,train,sun_00679
sun,101,train,sun_00680
sun,101,train,sun_00681
sun,101,train,sun_00683
sun,101,train,sun_00685
sun,101,train,sun_00686
sun,101,train,sun_00688
sun,101,train,sun_00689
sun,101,train,sun_00692
sun,101,train,sun_00693
sun,101,train,sun_00694
sun,101,train,sun_00695
sun,101,train,sun_00696
sun,101,train,sun_00697
sun,101,train,sun_00698
sun,101,train,sun_00699
sun,101,train,sun_00701
sun,101,train,sun_00705
sun,101,train,sun_00707
sun,101,train,sun_00714
sun,101,train,sun_00715
sun,101,train,sun_00716
sun,101,train,sun_00719
sun,101,train,sun_00721
sun,101,train,sun_00722
sun,101,train,sun_00723
sun,101,train,sun_00724
sun,101,train,sun_00726
sun,101,train,sun_00727
sun,101,train,sun_00728
sun,101,train,sun_00729
sun,101,train,sun_00730
sun,101,train,sun_00731
sun,101,train,sun_00733
sun,101,train,sun_00734
sun,101,train,sun_00736
sun,101,train,sun_00737
sun,101,train,sun_00738
sun,101,train,sun_00740
sun,101,train,sun_00742
sun,101,train,sun_00744
sun,101,train,sun_00745
sun,101,train,sun_00746
sun,101,train,sun_00747
sun,101,train,sun_00748
sun,101,train,sun_00749
sun,101,train,sun_00750
sun,101,train,sun_00751
sun,101,train,sun_00754
sun,101,train,sun_00755
sun,101,train,sun_00756
sun,101,train,sun_00757
sun,101,train,sun_00758
sun,101,train,sun_00761
sun,101,train,sun_00762
sun,101,train,sun_00763
sun,101,train,sun_00765
sun,101,train,sun_00766
sun,101,train,sun_00767
sun,101,train,sun_00769
sun,101,train,sun_00773
sun,101,train,sun_00775
sun,101,train,sun_00776
sun,101,train,sun_00777
sun,101,train,sun_00778
sun,101,train,sun_00779
sun,101,train,sun_00781
sun,101,train,sun_00782
sun,101,train,sun_00783
sun,101,train,sun_00784
sun,101,train,sun_00788
sun,101,train,sun_00790
sun,101,train,sun_00791
sun,101,train,sun_00793
sun,101,train,sun_00795
sun,101,train,sun_00796
sun,101,train,sun_00798
sun,101,train,sun_00799
sun,101,train,sun_00800
sun,101,train,sun_00802
sun,101,train,sun_00804
sun,101,train,sun_00805
sun,101,train,sun_00806
sun,101,train,sun_00807
sun,101,train,sun_00808
sun,101,train,sun_00809
sun,101,train,sun_00811
sun,101,train,sun_00812
sun,101,train,sun_00813
sun,101,train,sun_00814
sun,101,train,sun_00815
sun,101,train,sun_00816
sun,101,train,sun_00817
sun,101,train,sun_00819
sun,101,train,sun_00821
sun,101,train,sun_00822
sun,101,train,sun_00823
sun,101,train,sun_00824
sun,101,train,sun_00830
sun,101,train,sun_00832
sun,101,train,sun_00833
sun,101,train,sun_00834
sun,101,train,sun_00835
sun,101,train,sun_00836
sun,101,train,sun_00837
sun,101,train,sun_00838
sun,101,train,sun_00842
sun,101,train,sun_00843
sun,101,train,sun_00844
sun,101,train,sun_00845
sun,101,train,sun_00846
sun,101,train,sun_00848
sun,101,train,sun_00849
sun,101,train,sun_00850
sun,101,train,sun_00851
sun,101,train,sun_00852
sun,101,train,sun_00853
sun,101,train,sun_00855
sun,101,train,sun_00857
sun,101,train,sun_00858
sun,101,train,sun_00860
sun,101,train,sun_00862
sun,101,train,sun_00864
sun,101,train,sun_00867
sun,101,train,sun_00868
sun,101,train,sun_00870
sun,101,train,sun_00871
sun,101,train,sun_00872
sun,101,train,sun_00873
sun,101,train,sun_00875
sun,101,train,sun_00878
sun,101,train,sun_00879
sun,101,train,sun_00880
sun,101,train,sun_00881
sun,101,train,sun_00882
sun,101,train,sun_00887
sun,101,train,sun_00888
sun,101,train,sun_00889
sun,101,train,sun_00890
sun,101,train,sun_00891
sun,101,train,sun_00897
sun,101,train,sun_00901
sun,101,train,sun_00902
sun,101,train,sun_00907
sun,101,train,sun_00909
sun,101,train,sun_00915
sun,101,train,sun_00917
sun,101,train,sun_00919
sun,101,train,sun_00923
sun,101,train,sun_00925
sun,101,train,sun_00926
sun,101,train,sun_00927
sun,101,train,sun_00928
sun,101,train,sun_00929
sun,101,train,sun_00930
sun,101,train,sun_00933
sun,101,train,sun_00937
sun,101,train,sun_00938
sun,101,train,sun_00940
sun,101,train,sun_00943
sun,101,train,sun_00945
sun,101,train,sun_00946
sun,101,train,sun_00952
sun,101,train,sun_00954
sun,101,train,sun_00956
sun,101,train,sun_00958
sun,101,train,sun_00959
sun,101,train,sun_00960
sun,101,train,sun_00962
sun,101,train,sun_00963
sun,101,train,sun_00964
sun,101,train,sun_00965
sun,101,train,sun_00967
sun,101,train,sun_00968
sun,101,train,sun_00970
sun,101,train,sun_00973
sun,101,train,sun_00974
sun,101,train,sun_00975
sun,101,train,sun_00976
sun,101,train,sun_00978
sun,101,train,sun_00981
sun,101,train,sun_00983
sun,101,train,sun_00984
sun,101,train,sun_00986
sun,101,train,sun_00987
sun,101,train,sun_00988
sun,101,train,sun_00989
sun,101,train,sun_00990
sun,101,train,sun_00992
sun,101,train,sun_00993
sun,101,train,sun_00998
sun,101,train,sun_00999
sun,101,train,sun_01000
sun,101,train,sun_01001
sun,101,train,sun_01002
sun,101,train,sun_01003
sun,101,train,sun_01004
sun,101,train,sun_01007
sun,101,train,sun_01008
sun,101,train,sun_01010
sun,101,train,sun_01011
sun,101,train,sun_01012
sun,101,train,sun_01013
sun,101,train,sun_01014
sun,101,train,sun_01015
sun,101,train,sun_01017
sun,101,train,sun_01018
sun,101,train,sun_01019
sun,101,train,sun_01020
sun,101,train,sun_01024
sun,101,train,sun_01025
sun,101,train,sun_01026
sun,101,train,sun_01027
sun,101,train,sun_01028
sun,101,train,sun_01029
sun,101,train,sun_01031
sun,101,train,sun_01033
sun,101,train,sun_01034
sun,101,train,sun_01037
sun,101,train,sun_01038
sun,101,train,sun_01040
sun,101,train,sun_01041
sun,101,train,sun_01042
sun,101,train,sun_01043
sun,101,train,sun_01047
sun,101,train,sun_01049
sun,101,train,sun_01050
sun,101,train,sun_01051
sun,101,train,sun_01055
sun,101,train,sun_01057
sun,101,train,sun_01058
sun,101,train,sun_01059
sun,101,train,sun_01061
sun,101,train,sun_01063
sun,101,train,sun_01064
sun,101,train,sun_01065
sun,101,train,sun_01066
sun,101,train,sun_01067
sun,101,train,sun_01068
sun,101,train,sun_01069
sun,101,train,sun_01070
sun,101,train,sun_01072
sun,101,train,sun_01076
sun,101,train,sun_01077
sun,101,train,sun_01079
sun,101,train,sun_01080
sun,101,train,sun_01083
sun,101,train,sun_01084
sun,101,train,sun_01085
sun,101,train,sun_01086
sun,101,train,sun_01088
sun,101,train,sun_01089
sun,101,train,sun_01090
sun,101,train,sun_01092
sun,101,train,sun_01093
sun,101,train,sun_01096
sun,101,train,sun_01097
sun,101,train,sun_01098
sun,101,train,sun_01099
sun,101,train,sun_01100
sun,101,train,sun_01101
sun,101,train,sun_01102
sun,101,train,sun_01103
sun,101,train,sun_01104
sun,101,train,sun_01105
sun,101,train,sun_01106
sun,101,train,sun_01107
sun,101,train,sun_01108
sun,101,train,sun_01109
sun,101,train,sun_01110
sun,101,train,sun_01112
sun,101,train,sun_01113
sun,101,train,sun_01115
sun,101,train,sun_01116
sun,101,train,sun_01119
sun,101,val,sun_00002
sun,101,val,sun_00005
sun,101,val,sun_00014
sun,101,val,sun_00020
sun,101,val,sun_00041
sun,101,val,sun_00046
sun,101,val,sun_00066
sun,101,val,sun_00070
sun,101,val,sun_00071
sun,101,val,sun_00084
sun,101,val,sun_00085
sun,101,val,sun_00087
sun,101,val,sun_00088
sun,101,val,sun_00092
sun,101,val,sun_00097
sun,101,val,sun_00113
sun,101,val,sun_00126
sun,101,val,sun_00136
sun,101,val,sun_00146
sun,101,val,sun_00152
sun,101,val,sun_00160
sun,101,val,sun_00167
sun,101,val,sun_00170
sun,101,val,sun_00176
sun,101,val,sun_00183
sun,101,val,sun_00187
sun,101,val,sun_00198
sun,101,val,sun_00199
sun,101,val,sun_00205
sun,101,val,sun_00206
sun,101,val,sun_00208
sun,101,val,sun_00215
sun,101,val,sun_00219
sun,101,val,sun_00234
sun,101,val,sun_00235
sun,101,val,sun_00264
sun,101,val,sun_00266
sun,101,val,sun_00271
sun,101,val,sun_00280
sun,101,val,sun_00294
sun,101,val,sun_00297
sun,101,val,sun_00301
sun,101,val,sun_00330
sun,101,val,sun_00340
sun,101,val,sun_00342
sun,101,val,sun_00345
sun,101,val,sun_00348
sun,101,val,sun_00349
sun,101,val,sun_00359
sun,101,val,sun_00361
sun,101,val,sun_00380
sun,101,val,sun_00383
sun,101,val,sun_00387
sun,101,val,sun_00389
sun,101,val,sun_00390
sun,101,val,sun_00397
sun,101,val,sun_00405
sun,101,val,sun_00410
sun,101,val,sun_00417
sun,101,val,sun_00419
sun,101,val,sun_00427
sun,101,val,sun_00441
sun,101,val,sun_00453
sun,101,val,sun_00455
sun,101,val,sun_00465
sun,101,val,sun_00466
sun,101,val,sun_00470
sun,101,val,sun_00472
sun,101,val,sun_00474
sun,101,val,sun_00486
sun,101,val,sun_00487
sun,101,val,sun_00490
sun,101,val,sun_00491
sun,101,val,sun_00504
sun,101,val,sun_00507
sun,101,val,sun_00514
sun,101,val,sun_00521
sun,101,val,sun_00527
sun,101,val,sun_00528
sun,101,val,sun_00540
sun,101,val,sun_00544
sun,101,val,sun_00550
sun,101,val,sun_00564
sun,101,val,sun_00575
sun,101,val,sun_00579
sun,101,val,sun_00590
sun,101,val,sun_00599
sun,101,val,sun_00606
sun,101,val,sun_00612
sun,101,val,sun_00614
sun,101,val,sun_00624
sun,101,val,sun_00631
sun,101,val,sun_00633
sun,101,val,sun_00646
sun,101,val,sun_00650
sun,101,val,sun_00654
sun,101,val,sun_00663
sun,101,val,sun_00666
sun,101,val,sun_00674
sun,101,val,sun_00677
sun,101,val,sun_00678
sun,101,val,sun_00684
sun,101,val,sun_00687
sun,101,val,sun_00691
sun,101,val,sun_00703
sun,101,val,sun_00704
sun,101,val,sun_00710
sun,101,val,sun_00711
sun,101,val,sun_00713
sun,101,val,sun_00718
sun,101,val,sun_00720
sun,101,val,sun_00732
sun,101,val,sun_00743
sun,101,val,sun_00753
sun,101,val,sun_00760
sun,101,val,sun_00774
sun,101,val,sun_00780
sun,101,val,sun_00785
sun,101,val,sun_00801
sun,101,val,sun_00825
sun,101,val,sun_00828
sun,101,val,sun_00829
sun,101,val,sun_00831
sun,101,val,sun_00841
sun,101,val,sun_00856
sun,101,val,sun_00861
sun,101,val,sun_00863
sun,101,val,sun_00876
sun,101,val,sun_00886
sun,101,val,sun_00894
sun,101,val,sun_00896
sun,101,val,sun_00898
sun,101,val,sun_00899
sun,101,val,sun_00900
sun,101,val,sun_00903
sun,101,val,sun_00906
sun,101,val,sun_00911
sun,101,val,sun_00913
sun,101,val,sun_00914
sun,101,val,sun_00922
sun,101,val,sun_00924
sun,101,val,sun_00931
sun,101,val,sun_00935
sun,101,val,sun_00936
sun,101,val,sun_00941
sun,101,val,sun_00942
sun,101,val,sun_00944
sun,101,val,sun_00951
sun,101,val,sun_00953
sun,101,val,sun_00972
sun,101,val,sun_00979
sun,101,val,sun_00985
sun,101,val,sun_00991
sun,101,val,sun_00995
sun,101,val,sun_00996
sun,101,val,sun_01006
sun,101,val,sun_01021
sun,101,val,sun_01054
sun,101,val,sun_01062
sun,101,val,sun_01071
sun,101,val,sun_01078
sun,101,val,sun_01082
sun,101,val,sun_01087
sun,101,val,sun_01091
sun,101,val,sun_01095
sun,101,val,sun_01117
sun,101,val,sun_01118
sun,101,val,sun_01120
sun,101,test,sun_00004
sun,101,test,sun_00017
sun,101,test,sun_00019
sun,101,test,sun_00024
sun,101,test,sun_00027
sun,101,test,sun_00038
sun,101,test,sun_00045
sun,101,test,sun_00049
sun,101,test,sun_00050
sun,101,test,sun_00052
sun,101,test,sun_00053
sun,101,test,sun_00073
sun,101,test,sun_00082
sun,101,test,sun_00083
sun,101,test,sun_00103
sun,101,test,sun_00120
sun,101,test,sun_00124
sun,101,test,sun_00125
sun,101,test,sun_00129
sun,101,test,sun_00133
sun,101,test,sun_00142
sun,101,test,sun_00150
sun,101,test,sun_00154
sun,101,test,sun_00158
sun,101,test,sun_00159
sun,101,test,sun_00165
sun,101,test,sun_00169
sun,101,test,sun_00178
sun,101,test,sun_00184
sun,101,test,sun_00191
sun,101,test,sun_00193
sun,101,test,sun_00195
sun,101,test,sun_00196
sun,101,test,sun_00197
sun,101,test,sun_00207
sun,101,test,sun_00223
sun,101,test,sun_00233
sun,101,test,sun_00245
sun,101,test,sun_00248
sun,101,test,sun_00250
sun,101,test,sun_00259
sun,101,test,sun_00261
sun,101,test,sun_00265
sun,101,test,sun_00270
sun,101,test,sun_00272
sun,101,test,sun_00273
sun,101,test,sun_00275
sun,101,test,sun_00276
sun,101,test,sun_00277
sun,101,test,sun_00283
sun,101,test,sun_00286
sun,101,test,sun_00296
sun,101,test,sun_00299
sun,101,test,sun_00302
sun,101,test,sun_00308
sun,101,test,sun_00321
sun,101,test,sun_00324
sun,101,test,sun_00328
sun,101,test,sun_00334
sun,101,test,sun_00344
sun,101,test,sun_00350
sun,101,test,sun_00351
sun,101,test,sun_00363
sun,101,test,sun_00365
sun,101,test,sun_00369
sun,101,test,sun_00370
sun,101,test,sun_00371
sun,101,test,sun_00373
sun,101,test,sun_00377
sun,101,test,sun_00378
sun,101,test,sun_00402
sun,101,test,sun_00404
sun,101,test,sun_00406
sun,101,test,sun_00411
sun,101,test,sun_00412
sun,101,test,sun_00414
sun,101,test,sun_00425
sun,101,test,sun_00429
sun,101,test,sun_00436
sun,101,test,sun_00438
sun,101,test,sun_00443
sun,101,test,sun_00450
sun,101,test,sun_00457
sun,101,test,sun_00458
sun,101,test,sun_00469
sun,101,test,sun_00481
sun,101,test,sun_00488
sun,101,test,sun_00492
sun,101,test,sun_00494
sun,101,test,sun_00500
sun,101,test,sun_00508
sun,101,test,sun_00525
sun,101,test,sun_00531
sun,101,test,sun_00535
sun,101,test,sun_00537
sun,101,test,sun_00538
sun,101,test,sun_00542
sun,101,test,sun_00549
sun,101,test,sun_00555
sun,101,test,sun_00559
sun,101,test,sun_00560
sun,101,test,sun_00562
sun,101,test,sun_00565
sun,101,test,sun_00571
sun,101,test,sun_00572
sun,101,test,sun_00578
sun,101,test,sun_00580
sun,101,test,sun_00581
sun,101,test,sun_00588
sun,101,test,sun_00591
sun,101,test,sun_00609
sun,101,test,sun_00611
sun,101,test,sun_00613
sun,101,test,sun_00625
sun,101,test,sun_00626
sun,101,test,sun_00627
sun,101,test,sun_00629
sun,101,test,sun_00630
sun,101,test,sun_00634
sun,101,test,sun_00639
sun,101,test,sun_00643
sun,101,test,sun_00644
sun,101,test,sun_00660
sun,101,test,sun_00676
sun,101,test,sun_00682
sun,101,test,sun_00690
sun,101,test,sun_00700
sun,101,test,sun_00702
sun,101,test,sun_00706
sun,101,test,sun_00708
sun,101,test,sun_00709
sun,101,test,sun_00712
sun,101,test,sun_00717
sun,101,test,sun_00725
sun,101,test,sun_00735
sun,101,test,sun_00739
sun,101,test,sun_00741
sun,101,test,sun_00752
sun,101,test,sun_00759
sun,101,test,sun_00764
sun,101,test,sun_00768
sun,101,test,sun_00770
sun,101,test,sun_00771
sun,101,test,sun_00772
sun,101,test,sun_00786
sun,101,test,sun_00787
sun,101,test,sun_00789
sun,101,test,sun_00792
sun,101,test,sun_00794
sun,101,test,sun_00797
sun,101,test,sun_00803
sun,101,test,sun_00810
sun,101,test,sun_00818
sun,101,test,sun_00820
sun,101,test,sun_00826
sun,101,test,sun_00827
sun,101,test,sun_00839
sun,101,test,sun_00840
sun,101,test,sun_00847
sun,101,test,sun_00854
sun,101,test,sun_00859
sun,101,test,sun_00865
sun,101,test,sun_00866
sun,101,test,sun_00869
sun,101,test,sun_00874
sun,101,test,sun_00877
sun,101,test,sun_00883
sun,101,test,sun_00884
sun,101,test,sun_00885
sun,101,test,sun_00892
sun,101,test,sun_00893
sun,101,test,sun_00895
sun,101,test,sun_00904
sun,101,test,sun_00905
sun,101,test,sun_00908
sun,101,test,sun_00910
sun,101,test,sun_00912
sun,101,test,sun_00916
sun,101,test,sun_00918
sun,101,test,sun_00920
sun,101,test,sun_00921
sun,101,test,sun_00932
sun,101,test,sun_00934
sun,101,test,sun_00939
sun,101,test,sun_00947
sun,101,test,sun_00948
sun,101,test,sun_00949
sun,101,test,sun_00950
sun,101,test,sun_00955
sun,101,test,sun_00957
sun,101,test,sun_00961
sun,101,test,sun_00966
sun,101,test,sun_00969
sun,101,test,sun_00971
sun,101,test,sun_00977
sun,101,test,sun_00980
sun,101,test,sun_00982
sun,101,test,sun_00994
sun,101,test,sun_00997
sun,101,test,sun_01005
sun,101,test,sun_01009
sun,101,test,sun_01016
sun,101,test,sun_01022
sun,101,test,sun_01023
sun,101,test,sun_01030
sun,101,test,sun_01032
sun,101,test,sun_01035
sun,101,test,sun_01036
sun,101,test,sun_01039
sun,101,test,sun_01044
sun,101,test,sun_01045
sun,101,test,sun_01046
sun,101,test,sun_01048
sun,101,test,sun_01052
sun,101,test,sun_01053
sun,101,test,sun_01056
sun,101,test,sun_01060
sun,101,test,sun_01073
sun,101,test,sun_01074
sun,101,test,sun_01075
sun,101,test,sun_01081
sun,101,test,sun_01094
sun,101,test,sun_01111
sun,101,test,sun_01114
sun,101,test,sun_01121
sun,101,test,sun_01122
jav,101,train,jav_00001
jav,101,train,jav_00002
jav,101,train,jav_00003
jav,101,train,jav_00005
jav,101,train,jav_00008
jav,101,train,jav_00012
jav,101,train,jav_00014
jav,101,train,jav_00016
jav,101,train,jav_00017
jav,101,train,jav_00019
jav,101,train,jav_00022
jav,101,train,jav_00024
jav,101,train,jav_00025
jav,101,train,jav_00026
jav,101,train,jav_00028
jav,101,train,jav_00029
jav,101,train,jav_00030
jav,101,train,jav_00031
jav,101,train,jav_00032
jav,101,train,jav_00033
jav,101,train,jav_00034
jav,101,train,jav_00035
jav,101,train,jav_00036
jav,101,train,jav_00037
jav,101,train,jav_00038
jav,101,train,jav_00039
jav,101,train,jav_00040
jav,101,train,jav_00041
jav,101,train,jav_00043
jav,101,train,jav_00044
jav,101,train,jav_00045
jav,101,train,jav_00046
jav,101,train,jav_00047
jav,101,train,jav_00048
jav,101,train,jav_00050
jav,101,train,jav_00051
jav,101,train,jav_00052
jav,101,train,jav_00053
jav,101,train,jav_00054
jav,101,train,jav_00055
jav,101,train,jav_00056
jav,101,train,jav_00057
jav,101,train,jav_00058
jav,101,train,jav_00060
jav,101,train,jav_00061
jav,101,train,jav_00063
jav,101,train,jav_00064
jav,101,train,jav_00066
jav,101,train,jav_00069
jav,101,train,jav_00070
jav,101,train,jav_00071
jav,101,train,jav_00074
jav,101,train,jav_00075
jav,101,train,jav_00076
jav,101,train,jav_00077
jav,101,train,jav_00078
jav,101,train,jav_00080
jav,101,train,jav_00082
jav,101,train,jav_00084
jav,101,train,jav_00085
jav,101,train,jav_00087
jav,101,train,jav_00089
jav,101,train,jav_00090
jav,101,train,jav_00091
jav,101,train,jav_00094
jav,101,train,jav_00096
jav,101,train,jav_00097
jav,101,train,jav_00098
jav,101,train,jav_00099
jav,101,train,jav_00100
jav,101,train,jav_00102
jav,101,train,jav_00103
jav,101,train,jav_00104
jav,101,train,jav_00105
jav,101,train,jav_00106
jav,101,train,jav_00108
jav,101,train,jav_00109
jav,101,train,jav_00110
jav,101,train,jav_00112
jav,101,train,jav_00115
jav,101,train,jav_00116
jav,101,train,jav_00117
jav,101,train,jav_00118
jav,101,train,jav_00119
jav,101,train,jav_00120
jav,101,train,jav_00123
jav,101,train,jav_00124
jav,101,train,jav_00128
jav,101,train,jav_00130
jav,101,train,jav_00131
jav,101,train,jav_00136
jav,101,train,jav_00138
jav,101,train,jav_00139
jav,101,train,jav_00143
jav,101,train,jav_00145
jav,101,train,jav_00148
jav,101,train,jav_00149
jav,101,train,jav_00150
jav,101,val,jav_00007
jav,101,val,jav_00009
jav,101,val,jav_00010
jav,101,val,jav_00013
jav,101,val,jav_00015
jav,101,val,jav_00049
jav,101,val,jav_00062
jav,101,val,jav_00067
jav,101,val,jav_00068
jav,101,val,jav_00073
jav,101,val,jav_00083
jav,101,val,jav_00092
jav,101,val,jav_00095
jav,101,val,jav_00101
jav,101,val,jav_00113
jav,101,val,jav_00121
jav,101,val,jav_00127
jav,101,val,jav_00137
jav,101,val,jav_00140
jav,101,val,jav_00142
jav,101,val,jav_00146
jav,101,val,jav_00147
jav,101,test,jav_00000
jav,101,test,jav_00004
jav,101,test,jav_00006
jav,101,test,jav_00011
jav,101,test,jav_00018
jav,101,test,jav_00020
jav,101,test,jav_00021
jav,101,test,jav_00023
jav,101,test,jav_00027
jav,101,test,jav_00042
jav,101,test,jav_00059
jav,101,test,jav_00065
jav,101,test,jav_00072
jav,101,test,jav_00079
jav,101,test,jav_00081
jav,101,test,jav_00086
jav,101,test,jav_00088
jav,101,test,jav_00093
jav,101,test,jav_00107
jav,101,test,jav_00111
jav,101,test,jav_00114
jav,101,test,jav_00122
jav,101,test,jav_00125
jav,101,test,jav_00126
jav,101,test,jav_00129
jav,101,test,jav_00132
jav,101,test,jav_00133
jav,101,test,jav_00134
jav,101,test,jav_00135
jav,101,test,jav_00141
jav,101,test,jav_00144
ind,101,train,ind_00001
ind,101,train,ind_00003
ind,101,train,ind_00004
ind,101,train,ind_00006
ind,101,train,ind_00007
ind,101,train,ind_00012
ind,101,train,ind_00015
ind,101,train,ind_00016
ind,101,train,ind_00018
ind,101,train,ind_00019
ind,101,train,ind_00020
ind,101,train,ind_00021
ind,101,train,ind_00023
ind,101,train,ind_00024
ind,101,train,ind_00025
ind,101,train,ind_00027
ind,101,train,ind_00029
ind,101,train,ind_00030
ind,101,train,ind_00031
ind,101,train,ind_00032
ind,101,train,ind_00033
ind,101,train,ind_00034
ind,101,train,ind_00035
ind,101,train,ind_00036
ind,101,train,ind_00037
ind,101,train,ind_00039
ind,101,train,ind_00041
ind,101,train,ind_00042
ind,101,train,ind_00045
ind,101,train,ind_00046
ind,101,train,ind_00048
ind,101,train,ind_00049
ind,101,train,ind_00050
ind,101,train,ind_00051
ind,101,train,ind_00053
ind,101,train,ind_00054
ind,101,train,ind_00055
ind,101,train,ind_00056
ind,101,train,ind_00057
ind,101,train,ind_00058
ind,101,train,ind_00061
ind,101,train,ind_00063
ind,101,train,ind_00064
ind,101,train,ind_00065
ind,101,train,ind_00066
ind,101,train,ind_00067
ind,101,train,ind_00068
ind,101,train,ind_00074
ind,101,train,ind_00075
ind,101,train,ind_00077
ind,101,train,ind_00078
ind,101,train,ind_00080
ind,101,train,ind_00081
ind,101,train,ind_00082
ind,101,train,ind_00084
ind,101,train,ind_00085
ind,101,train,ind_00088
ind,101,train,ind_00089
ind,101,train,ind_00091
ind,101,train,ind_00092
ind,101,train,ind_00093
ind,101,train,ind_00094
ind,101,train,ind_00095
ind,101,train,ind_00096
ind,101,train,ind_00097
ind,101,train,ind_00099
ind,101,train,ind_00100
ind,101,train,ind_00101
ind,101,train,ind_00103
ind,101,train,ind_00104
ind,101,train,ind_00105
ind,101,train,ind_00106
ind,101,train,ind_00107
ind,101,train,ind_00108
ind,101,train,ind_00109
ind,101,train,ind_00110
ind,101,train,ind_00114
ind,101,train,ind_00115
ind,101,train,ind_00116
ind,101,train,ind_00118
ind,101,train,ind_00121
ind,101,train,ind_00123
ind,101,train,ind_00124
ind,101,train,ind_00125
ind,101,train,ind_00126
ind,101,train,ind_00127
ind,101,train,ind_00129
ind,101,train,ind_00130
ind,101,train,ind_00132
ind,101,train,ind_00134
ind,101,train,ind_00135
ind,101,train,ind_00137
ind,101,train,ind_00139
ind,101,train,ind_00141
ind,101,train,ind_00142
ind,101,train,ind_00145
ind,101,train,ind_00147
ind,101,train,ind_00148
ind,101,train,ind_00150
ind,101,train,ind_00152
ind,101,train,ind_00155
ind,101,val,ind_00000
ind,101,val,ind_00008
ind,101,val,ind_00010
ind,101,val,ind_00011
ind,101,val,ind_00026
ind,101,val,ind_00038
ind,101,val,ind_00052
ind,101,val,ind_00059
ind,101,val,ind_00069
ind,101,val,ind_00070
ind,101,val,ind_00076
ind,101,val,ind_00083
ind,101,val,ind_00086
ind,101,val,ind_00087
ind,101,val,ind_00098
ind,101,val,ind_00102
ind,101,val,ind_00111
ind,101,val,ind_00112
ind,101,val,ind_00113
ind,101,val,ind_00133
ind,101,val,ind_00140
ind,101,val,ind_00144
ind,101,val,ind_00146
ind,101,test,ind_00002
ind,101,test,ind_00005
ind,101,test,ind_00009
ind,101,test,ind_00013
ind,101,test,ind_00014
ind,101,test,ind_00017
ind,101,test,ind_00022
ind,101,test,ind_00028
ind,101,test,ind_00040
ind,101,test,ind_00043
ind,101,test,ind_00044
ind,101,test,ind_00047
ind,101,test,ind_00060
ind,101,test,ind_00062
ind,101,test,ind_00071
ind,101,test,ind_00072
ind,101,test,ind_00073
ind,101,test,ind_00079
ind,101,test,ind_00090
ind,101,test,ind_00117
ind,101,test,ind_00119
ind,101,test,ind_00120
ind,101,test,ind_00122
ind,101,test,ind_00128
ind,101,test,ind_00131
ind,101,test,ind_00136
ind,101,test,ind_00138
ind,101,test,ind_00143
ind,101,test,ind_00149
ind,101,test,ind_00151
ind,101,test,ind_00153
ind,101,test,ind_00154
sun,202,train,sun_00000
sun,202,train,sun_00001
sun,202,train,sun_00002
sun,202,train,sun_00003
sun,202,train,sun_00005
sun,202,train,sun_00006
sun,202,train,sun_00007
sun,202,train,sun_00008
sun,202,train,sun_00009
sun,202,train,sun_00010
sun,202,train,sun_00011
sun,202,train,sun_00012
sun,202,train,sun_00013
sun,202,train,sun_00014
sun,202,train,sun_00015
sun,202,train,sun_00017
sun,202,train,sun_00019
sun,202,train,sun_00020
sun,202,train,sun_00021
sun,202,train,sun_00025
sun,202,train,sun_00026
sun,202,train,sun_00028
sun,202,train,sun_00029
sun,202,train,sun_00030
sun,202,train,sun_00031
sun,202,train,sun_00032
sun,202,train,sun_00036
sun,202,train,sun_00037
sun,202,train,sun_00038
sun,202,train,sun_00039
sun,202,train,sun_00040
sun,202,train,sun_00041
sun,202,train,sun_00044
sun,202,train,sun_00045
sun,202,train,sun_00046
sun,202,train,sun_00047
sun,202,train,sun_00048
sun,202,train,sun_00051
sun,202,train,sun_00052
sun,202,train,sun_00054
sun,202,train,sun_00055
sun,202,train,sun_00057
sun,202,train,sun_00058
sun,202,train,sun_00059
sun,202,train,sun_00060
sun,202,train,sun_00061
sun,202,train,sun_00062
sun,202,train,sun_00065
sun,202,train,sun_00066
sun,202,train,sun_00068
sun,202,train,sun_00069
sun,202,train,sun_00071
sun,202,train,sun_00072
sun,202,train,sun_00073
sun,202,train,sun_00075
sun,202,train,sun_00076
sun,202,train,sun_00078
sun,202,train,sun_00079
sun,202,train,sun_00080
sun,202,train,sun_00082
sun,202,train,sun_00085
sun,202,train,sun_00087
sun,202,train,sun_00089
sun,202,train,sun_00095
sun,202,train,sun_00096
sun,202,train,sun_00097
sun,202,train,sun_00098
sun,202,train,sun_00100
sun,202,train,sun_00101
sun,202,train,sun_00102
sun,202,train,sun_00103
sun,202,train,sun_00104
sun,202,train,sun_00107
sun,202,train,sun_00108
sun,202,train,sun_00109
sun,202,train,sun_00111
sun,202,train,sun_00114
sun,202,train,sun_00115
sun,202,train,sun_00116
sun,202,train,sun_00117
sun,202,train,sun_00118
sun,202,train,sun_00120
sun,202,train,sun_00122
sun,202,train,sun_00123
sun,202,train,sun_00124
sun,202,train,sun_00126
sun,202,train,sun_00127
sun,202,train,sun_00128
sun,202,train,sun_00129
sun,202,train,sun_00133
sun,202,train,sun_00135
sun,202,train,sun_00136
sun,202,train,sun_00137
sun,202,train,sun_00138
sun,202,train,sun_00140
sun,202,train,sun_00141
sun,202,train,sun_00142
sun,202,train,sun_00144
sun,202,train,sun_00145
sun,202,train,sun_00147
sun,202,train,sun_00148
sun,202,train,sun_00149
sun,202,train,sun_00150
sun,202,train,sun_00151
sun,202,train,sun_00152
sun,202,train,sun_00153
sun,202,train,sun_00154
sun,202,train,sun_00156
sun,202,train,sun_00157
sun,202,train,sun_00159
sun,202,train,sun_00160
sun,202,train,sun_00161
sun,202,train,sun_00162
sun,202,train,sun_00163
sun,202,train,sun_00164
sun,202,train,sun_00165
sun,202,train,sun_00166
sun,202,train,sun_00167
sun,202,train,sun_00168
sun,202,train,sun_00169
sun,202,train,sun_00170
sun,202,train,sun_00172
sun,202,train,sun_00173
sun,202,train,sun_00174
sun,202,train,sun_00176
sun,202,train,sun_00177
sun,202,train,sun_00178
sun,202,train,sun_00179
sun,202,train,sun_00181
sun,202,train,sun_00183
sun,202,train,sun_00185
sun,202,train,sun_00187
sun,202,train,sun_00191
sun,202,train,sun_00192
sun,202,train,sun_00193
sun,202,train,sun_00195
sun,202,train,sun_00196
sun,202,train,sun_00197
sun,202,train,sun_00198
sun,202,train,sun_00200
sun,202,train,sun_00201
sun,202,train,sun_00204
sun,202,train,sun_00205
sun,202,train,sun_00208
sun,202,train,sun_00209
sun,202,train,sun_00210
sun,202,train,sun_00211
sun,202,train,sun_00212
sun,202,train,sun_00213
sun,202,train,sun_00214
sun,202,train,sun_00216
sun,202,train,sun_00217
sun,202,train,sun_00218
sun,202,train,sun_00219
sun,202,train,sun_00222
sun,202,train,sun_00223
sun,202,train,sun_00224
sun,202,train,sun_00227
sun,202,train,sun_00229
sun,202,train,sun_00230
sun,202,train,sun_00231
sun,202,train,sun_00232
sun,202,train,sun_00233
sun,202,train,sun_00234
sun,202,train,sun_00236
sun,202,train,sun_00237
sun,202,train,sun_00238
sun,202,train,sun_00239
sun,202,train,sun_00240
sun,202,train,sun_00241
sun,202,train,sun_00243
sun,202,train,sun_00247
sun,202,train,sun_00248
sun,202,train,sun_00251
sun,202,train,sun_00253
sun,202,train,sun_00254
sun,202,train,sun_00255
sun,202,train,sun_00256
sun,202,train,sun_00257
sun,202,train,sun_00258
sun,202,train,sun_00259
sun,202,train,sun_00260
sun,202,train,sun_00261
sun,202,train,sun_00263
sun,202,train,sun_00264
sun,202,train,sun_00266
sun,202,train,sun_00267
sun,202,train,sun_00271
sun,202,train,sun_00272
sun,202,train,sun_00273
sun,202,train,sun_00274
sun,202,train,sun_00275
sun,202,train,sun_00276
sun,202,train,sun_00277
sun,202,train,sun_00278
sun,202,train,sun_00279
sun,202,train,sun_00281
sun,202,train,sun_00284
sun,202,train,sun_00285
sun,202,train,sun_00286
sun,202,train,sun_00287
sun,202,train,sun_00288
sun,202,train,sun_00289
sun,202,train,sun_00291
sun,202,train,sun_00292
sun,202,train,sun_00293
sun,202,train,sun_00295
sun,202,train,sun_00296
sun,202,train,sun_00297
sun,202,train,sun_00298
sun,202,train,sun_00299
sun,202,train,sun_00300
sun,202,train,sun_00303
sun,202,train,sun_00305
sun,202,train,sun_00306
sun,202,train,sun_00309
sun,202,train,sun_00311
sun,202,train,sun_00312
sun,202,train,sun_00313
sun,202,train,sun_00317
sun,202,train,sun_00318
sun,202,train,sun_00319
sun,202,train,sun_00321
sun,202,train,sun_00325
sun,202,train,sun_00326
sun,202,train,sun_00327
sun,202,train,sun_00328
sun,202,train,sun_00329
sun,202,train,sun_00330
sun,202,train,sun_00332
sun,202,train,sun_00333
sun,202,train,sun_00334
sun,202,train,sun_00336
sun,202,train,sun_00340
sun,202,train,sun_00342
sun,202,train,sun_00345
sun,202,train,sun_00346
sun,202,train,sun_00347
sun,202,train,sun_00348
sun,202,train,sun_00350
sun,202,train,sun_00351
sun,202,train,sun_00352
sun,202,train,sun_00355
sun,202,train,sun_00356
sun,202,train,sun_00357
sun,202,train,sun_00358
sun,202,train,sun_00360
sun,202,train,sun_00362
sun,202,train,sun_00363
sun,202,train,sun_00364
sun,202,train,sun_00366
sun,202,train,sun_00367
sun,202,train,sun_00369
sun,202,train,sun_00372
sun,202,train,sun_00373
sun,202,train,sun_00374
sun,202,train,sun_00376
sun,202,train,sun_00377
sun,202,train,sun_00379
sun,202,train,sun_00380
sun,202,train,sun_00381
sun,202,train,sun_00382
sun,202,train,sun_00383
sun,202,train,sun_00386
sun,202,train,sun_00387
sun,202,train,sun_00388
sun,202,train,sun_00391
sun,202,train,sun_00393
sun,202,train,sun_00395
sun,202,train,sun_00396
sun,202,train,sun_00397
sun,202,train,sun_00399
sun,202,train,sun_00401
sun,202,train,sun_00403
sun,202,train,sun_00404
sun,202,train,sun_00407
sun,202,train,sun_00409
sun,202,train,sun_00410
sun,202,train,sun_00413
sun,202,train,sun_00415
sun,202,train,sun_00416
sun,202,train,sun_00417
sun,202,train,sun_00420
sun,202,train,sun_00421
sun,202,train,sun_00422
sun,202,train,sun_00423
sun,202,train,sun_00424
sun,202,train,sun_00425
sun,202,train,sun_00427
sun,202,train,sun_00428
sun,202,train,sun_00430
sun,202,train,sun_00433
sun,202,train,sun_00435
sun,202,train,sun_00436
sun,202,train,sun_00437
sun,202,train,sun_00438
sun,202,train,sun_00439
sun,202,train,sun_00441
sun,202,train,sun_00442
sun,202,train,sun_00443
sun,202,train,sun_00445
sun,202,train,sun_00446
sun,202,train,sun_00448
sun,202,train,sun_00449
sun,202,train,sun_00450
sun,202,train,sun_00451
sun,202,train,sun_00453
sun,202,train,sun_00456
sun,202,train,sun_00458
sun,202,train,sun_00461
sun,202,train,sun_00465
sun,202,train,sun_00469
sun,202,train,sun_00470
sun,202,train,sun_00472
sun,202,train,sun_00473
sun,202,train,sun_00474
sun,202,train,sun_00475
sun,202,train,sun_00476
sun,202,train,sun_00477
sun,202,train,sun_00478
sun,202,train,sun_00479
sun,202,train,sun_00480
sun,202,train,sun_00483
sun,202,train,sun_00484
sun,202,train,sun_00485
sun,202,train,sun_00487
sun,202,train,sun_00488
sun,202,train,sun_00489
sun,202,train,sun_00490
sun,202,train,sun_00491
sun,202,train,sun_00492
sun,202,train,sun_00493
sun,202,train,sun_00495
sun,202,train,sun_00496
sun,202,train,sun_00498
sun,202,train,sun_00499
sun,202,train,sun_00500
sun,202,train,sun_00502
sun,202,train,sun_00504
sun,202,train,sun_00507
sun,202,train,sun_00511
sun,202,train,sun_00512
sun,202,train,sun_00514
sun,202,train,sun_00515
sun,202,train,sun_00517
sun,202,train,sun_00518
sun,202,train,sun_00519
sun,202,train,sun_00522
sun,202,train,sun_00524
sun,202,train,sun_00525
sun,202,train,sun_00526
sun,202,train,sun_00527
sun,202,train,sun_00528
sun,202,train,sun_00529
sun,202,train,sun_00531
sun,202,train,sun_00532
sun,202,train,sun_00534
sun,202,train,sun_00535
sun,202,train,sun_00536
sun,202,train,sun_00537
sun,202,train,sun_00538
sun,202,train,sun_00543
sun,202,train,sun_00545
sun,202,train,sun_00547
sun,202,train,sun_00548
sun,202,train,sun_00549
sun,202,train,sun_00551
sun,202,train,sun_00552
sun,202,train,sun_00553
sun,202,train,sun_00555
sun,202,train,sun_00557
sun,202,train,sun_00559
sun,202,train,sun_00561
sun,202,train,sun_00562
sun,202,train,sun_00563
sun,202,train,sun_00566
sun,202,train,sun_00567
sun,202,train,sun_00568
sun,202,train,sun_00569
sun,202,train,sun_00570
sun,202,train,sun_00572
sun,202,train,sun_00573
sun,202,train,sun_00574
sun,202,train,sun_00576
sun,202,train,sun_00577
sun,202,train,sun_00579
sun,202,train,sun_00580
sun,202,train,sun_00581
sun,202,train,sun_00582
sun,202,train,sun_00584
sun,202,train,sun_00586
sun,202,train,sun_00588
sun,202,train,sun_00589
sun,202,train,sun_00590
sun,202,train,sun_00591
sun,202,train,sun_00592
sun,202,train,sun_00593
sun,202,train,sun_00594
sun,202,train,sun_00596
sun,202,train,sun_00600
sun,202,train,sun_00601
sun,202,train,sun_00602
sun,202,train,sun_00603
sun,202,train,sun_00605
sun,202,train,sun_00606
sun,202,train,sun_00607
sun,202,train,sun_00609
sun,202,train,sun_00610
sun,202,train,sun_00611
sun,202,train,sun_00613
sun,202,train,sun_00614
sun,202,train,sun_00615
sun,202,train,sun_00617
sun,202,train,sun_00618
sun,202,train,sun_00620
sun,202,train,sun_00621
sun,202,train,sun_00622
sun,202,train,sun_00623
sun,202,train,sun_00624
sun,202,train,sun_00625
sun,202,train,sun_00628
sun,202,train,sun_00629
sun,202,train,sun_00632
sun,202,train,sun_00636
sun,202,train,sun_00642
sun,202,train,sun_00643
sun,202,train,sun_00645
sun,202,train,sun_00647
sun,202,train,sun_00648
sun,202,train,sun_00649
sun,202,train,sun_00650
sun,202,train,sun_00651
sun,202,train,sun_00652
sun,202,train,sun_00653
sun,202,train,sun_00654
sun,202,train,sun_00657
sun,202,train,sun_00658
sun,202,train,sun_00659
sun,202,train,sun_00660
sun,202,train,sun_00662
sun,202,train,sun_00664
sun,202,train,sun_00665
sun,202,train,sun_00667
sun,202,train,sun_00668
sun,202,train,sun_00670
sun,202,train,sun_00671
sun,202,train,sun_00672
sun,202,train,sun_00673
sun,202,train,sun_00676
sun,202,train,sun_00677
sun,202,train,sun_00678
sun,202,train,sun_00679
sun,202,train,sun_00682
sun,202,train,sun_00683
sun,202,train,sun_00684
sun,202,train,sun_00689
sun,202,train,sun_00690
sun,202,train,sun_00691
sun,202,train,sun_00692
sun,202,train,sun_00693
sun,202,train,sun_00695
sun,202,train,sun_00696
sun,202,train,sun_00697
sun,202,train,sun_00700
sun,202,train,sun_00703
sun,202,train,sun_00704
sun,202,train,sun_00705
sun,202,train,sun_00707
sun,202,train,sun_00709
sun,202,train,sun_00712
sun,202,train,sun_00716
sun,202,train,sun_00717
sun,202,train,sun_00718
sun,202,train,sun_00719
sun,202,train,sun_00720
sun,202,train,sun_00721
sun,202,train,sun_00722
sun,202,train,sun_00723
sun,202,train,sun_00725
sun,202,train,sun_00726
sun,202,train,sun_00728
sun,202,train,sun_00729
sun,202,train,sun_00731
sun,202,train,sun_00733
sun,202,train,sun_00734
sun,202,train,sun_00736
sun,202,train,sun_00737
sun,202,train,sun_00738
sun,202,train,sun_00739
sun,202,train,sun_00740
sun,202,train,sun_00741
sun,202,train,sun_00742
sun,202,train,sun_00744
sun,202,train,sun_00746
sun,202,train,sun_00747
sun,202,train,sun_00749
sun,202,train,sun_00750
sun,202,train,sun_00752
sun,202,train,sun_00753
sun,202,train,sun_00756
sun,202,train,sun_00758
sun,202,train,sun_00759
sun,202,train,sun_00760
sun,202,train,sun_00761
sun,202,train,sun_00764
sun,202,train,sun_00765
sun,202,train,sun_00766
sun,202,train,sun_00767
sun,202,train,sun_00768
sun,202,train,sun_00769
sun,202,train,sun_00770
sun,202,train,sun_00772
sun,202,train,sun_00776
sun,202,train,sun_00777
sun,202,train,sun_00778
sun,202,train,sun_00780
sun,202,train,sun_00782
sun,202,train,sun_00784
sun,202,train,sun_00786
sun,202,train,sun_00787
sun,202,train,sun_00789
sun,202,train,sun_00790
sun,202,train,sun_00792
sun,202,train,sun_00793
sun,202,train,sun_00796
sun,202,train,sun_00797
sun,202,train,sun_00799
sun,202,train,sun_00800
sun,202,train,sun_00801
sun,202,train,sun_00802
sun,202,train,sun_00806
sun,202,train,sun_00809
sun,202,train,sun_00810
sun,202,train,sun_00811
sun,202,train,sun_00812
sun,202,train,sun_00813
sun,202,train,sun_00814
sun,202,train,sun_00816
sun,202,train,sun_00819
sun,202,train,sun_00820
sun,202,train,sun_00821
sun,202,train,sun_00822
sun,202,train,sun_00823
sun,202,train,sun_00827
sun,202,train,sun_00829
sun,202,train,sun_00832
sun,202,train,sun_00833
sun,202,train,sun_00836
sun,202,train,sun_00837
sun,202,train,sun_00838
sun,202,train,sun_00839
sun,202,train,sun_00840
sun,202,train,sun_00841
sun,202,train,sun_00843
sun,202,train,sun_00844
sun,202,train,sun_00845
sun,202,train,sun_00846
sun,202,train,sun_00847
sun,202,train,sun_00848
sun,202,train,sun_00850
sun,202,train,sun_00852
sun,202,train,sun_00854
sun,202,train,sun_00855
sun,202,train,sun_00857
sun,202,train,sun_00858
sun,202,train,sun_00859
sun,202,train,sun_00860
sun,202,train,sun_00862
sun,202,train,sun_00863
sun,202,train,sun_00864
sun,202,train,sun_00865
sun,202,train,sun_00867
sun,202,train,sun_00869
sun,202,train,sun_00870
sun,202,train,sun_00871
sun,202,train,sun_00873
sun,202,train,sun_00874
sun,202,train,sun_00875
sun,202,train,sun_00876
sun,202,train,sun_00878
sun,202,train,sun_00881
sun,202,train,sun_00882
sun,202,train,sun_00884
sun,202,train,sun_00885
sun,202,train,sun_00886
sun,202,train,sun_00887
sun,202,train,sun_00889
sun,202,train,sun_00890
sun,202,train,sun_00891
sun,202,train,sun_00892
sun,202,train,sun_00894
sun,202,train,sun_00897
sun,202,train,sun_00898
sun,202,train,sun_00900
sun,202,train,sun_00901
sun,202,train,sun_00903
sun,202,train,sun_00904
sun,202,train,sun_00906
sun,202,train,sun_00908
sun,202,train,sun_00909
sun,202,train,sun_00918
sun,202,train,sun_00920
sun,202,train,sun_00921
sun,202,train,sun_00922
sun,202,train,sun_00923
sun,202,train,sun_00924
sun,202,train,sun_00925
sun,202,train,sun_00927
sun,202,train,sun_00928
sun,202,train,sun_00930
sun,202,train,sun_00932
sun,202,train,sun_00934
sun,202,train,sun_00936
sun,202,train,sun_00937
sun,202,train,sun_00938
sun,202,train,sun_00939
sun,202,train,sun_00941
sun,202,train,sun_00945
sun,202,train,sun_00946
sun,202,train,sun_00947
sun,202,train,sun_00948
sun,202,train,sun_00949
sun,202,train,sun_00950
sun,202,train,sun_00952
sun,202,train,sun_00953
sun,202,train,sun_00954
sun,202,train,sun_00955
sun,202,train,sun_00956
sun,202,train,sun_00957
sun,202,train,sun_00959
sun,202,train,sun_00961
sun,202,train,sun_00962
sun,202,train,sun_00964
sun,202,train,sun_00966
sun,202,train,sun_00967
sun,202,train,sun_00968
sun,202,train,sun_00970
sun,202,train,sun_00973
sun,202,train,sun_00975
sun,202,train,sun_00976
sun,202,train,sun_00977
sun,202,train,sun_00980
sun,202,train,sun_00981
sun,202,train,sun_00982
sun,202,train,sun_00984
sun,202,train,sun_00985
sun,202,train,sun_00986
sun,202,train,sun_00987
sun,202,train,sun_00988
sun,202,train,sun_00989
sun,202,train,sun_00990
sun,202,train,sun_00992
sun,202,train,sun_00993
sun,202,train,sun_00994
sun,202,train,sun_00996
sun,202,train,sun_00997
sun,202,train,sun_01000
sun,202,train,sun_01001
sun,202,train,sun_01002
sun,202,train,sun_01009
sun,202,train,sun_01011
sun,202,train,sun_01012
sun,202,train,sun_01015
sun,202,train,sun_01016
sun,202,train,sun_01017
sun,202,train,sun_01020
sun,202,train,sun_01021
sun,202,train,sun_01023
sun,202,train,sun_01024
sun,202,train,sun_01026
sun,202,train,sun_01027
sun,202,train,sun_01028
sun,202,train,sun_01029
sun,202,train,sun_01030
sun,202,train,sun_01034
sun,202,train,sun_01035
sun,202,train,sun_01036
sun,202,train,sun_01038
sun,202,train,sun_01039
sun,202,train,sun_01042
sun,202,train,sun_01043
sun,202,train,sun_01046
sun,202,train,sun_01047
sun,202,train,sun_01048
sun,202,train,sun_01049
sun,202,train,sun_01050
sun,202,train,sun_01053
sun,202,train,sun_01054
sun,202,train,sun_01055
sun,202,train,sun_01057
sun,202,train,sun_01058
sun,202,train,sun_01059
sun,202,train,sun_01060
sun,202,train,sun_01062
sun,202,train,sun_01063
sun,202,train,sun_01064
sun,202,train,sun_01065
sun,202,train,sun_01067
sun,202,train,sun_01071
sun,202,train,sun_01073
sun,202,train,sun_01076
sun,202,train,sun_01077
sun,202,train,sun_01081
sun,202,train,sun_01083
sun,202,train,sun_01086
sun,202,train,sun_01087
sun,202,train,sun_01088
sun,202,train,sun_01090
sun,202,train,sun_01091
sun,202,train,sun_01092
sun,202,train,sun_01093
sun,202,train,sun_01095
sun,202,train,sun_01097
sun,202,train,sun_01098
sun,202,train,sun_01099
sun,202,train,sun_01100
sun,202,train,sun_01101
sun,202,train,sun_01102
sun,202,train,sun_01103
sun,202,train,sun_01105
sun,202,train,sun_01109
sun,202,train,sun_01111
sun,202,train,sun_01113
sun,202,train,sun_01114
sun,202,train,sun_01116
sun,202,train,sun_01117
sun,202,train,sun_01118
sun,202,train,sun_01121
sun,202,train,sun_01122
sun,202,val,sun_00018
sun,202,val,sun_00022
sun,202,val,sun_00024
sun,202,val,sun_00034
sun,202,val,sun_00042
sun,202,val,sun_00067
sun,202,val,sun_00070
sun,202,val,sun_00077
sun,202,val,sun_00083
sun,202,val,sun_00088
sun,202,val,sun_00093
sun,202,val,sun_00112
sun,202,val,sun_00131
sun,202,val,sun_00132
sun,202,val,sun_00134
sun,202,val,sun_00139
sun,202,val,sun_00146
sun,202,val,sun_00155
sun,202,val,sun_00175
sun,202,val,sun_00189
sun,202,val,sun_00194
sun,202,val,sun_00207
sun,202,val,sun_00220
sun,202,val,sun_00221
sun,202,val,sun_00225
sun,202,val,sun_00235
sun,202,val,sun_00242
sun,202,val,sun_00244
sun,202,val,sun_00245
sun,202,val,sun_00249
sun,202,val,sun_00269
sun,202,val,sun_00280
sun,202,val,sun_00290
sun,202,val,sun_00294
sun,202,val,sun_00301
sun,202,val,sun_00304
sun,202,val,sun_00310
sun,202,val,sun_00315
sun,202,val,sun_00320
sun,202,val,sun_00322
sun,202,val,sun_00335
sun,202,val,sun_00343
sun,202,val,sun_00349
sun,202,val,sun_00354
sun,202,val,sun_00359
sun,202,val,sun_00361
sun,202,val,sun_00365
sun,202,val,sun_00370
sun,202,val,sun_00375
sun,202,val,sun_00378
sun,202,val,sun_00385
sun,202,val,sun_00402
sun,202,val,sun_00405
sun,202,val,sun_00408
sun,202,val,sun_00412
sun,202,val,sun_00414
sun,202,val,sun_00418
sun,202,val,sun_00419
sun,202,val,sun_00440
sun,202,val,sun_00447
sun,202,val,sun_00452
sun,202,val,sun_00454
sun,202,val,sun_00455
sun,202,val,sun_00457
sun,202,val,sun_00460
sun,202,val,sun_00467
sun,202,val,sun_00468
sun,202,val,sun_00486
sun,202,val,sun_00497
sun,202,val,sun_00505
sun,202,val,sun_00506
sun,202,val,sun_00509
sun,202,val,sun_00513
sun,202,val,sun_00541
sun,202,val,sun_00544
sun,202,val,sun_00575
sun,202,val,sun_00578
sun,202,val,sun_00599
sun,202,val,sun_00612
sun,202,val,sun_00616
sun,202,val,sun_00626
sun,202,val,sun_00633
sun,202,val,sun_00635
sun,202,val,sun_00639
sun,202,val,sun_00644
sun,202,val,sun_00656
sun,202,val,sun_00661
sun,202,val,sun_00666
sun,202,val,sun_00669
sun,202,val,sun_00674
sun,202,val,sun_00687
sun,202,val,sun_00698
sun,202,val,sun_00699
sun,202,val,sun_00701
sun,202,val,sun_00706
sun,202,val,sun_00713
sun,202,val,sun_00715
sun,202,val,sun_00730
sun,202,val,sun_00732
sun,202,val,sun_00743
sun,202,val,sun_00762
sun,202,val,sun_00771
sun,202,val,sun_00775
sun,202,val,sun_00779
sun,202,val,sun_00788
sun,202,val,sun_00795
sun,202,val,sun_00798
sun,202,val,sun_00804
sun,202,val,sun_00808
sun,202,val,sun_00824
sun,202,val,sun_00825
sun,202,val,sun_00828
sun,202,val,sun_00830
sun,202,val,sun_00831
sun,202,val,sun_00834
sun,202,val,sun_00835
sun,202,val,sun_00853
sun,202,val,sun_00856
sun,202,val,sun_00868
sun,202,val,sun_00872
sun,202,val,sun_00877
sun,202,val,sun_00888
sun,202,val,sun_00907
sun,202,val,sun_00910
sun,202,val,sun_00911
sun,202,val,sun_00913
sun,202,val,sun_00917
sun,202,val,sun_00926
sun,202,val,sun_00929
sun,202,val,sun_00931
sun,202,val,sun_00935
sun,202,val,sun_00943
sun,202,val,sun_00958
sun,202,val,sun_00963
sun,202,val,sun_00965
sun,202,val,sun_00969
sun,202,val,sun_00972
sun,202,val,sun_00974
sun,202,val,sun_00979
sun,202,val,sun_00983
sun,202,val,sun_00995
sun,202,val,sun_00998
sun,202,val,sun_00999
sun,202,val,sun_01003
sun,202,val,sun_01006
sun,202,val,sun_01007
sun,202,val,sun_01008
sun,202,val,sun_01010
sun,202,val,sun_01013
sun,202,val,sun_01019
sun,202,val,sun_01025
sun,202,val,sun_01031
sun,202,val,sun_01033
sun,202,val,sun_01037
sun,202,val,sun_01045
sun,202,val,sun_01061
sun,202,val,sun_01069
sun,202,val,sun_01070
sun,202,val,sun_01072
sun,202,val,sun_01075
sun,202,val,sun_01082
sun,202,val,sun_01096
sun,202,val,sun_01106
sun,202,val,sun_01108
sun,202,val,sun_01110
sun,202,val,sun_01112
sun,202,val,sun_01119
sun,202,val,sun_01120
sun,202,test,sun_00004
sun,202,test,sun_00016
sun,202,test,sun_00023
sun,202,test,sun_00027
sun,202,test,sun_00033
sun,202,test,sun_00035
sun,202,test,sun_00043
sun,202,test,sun_00049
sun,202,test,sun_00050
sun,202,test,sun_00053
sun,202,test,sun_00056
sun,202,test,sun_00063
sun,202,test,sun_00064
sun,202,test,sun_00074
sun,202,test,sun_00081
sun,202,test,sun_00084
sun,202,test,sun_00086
sun,202,test,sun_00090
sun,202,test,sun_00091
sun,202,test,sun_00092
sun,202,test,sun_00094
sun,202,test,sun_00099
sun,202,test,sun_00105
sun,202,test,sun_00106
sun,202,test,sun_00110
sun,202,test,sun_00113
sun,202,test,sun_00119
sun,202,test,sun_00121
sun,202,test,sun_00125
sun,202,test,sun_00130
sun,202,test,sun_00143
sun,202,test,sun_00158
sun,202,test,sun_00171
sun,202,test,sun_00180
sun,202,test,sun_00182
sun,202,test,sun_00184
sun,202,test,sun_00186
sun,202,test,sun_00188
sun,202,test,sun_00190
sun,202,test,sun_00199
sun,202,test,sun_00202
sun,202,test,sun_00203
sun,202,test,sun_00206
sun,202,test,sun_00215
sun,202,test,sun_00226
sun,202,test,sun_00228
sun,202,test,sun_00246
sun,202,test,sun_00250
sun,202,test,sun_00252
sun,202,test,sun_00262
sun,202,test,sun_00265
sun,202,test,sun_00268
sun,202,test,sun_00270
sun,202,test,sun_00282
sun,202,test,sun_00283
sun,202,test,sun_00302
sun,202,test,sun_00307
sun,202,test,sun_00308
sun,202,test,sun_00314
sun,202,test,sun_00316
sun,202,test,sun_00323
sun,202,test,sun_00324
sun,202,test,sun_00331
sun,202,test,sun_00337
sun,202,test,sun_00338
sun,202,test,sun_00339
sun,202,test,sun_00341
sun,202,test,sun_00344
sun,202,test,sun_00353
sun,202,test,sun_00368
sun,202,test,sun_00371
sun,202,test,sun_00384
sun,202,test,sun_00389
sun,202,test,sun_00390
sun,202,test,sun_00392
sun,202,test,sun_00394
sun,202,test,sun_00398
sun,202,test,sun_00400
sun,202,test,sun_00406
sun,202,test,sun_00411
sun,202,test,sun_00426
sun,202,test,sun_00429
sun,202,test,sun_00431
sun,202,test,sun_00432
sun,202,test,sun_00434
sun,202,test,sun_00444
sun,202,test,sun_00459
sun,202,test,sun_00462
sun,202,test,sun_00463
sun,202,test,sun_00464
sun,202,test,sun_00466
sun,202,test,sun_00471
sun,202,test,sun_00481
sun,202,test,sun_00482
sun,202,test,sun_00494
sun,202,test,sun_00501
sun,202,test,sun_00503
sun,202,test,sun_00508
sun,202,test,sun_00510
sun,202,test,sun_00516
sun,202,test,sun_00520
sun,202,test,sun_00521
sun,202,test,sun_00523
sun,202,test,sun_00530
sun,202,test,sun_00533
sun,202,test,sun_00539
sun,202,test,sun_00540
sun,202,test,sun_00542
sun,202,test,sun_00546
sun,202,test,sun_00550
sun,202,test,sun_00554
sun,202,test,sun_00556
sun,202,test,sun_00558
sun,202,test,sun_00560
sun,202,test,sun_00564
sun,202,test,sun_00565
sun,202,test,sun_00571
sun,202,test,sun_00583
sun,202,test,sun_00585
sun,202,test,sun_00587
sun,202,test,sun_00595
sun,202,test,sun_00597
sun,202,test,sun_00598
sun,202,test,sun_00604
sun,202,test,sun_00608
sun,202,test,sun_00619
sun,202,test,sun_00627
sun,202,test,sun_00630
sun,202,test,sun_00631
sun,202,test,sun_00634
sun,202,test,sun_00637
sun,202,test,sun_00638
sun,202,test,sun_00640
sun,202,test,sun_00641
sun,202,test,sun_00646
sun,202,test,sun_00655
sun,202,test,sun_00663
sun,202,test,sun_00675
sun,202,test,sun_00680
sun,202,test,sun_00681
sun,202,test,sun_00685
sun,202,test,sun_00686
sun,202,test,sun_00688
sun,202,test,sun_00694
sun,202,test,sun_00702
sun,202,test,sun_00708
sun,202,test,sun_00710
sun,202,test,sun_00711
sun,202,test,sun_00714
sun,202,test,sun_00724
sun,202,test,sun_00727
sun,202,test,sun_00735
sun,202,test,sun_00745
sun,202,test,sun_00748
sun,202,test,sun_00751
sun,202,test,sun_00754
sun,202,test,sun_00755
sun,202,test,sun_00757
sun,202,test,sun_00763
sun,202,test,sun_00773
sun,202,test,sun_00774
sun,202,test,sun_00781
sun,202,test,sun_00783
sun,202,test,sun_00785
sun,202,test,sun_00791
sun,202,test,sun_00794
sun,202,test,sun_00803
sun,202,test,sun_00805
sun,202,test,sun_00807
sun,202,test,sun_00815
sun,202,test,sun_00817
sun,202,test,sun_00818
sun,202,test,sun_00826
sun,202,test,sun_00842
sun,202,test,sun_00849
sun,202,test,sun_00851
sun,202,test,sun_00861
sun,202,test,sun_00866
sun,202,test,sun_00879
sun,202,test,sun_00880
sun,202,test,sun_00883
sun,202,test,sun_00893
sun,202,test,sun_00895
sun,202,test,sun_00896
sun,202,test,sun_00899
sun,202,test,sun_00902
sun,202,test,sun_00905
sun,202,test,sun_00912
sun,202,test,sun_00914
sun,202,test,sun_00915
sun,202,test,sun_00916
sun,202,test,sun_00919
sun,202,test,sun_00933
sun,202,test,sun_00940
sun,202,test,sun_00942
sun,202,test,sun_00944
sun,202,test,sun_00951
sun,202,test,sun_00960
sun,202,test,sun_00971
sun,202,test,sun_00978
sun,202,test,sun_00991
sun,202,test,sun_01004
sun,202,test,sun_01005
sun,202,test,sun_01014
sun,202,test,sun_01018
sun,202,test,sun_01022
sun,202,test,sun_01032
sun,202,test,sun_01040
sun,202,test,sun_01041
sun,202,test,sun_01044
sun,202,test,sun_01051
sun,202,test,sun_01052
sun,202,test,sun_01056
sun,202,test,sun_01066
sun,202,test,sun_01068
sun,202,test,sun_01074
sun,202,test,sun_01078
sun,202,test,sun_01079
sun,202,test,sun_01080
sun,202,test,sun_01084
sun,202,test,sun_01085
sun,202,test,sun_01089
sun,202,test,sun_01094
sun,202,test,sun_01104
sun,202,test,sun_01107
sun,202,test,sun_01115
jav,202,train,jav_00000
jav,202,train,jav_00001
jav,202,train,jav_00003
jav,202,train,jav_00004
jav,202,train,jav_00005
jav,202,train,jav_00006
jav,202,train,jav_00008
jav,202,train,jav_00009
jav,202,train,jav_00010
jav,202,train,jav_00011
jav,202,train,jav_00012
jav,202,train,jav_00013
jav,202,train,jav_00014
jav,202,train,jav_00015
jav,202,train,jav_00016
jav,202,train,jav_00017
jav,202,train,jav_00019
jav,202,train,jav_00020
jav,202,train,jav_00021
jav,202,train,jav_00022
jav,202,train,jav_00024
jav,202,train,jav_00025
jav,202,train,jav_00026
jav,202,train,jav_00027
jav,202,train,jav_00031
jav,202,train,jav_00032
jav,202,train,jav_00034
jav,202,train,jav_00035
jav,202,train,jav_00038
jav,202,train,jav_00039
jav,202,train,jav_00041
jav,202,train,jav_00043
jav,202,train,jav_00044
jav,202,train,jav_00045
jav,202,train,jav_00046
jav,202,train,jav_00048
jav,202,train,jav_00049
jav,202,train,jav_00051
jav,202,train,jav_00052
jav,202,train,jav_00053
jav,202,train,jav_00055
jav,202,train,jav_00056
jav,202,train,jav_00057
jav,202,train,jav_00060
jav,202,train,jav_00062
jav,202,train,jav_00063
jav,202,train,jav_00065
jav,202,train,jav_00066
jav,202,train,jav_00067
jav,202,train,jav_00068
jav,202,train,jav_00070
jav,202,train,jav_00072
jav,202,train,jav_00075
jav,202,train,jav_00076
jav,202,train,jav_00077
jav,202,train,jav_00078
jav,202,train,jav_00079
jav,202,train,jav_00082
jav,202,train,jav_00083
jav,202,train,jav_00085
jav,202,train,jav_00086
jav,202,train,jav_00087
jav,202,train,jav_00092
jav,202,train,jav_00094
jav,202,train,jav_00095
jav,202,train,jav_00096
jav,202,train,jav_00099
jav,202,train,jav_00100
jav,202,train,jav_00101
jav,202,train,jav_00102
jav,202,train,jav_00104
jav,202,train,jav_00105
jav,202,train,jav_00106
jav,202,train,jav_00108
jav,202,train,jav_00109
jav,202,train,jav_00111
jav,202,train,jav_00112
jav,202,train,jav_00113
jav,202,train,jav_00114
jav,202,train,jav_00120
jav,202,train,jav_00121
jav,202,train,jav_00122
jav,202,train,jav_00123
jav,202,train,jav_00124
jav,202,train,jav_00126
jav,202,train,jav_00128
jav,202,train,jav_00130
jav,202,train,jav_00132
jav,202,train,jav_00134
jav,202,train,jav_00135
jav,202,train,jav_00136
jav,202,train,jav_00138
jav,202,train,jav_00140
jav,202,train,jav_00145
jav,202,train,jav_00146
jav,202,train,jav_00148
jav,202,train,jav_00149
jav,202,train,jav_00150
jav,202,val,jav_00007
jav,202,val,jav_00023
jav,202,val,jav_00030
jav,202,val,jav_00033
jav,202,val,jav_00040
jav,202,val,jav_00058
jav,202,val,jav_00059
jav,202,val,jav_00073
jav,202,val,jav_00074
jav,202,val,jav_00080
jav,202,val,jav_00084
jav,202,val,jav_00091
jav,202,val,jav_00093
jav,202,val,jav_00103
jav,202,val,jav_00107
jav,202,val,jav_00110
jav,202,val,jav_00116
jav,202,val,jav_00118
jav,202,val,jav_00125
jav,202,val,jav_00131
jav,202,val,jav_00139
jav,202,val,jav_00147
jav,202,test,jav_00002
jav,202,test,jav_00018
jav,202,test,jav_00028
jav,202,test,jav_00029
jav,202,test,jav_00036
jav,202,test,jav_00037
jav,202,test,jav_00042
jav,202,test,jav_00047
jav,202,test,jav_00050
jav,202,test,jav_00054
jav,202,test,jav_00061
jav,202,test,jav_00064
jav,202,test,jav_00069
jav,202,test,jav_00071
jav,202,test,jav_00081
jav,202,test,jav_00088
jav,202,test,jav_00089
jav,202,test,jav_00090
jav,202,test,jav_00097
jav,202,test,jav_00098
jav,202,test,jav_00115
jav,202,test,jav_00117
jav,202,test,jav_00119
jav,202,test,jav_00127
jav,202,test,jav_00129
jav,202,test,jav_00133
jav,202,test,jav_00137
jav,202,test,jav_00141
jav,202,test,jav_00142
jav,202,test,jav_00143
jav,202,test,jav_00144
ind,202,train,ind_00002
ind,202,train,ind_00003
ind,202,train,ind_00004
ind,202,train,ind_00005
ind,202,train,ind_00006
ind,202,train,ind_00007
ind,202,train,ind_00008
ind,202,train,ind_00010
ind,202,train,ind_00011
ind,202,train,ind_00013
ind,202,train,ind_00014
ind,202,train,ind_00015
ind,202,train,ind_00016
ind,202,train,ind_00017
ind,202,train,ind_00021
ind,202,train,ind_00023
ind,202,train,ind_00024
ind,202,train,ind_00025
ind,202,train,ind_00026
ind,202,train,ind_00030
ind,202,train,ind_00031
ind,202,train,ind_00032
ind,202,train,ind_00034
ind,202,train,ind_00035
ind,202,train,ind_00039
ind,202,train,ind_00043
ind,202,train,ind_00044
ind,202,train,ind_00047
ind,202,train,ind_00049
ind,202,train,ind_00051
ind,202,train,ind_00052
ind,202,train,ind_00054
ind,202,train,ind_00056
ind,202,train,ind_00057
ind,202,train,ind_00060
ind,202,train,ind_00061
ind,202,train,ind_00062
ind,202,train,ind_00063
ind,202,train,ind_00064
ind,202,train,ind_00065
ind,202,train,ind_00066
ind,202,train,ind_00068
ind,202,train,ind_00071
ind,202,train,ind_00073
ind,202,train,ind_00075
ind,202,train,ind_00076
ind,202,train,ind_00077
ind,202,train,ind_00079
ind,202,train,ind_00081
ind,202,train,ind_00082
ind,202,train,ind_00083
ind,202,train,ind_00084
ind,202,train,ind_00085
ind,202,train,ind_00087
ind,202,train,ind_00088
ind,202,train,ind_00089
ind,202,train,ind_00092
ind,202,train,ind_00093
ind,202,train,ind_00096
ind,202,train,ind_00097
ind,202,train,ind_00099
ind,202,train,ind_00100
ind,202,train,ind_00101
ind,202,train,ind_00102
ind,202,train,ind_00103
ind,202,train,ind_00106
ind,202,train,ind_00107
ind,202,train,ind_00108
ind,202,train,ind_00111
ind,202,train,ind_00112
ind,202,train,ind_00113
ind,202,train,ind_00114
ind,202,train,ind_00115
ind,202,train,ind_00120
ind,202,train,ind_00121
ind,202,train,ind_00122
ind,202,train,ind_00123
ind,202,train,ind_00124
ind,202,train,ind_00125
ind,202,train,ind_00126
ind,202,train,ind_00127
ind,202,train,ind_00128
ind,202,train,ind_00129
ind,202,train,ind_00130
ind,202,train,ind_00132
ind,202,train,ind_00133
ind,202,train,ind_00134
ind,202,train,ind_00135
ind,202,train,ind_00136
ind,202,train,ind_00138
ind,202,train,ind_00140
ind,202,train,ind_00141
ind,202,train,ind_00142
ind,202,train,ind_00143
ind,202,train,ind_00144
ind,202,train,ind_00146
ind,202,train,ind_00147
ind,202,train,ind_00149
ind,202,train,ind_00152
ind,202,train,ind_00153
ind,202,train,ind_00155
ind,202,val,ind_00022
ind,202,val,ind_00027
ind,202,val,ind_00029
ind,202,val,ind_00038
ind,202,val,ind_00040
ind,202,val,ind_00042
ind,202,val,ind_00046
ind,202,val,ind_00048
ind,202,val,ind_00055
ind,202,val,ind_00059
ind,202,val,ind_00069
ind,202,val,ind_00070
ind,202,val,ind_00078
ind,202,val,ind_00086
ind,202,val,ind_00090
ind,202,val,ind_00098
ind,202,val,ind_00104
ind,202,val,ind_00109
ind,202,val,ind_00110
ind,202,val,ind_00118
ind,202,val,ind_00145
ind,202,val,ind_00148
ind,202,val,ind_00151
ind,202,test,ind_00000
ind,202,test,ind_00001
ind,202,test,ind_00009
ind,202,test,ind_00012
ind,202,test,ind_00018
ind,202,test,ind_00019
ind,202,test,ind_00020
ind,202,test,ind_00028
ind,202,test,ind_00033
ind,202,test,ind_00036
ind,202,test,ind_00037
ind,202,test,ind_00041
ind,202,test,ind_00045
ind,202,test,ind_00050
ind,202,test,ind_00053
ind,202,test,ind_00058
ind,202,test,ind_00067
ind,202,test,ind_00072
ind,202,test,ind_00074
ind,202,test,ind_00080
ind,202,test,ind_00091
ind,202,test,ind_00094
ind,202,test,ind_00095
ind,202,test,ind_00105
ind,202,test,ind_00116
ind,202,test,ind_00117
ind,202,test,ind_00119
ind,202,test,ind_00131
ind,202,test,ind_00137
ind,202,test,ind_00139
ind,202,test,ind_00150
ind,202,test,ind_00154
sun,303,train,sun_00001
sun,303,train,sun_00002
sun,303,train,sun_00003
sun,303,train,sun_00005
sun,303,train,sun_00007
sun,303,train,sun_00008
sun,303,train,sun_00009
sun,303,train,sun_00012
sun,303,train,sun_00013
sun,303,train,sun_00014
sun,303,train,sun_00015
sun,303,train,sun_00016
sun,303,train,sun_00018
sun,303,train,sun_00019
sun,303,train,sun_00021
sun,303,train,sun_00022
sun,303,train,sun_00023
sun,303,train,sun_00024
sun,303,train,sun_00025
sun,303,train,sun_00026
sun,303,train,sun_00028
sun,303,train,sun_00029
sun,303,train,sun_00031
sun,303,train,sun_00032
sun,303,train,sun_00033
sun,303,train,sun_00034
sun,303,train,sun_00035
sun,303,train,sun_00037
sun,303,train,sun_00040
sun,303,train,sun_00041
sun,303,train,sun_00042
sun,303,train,sun_00043
sun,303,train,sun_00044
sun,303,train,sun_00045
sun,303,train,sun_00049
sun,303,train,sun_00050
sun,303,train,sun_00052
sun,303,train,sun_00053
sun,303,train,sun_00055
sun,303,train,sun_00056
sun,303,train,sun_00058
sun,303,train,sun_00059
sun,303,train,sun_00060
sun,303,train,sun_00061
sun,303,train,sun_00064
sun,303,train,sun_00066
sun,303,train,sun_00067
sun,303,train,sun_00069
sun,303,train,sun_00070
sun,303,train,sun_00071
sun,303,train,sun_00075
sun,303,train,sun_00076
sun,303,train,sun_00078
sun,303,train,sun_00080
sun,303,train,sun_00083
sun,303,train,sun_00084
sun,303,train,sun_00086
sun,303,train,sun_00087
sun,303,train,sun_00088
sun,303,train,sun_00092
sun,303,train,sun_00093
sun,303,train,sun_00095
sun,303,train,sun_00096
sun,303,train,sun_00097
sun,303,train,sun_00099
sun,303,train,sun_00101
sun,303,train,sun_00102
sun,303,train,sun_00103
sun,303,train,sun_00106
sun,303,train,sun_00107
sun,303,train,sun_00110
sun,303,train,sun_00113
sun,303,train,sun_00114
sun,303,train,sun_00116
sun,303,train,sun_00117
sun,303,train,sun_00118
sun,303,train,sun_00119
sun,303,train,sun_00124
sun,303,train,sun_00125
sun,303,train,sun_00126
sun,303,train,sun_00128
sun,303,train,sun_00129
sun,303,train,sun_00133
sun,303,train,sun_00134
sun,303,train,sun_00137
sun,303,train,sun_00138
sun,303,train,sun_00139
sun,303,train,sun_00142
sun,303,train,sun_00144
sun,303,train,sun_00145
sun,303,train,sun_00147
sun,303,train,sun_00148
sun,303,train,sun_00149
sun,303,train,sun_00151
sun,303,train,sun_00152
sun,303,train,sun_00153
sun,303,train,sun_00154
sun,303,train,sun_00155
sun,303,train,sun_00156
sun,303,train,sun_00157
sun,303,train,sun_00158
sun,303,train,sun_00159
sun,303,train,sun_00161
sun,303,train,sun_00163
sun,303,train,sun_00164
sun,303,train,sun_00165
sun,303,train,sun_00167
sun,303,train,sun_00168
sun,303,train,sun_00169
sun,303,train,sun_00170
sun,303,train,sun_00173
sun,303,train,sun_00174
sun,303,train,sun_00175
sun,303,train,sun_00176
sun,303,train,sun_00177
sun,303,train,sun_00179
sun,303,train,sun_00181
sun,303,train,sun_00183
sun,303,train,sun_00184
sun,303,train,sun_00185
sun,303,train,sun_00187
sun,303,train,sun_00188
sun,303,train,sun_00189
sun,303,train,sun_00190
sun,303,train,sun_00191
sun,303,train,sun_00193
sun,303,train,sun_00194
sun,303,train,sun_00196
sun,303,train,sun_00197
sun,303,train,sun_00199
sun,303,train,sun_00200
sun,303,train,sun_00201
sun,303,train,sun_00205
sun,303,train,sun_00207
sun,303,train,sun_00209
sun,303,train,sun_00211
sun,303,train,sun_00212
sun,303,train,sun_00213
sun,303,train,sun_00214
sun,303,train,sun_00215
sun,303,train,sun_00217
sun,303,train,sun_00218
sun,303,train,sun_00219
sun,303,train,sun_00220
sun,303,train,sun_00221
sun,303,train,sun_00222
sun,303,train,sun_00223
sun,303,train,sun_00225
sun,303,train,sun_00226
sun,303,train,sun_00229
sun,303,train,sun_00230
sun,303,train,sun_00231
sun,303,train,sun_00232
sun,303,train,sun_00233
sun,303,train,sun_00234
sun,303,train,sun_00235
sun,303,train,sun_00236
sun,303,train,sun_00239
sun,303,train,sun_00242
sun,303,train,sun_00243
sun,303,train,sun_00244
sun,303,train,sun_00245
sun,303,train,sun_00248
sun,303,train,sun_00250
sun,303,train,sun_00252
sun,303,train,sun_00254
sun,303,train,sun_00255
sun,303,train,sun_00256
sun,303,train,sun_00257
sun,303,train,sun_00259
sun,303,train,sun_00261
sun,303,train,sun_00262
sun,303,train,sun_00265
sun,303,train,sun_00266
sun,303,train,sun_00268
sun,303,train,sun_00269
sun,303,train,sun_00270
sun,303,train,sun_00274
sun,303,train,sun_00275
sun,303,train,sun_00278
sun,303,train,sun_00281
sun,303,train,sun_00282
sun,303,train,sun_00283
sun,303,train,sun_00284
sun,303,train,sun_00285
sun,303,train,sun_00286
sun,303,train,sun_00290
sun,303,train,sun_00291
sun,303,train,sun_00292
sun,303,train,sun_00294
sun,303,train,sun_00297
sun,303,train,sun_00299
sun,303,train,sun_00301
sun,303,train,sun_00304
sun,303,train,sun_00305
sun,303,train,sun_00306
sun,303,train,sun_00307
sun,303,train,sun_00308
sun,303,train,sun_00309
sun,303,train,sun_00310
sun,303,train,sun_00311
sun,303,train,sun_00312
sun,303,train,sun_00316
sun,303,train,sun_00317
sun,303,train,sun_00318
sun,303,train,sun_00319
sun,303,train,sun_00320
sun,303,train,sun_00322
sun,303,train,sun_00323
sun,303,train,sun_00325
sun,303,train,sun_00326
sun,303,train,sun_00327
sun,303,train,sun_00329
sun,303,train,sun_00330
sun,303,train,sun_00333
sun,303,train,sun_00334
sun,303,train,sun_00335
sun,303,train,sun_00336
sun,303,train,sun_00339
sun,303,train,sun_00340
sun,303,train,sun_00342
sun,303,train,sun_00343
sun,303,train,sun_00344
sun,303,train,sun_00347
sun,303,train,sun_00348
sun,303,train,sun_00349
sun,303,train,sun_00350
sun,303,train,sun_00352
sun,303,train,sun_00356
sun,303,train,sun_00357
sun,303,train,sun_00359
sun,303,train,sun_00362
sun,303,train,sun_00365
sun,303,train,sun_00366
sun,303,train,sun_00367
sun,303,train,sun_00369
sun,303,train,sun_00371
sun,303,train,sun_00372
sun,303,train,sun_00373
sun,303,train,sun_00375
sun,303,train,sun_00376
sun,303,train,sun_00378
sun,303,train,sun_00379
sun,303,train,sun_00380
sun,303,train,sun_00382
sun,303,train,sun_00384
sun,303,train,sun_00386
sun,303,train,sun_00387
sun,303,train,sun_00388
sun,303,train,sun_00389
sun,303,train,sun_00390
sun,303,train,sun_00392
sun,303,train,sun_00394
sun,303,train,sun_00395
sun,303,train,sun_00396
sun,303,train,sun_00399
sun,303,train,sun_00400
sun,303,train,sun_00401
sun,303,train,sun_00402
sun,303,train,sun_00403
sun,303,train,sun_00404
sun,303,train,sun_00405
sun,303,train,sun_00409
sun,303,train,sun_00410
sun,303,train,sun_00413
sun,303,train,sun_00414
sun,303,train,sun_00415
sun,303,train,sun_00416
sun,303,train,sun_00417
sun,303,train,sun_00418
sun,303,train,sun_00419
sun,303,train,sun_00420
sun,303,train,sun_00421
sun,303,train,sun_00422
sun,303,train,sun_00423
sun,303,train,sun_00426
sun,303,train,sun_00429
sun,303,train,sun_00431
sun,303,train,sun_00435
sun,303,train,sun_00437
sun,303,train,sun_00438
sun,303,train,sun_00439
sun,303,train,sun_00440
sun,303,train,sun_00441
sun,303,train,sun_00442
sun,303,train,sun_00443
sun,303,train,sun_00444
sun,303,train,sun_00447
sun,303,train,sun_00450
sun,303,train,sun_00451
sun,303,train,sun_00453
sun,303,train,sun_00454
sun,303,train,sun_00456
sun,303,train,sun_00457
sun,303,train,sun_00458
sun,303,train,sun_00459
sun,303,train,sun_00460
sun,303,train,sun_00461
sun,303,train,sun_00462
sun,303,train,sun_00464
sun,303,train,sun_00467
sun,303,train,sun_00470
sun,303,train,sun_00471
sun,303,train,sun_00472
sun,303,train,sun_00473
sun,303,train,sun_00474
sun,303,train,sun_00478
sun,303,train,sun_00479
sun,303,train,sun_00480
sun,303,train,sun_00482
sun,303,train,sun_00484
sun,303,train,sun_00485
sun,303,train,sun_00486
sun,303,train,sun_00488
sun,303,train,sun_00489
sun,303,train,sun_00490
sun,303,train,sun_00491
sun,303,train,sun_00492
sun,303,train,sun_00493
sun,303,train,sun_00494
sun,303,train,sun_00495
sun,303,train,sun_00496
sun,303,train,sun_00497
sun,303,train,sun_00498
sun,303,train,sun_00499
sun,303,train,sun_00503
sun,303,train,sun_00504
sun,303,train,sun_00505
sun,303,train,sun_00509
sun,303,train,sun_00510
sun,303,train,sun_00511
sun,303,train,sun_00513
sun,303,train,sun_00514
sun,303,train,sun_00516
sun,303,train,sun_00517
sun,303,train,sun_00519
sun,303,train,sun_00520
sun,303,train,sun_00521
sun,303,train,sun_00524
sun,303,train,sun_00526
sun,303,train,sun_00527
sun,303,train,sun_00528
sun,303,train,sun_00529
sun,303,train,sun_00531
sun,303,train,sun_00532
sun,303,train,sun_00535
sun,303,train,sun_00536
sun,303,train,sun_00538
sun,303,train,sun_00539
sun,303,train,sun_00540
sun,303,train,sun_00541
sun,303,train,sun_00542
sun,303,train,sun_00545
sun,303,train,sun_00546
sun,303,train,sun_00547
sun,303,train,sun_00549
sun,303,train,sun_00556
sun,303,train,sun_00557
sun,303,train,sun_00558
sun,303,train,sun_00559
sun,303,train,sun_00560
sun,303,train,sun_00564
sun,303,train,sun_00566
sun,303,train,sun_00567
sun,303,train,sun_00569
sun,303,train,sun_00570
sun,303,train,sun_00571
sun,303,train,sun_00573
sun,303,train,sun_00574
sun,303,train,sun_00575
sun,303,train,sun_00576
sun,303,train,sun_00577
sun,303,train,sun_00579
sun,303,train,sun_00582
sun,303,train,sun_00584
sun,303,train,sun_00585
sun,303,train,sun_00586
sun,303,train,sun_00589
sun,303,train,sun_00590
sun,303,train,sun_00592
sun,303,train,sun_00593
sun,303,train,sun_00595
sun,303,train,sun_00596
sun,303,train,sun_00598
sun,303,train,sun_00599
sun,303,train,sun_00600
sun,303,train,sun_00601
sun,303,train,sun_00604
sun,303,train,sun_00605
sun,303,train,sun_00608
sun,303,train,sun_00610
sun,303,train,sun_00611
sun,303,train,sun_00612
sun,303,train,sun_00613
sun,303,train,sun_00614
sun,303,train,sun_00615
sun,303,train,sun_00616
sun,303,train,sun_00618
sun,303,train,sun_00619
sun,303,train,sun_00620
sun,303,train,sun_00621
sun,303,train,sun_00622
sun,303,train,sun_00623
sun,303,train,sun_00628
sun,303,train,sun_00629
sun,303,train,sun_00630
sun,303,train,sun_00631
sun,303,train,sun_00633
sun,303,train,sun_00636
sun,303,train,sun_00637
sun,303,train,sun_00638
sun,303,train,sun_00640
sun,303,train,sun_00641
sun,303,train,sun_00643
sun,303,train,sun_00644
sun,303,train,sun_00646
sun,303,train,sun_00647
sun,303,train,sun_00649
sun,303,train,sun_00651
sun,303,train,sun_00652
sun,303,train,sun_00653
sun,303,train,sun_00655
sun,303,train,sun_00657
sun,303,train,sun_00658
sun,303,train,sun_00659
sun,303,train,sun_00660
sun,303,train,sun_00661
sun,303,train,sun_00663
sun,303,train,sun_00664
sun,303,train,sun_00667
sun,303,train,sun_00668
sun,303,train,sun_00670
sun,303,train,sun_00671
sun,303,train,sun_00672
sun,303,train,sun_00673
sun,303,train,sun_00675
sun,303,train,sun_00676
sun,303,train,sun_00677
sun,303,train,sun_00679
sun,303,train,sun_00681
sun,303,train,sun_00683
sun,303,train,sun_00684
sun,303,train,sun_00685
sun,303,train,sun_00686
sun,303,train,sun_00688
sun,303,train,sun_00690
sun,303,train,sun_00691
sun,303,train,sun_00692
sun,303,train,sun_00693
sun,303,train,sun_00694
sun,303,train,sun_00697
sun,303,train,sun_00698
sun,303,train,sun_00699
sun,303,train,sun_00701
sun,303,train,sun_00703
sun,303,train,sun_00706
sun,303,train,sun_00707
sun,303,train,sun_00708
sun,303,train,sun_00709
sun,303,train,sun_00710
sun,303,train,sun_00711
sun,303,train,sun_00712
sun,303,train,sun_00713
sun,303,train,sun_00714
sun,303,train,sun_00715
sun,303,train,sun_00717
sun,303,train,sun_00719
sun,303,train,sun_00720
sun,303,train,sun_00721
sun,303,train,sun_00722
sun,303,train,sun_00723
sun,303,train,sun_00727
sun,303,train,sun_00728
sun,303,train,sun_00730
sun,303,train,sun_00732
sun,303,train,sun_00733
sun,303,train,sun_00734
sun,303,train,sun_00736
sun,303,train,sun_00738
sun,303,train,sun_00739
sun,303,train,sun_00740
sun,303,train,sun_00742
sun,303,train,sun_00743
sun,303,train,sun_00744
sun,303,train,sun_00745
sun,303,train,sun_00746
sun,303,train,sun_00748
sun,303,train,sun_00751
sun,303,train,sun_00753
sun,303,train,sun_00755
sun,303,train,sun_00757
sun,303,train,sun_00758
sun,303,train,sun_00760
sun,303,train,sun_00761
sun,303,train,sun_00762
sun,303,train,sun_00763
sun,303,train,sun_00764
sun,303,train,sun_00769
sun,303,train,sun_00770
sun,303,train,sun_00771
sun,303,train,sun_00773
sun,303,train,sun_00775
sun,303,train,sun_00776
sun,303,train,sun_00777
sun,303,train,sun_00778
sun,303,train,sun_00779
sun,303,train,sun_00781
sun,303,train,sun_00784
sun,303,train,sun_00785
sun,303,train,sun_00786
sun,303,train,sun_00787
sun,303,train,sun_00789
sun,303,train,sun_00790
sun,303,train,sun_00793
sun,303,train,sun_00794
sun,303,train,sun_00798
sun,303,train,sun_00799
sun,303,train,sun_00800
sun,303,train,sun_00802
sun,303,train,sun_00803
sun,303,train,sun_00804
sun,303,train,sun_00805
sun,303,train,sun_00806
sun,303,train,sun_00807
sun,303,train,sun_00812
sun,303,train,sun_00813
sun,303,train,sun_00816
sun,303,train,sun_00817
sun,303,train,sun_00818
sun,303,train,sun_00820
sun,303,train,sun_00821
sun,303,train,sun_00822
sun,303,train,sun_00824
sun,303,train,sun_00825
sun,303,train,sun_00826
sun,303,train,sun_00828
sun,303,train,sun_00829
sun,303,train,sun_00830
sun,303,train,sun_00831
sun,303,train,sun_00832
sun,303,train,sun_00833
sun,303,train,sun_00834
sun,303,train,sun_00835
sun,303,train,sun_00837
sun,303,train,sun_00838
sun,303,train,sun_00839
sun,303,train,sun_00840
sun,303,train,sun_00841
sun,303,train,sun_00842
sun,303,train,sun_00843
sun,303,train,sun_00845
sun,303,train,sun_00849
sun,303,train,sun_00850
sun,303,train,sun_00851
sun,303,train,sun_00852
sun,303,train,sun_00853
sun,303,train,sun_00856
sun,303,train,sun_00861
sun,303,train,sun_00862
sun,303,train,sun_00866
sun,303,train,sun_00867
sun,303,train,sun_00868
sun,303,train,sun_00869
sun,303,train,sun_00870
sun,303,train,sun_00871
sun,303,train,sun_00873
sun,303,train,sun_00874
sun,303,train,sun_00875
sun,303,train,sun_00879
sun,303,train,sun_00880
sun,303,train,sun_00881
sun,303,train,sun_00882
sun,303,train,sun_00884
sun,303,train,sun_00889
sun,303,train,sun_00890
sun,303,train,sun_00891
sun,303,train,sun_00892
sun,303,train,sun_00893
sun,303,train,sun_00894
sun,303,train,sun_00896
sun,303,train,sun_00899
sun,303,train,sun_00900
sun,303,train,sun_00902
sun,303,train,sun_00903
sun,303,train,sun_00904
sun,303,train,sun_00907
sun,303,train,sun_00908
sun,303,train,sun_00911
sun,303,train,sun_00912
sun,303,train,sun_00913
sun,303,train,sun_00914
sun,303,train,sun_00915
sun,303,train,sun_00917
sun,303,train,sun_00918
sun,303,train,sun_00919
sun,303,train,sun_00920
sun,303,train,sun_00921
sun,303,train,sun_00922
sun,303,train,sun_00924
sun,303,train,sun_00925
sun,303,train,sun_00926
sun,303,train,sun_00928
sun,303,train,sun_00929
sun,303,train,sun_00930
sun,303,train,sun_00931
sun,303,train,sun_00932
sun,303,train,sun_00935
sun,303,train,sun_00936
sun,303,train,sun_00937
sun,303,train,sun_00938
sun,303,train,sun_00940
sun,303,train,sun_00942
sun,303,train,sun_00943
sun,303,train,sun_00946
sun,303,train,sun_00948
sun,303,train,sun_00950
sun,303,train,sun_00951
sun,303,train,sun_00953
sun,303,train,sun_00954
sun,303,train,sun_00956
sun,303,train,sun_00957
sun,303,train,sun_00959
sun,303,train,sun_00960
sun,303,train,sun_00961
sun,303,train,sun_00962
sun,303,train,sun_00963
sun,303,train,sun_00964
sun,303,train,sun_00965
sun,303,train,sun_00966
sun,303,train,sun_00967
sun,303,train,sun_00968
sun,303,train,sun_00970
sun,303,train,sun_00971
sun,303,train,sun_00972
sun,303,train,sun_00973
sun,303,train,sun_00976
sun,303,train,sun_00977
sun,303,train,sun_00979
sun,303,train,sun_00980
sun,303,train,sun_00981
sun,303,train,sun_00982
sun,303,train,sun_00985
sun,303,train,sun_00986
sun,303,train,sun_00987
sun,303,train,sun_00991
sun,303,train,sun_00993
sun,303,train,sun_00994
sun,303,train,sun_00995
sun,303,train,sun_00996
sun,303,train,sun_01001
sun,303,train,sun_01005
sun,303,train,sun_01006
sun,303,train,sun_01007
sun,303,train,sun_01008
sun,303,train,sun_01010
sun,303,train,sun_01011
sun,303,train,sun_01012
sun,303,train,sun_01013
sun,303,train,sun_01016
sun,303,train,sun_01018
sun,303,train,sun_01020
sun,303,train,sun_01023
sun,303,train,sun_01025
sun,303,train,sun_01027
sun,303,train,sun_01028
sun,303,train,sun_01030
sun,303,train,sun_01031
sun,303,train,sun_01032
sun,303,train,sun_01033
sun,303,train,sun_01035
sun,303,train,sun_01036
sun,303,train,sun_01037
sun,303,train,sun_01038
sun,303,train,sun_01039
sun,303,train,sun_01041
sun,303,train,sun_01042
sun,303,train,sun_01043
sun,303,train,sun_01047
sun,303,train,sun_01048
sun,303,train,sun_01049
sun,303,train,sun_01050
sun,303,train,sun_01051
sun,303,train,sun_01052
sun,303,train,sun_01053
sun,303,train,sun_01055
sun,303,train,sun_01056
sun,303,train,sun_01057
sun,303,train,sun_01059
sun,303,train,sun_01060
sun,303,train,sun_01061
sun,303,train,sun_01062
sun,303,train,sun_01063
sun,303,train,sun_01064
sun,303,train,sun_01065
sun,303,train,sun_01066
sun,303,train,sun_01067
sun,303,train,sun_01070
sun,303,train,sun_01071
sun,303,train,sun_01075
sun,303,train,sun_01077
sun,303,train,sun_01079
sun,303,train,sun_01080
sun,303,train,sun_01081
sun,303,train,sun_01082
sun,303,train,sun_01083
sun,303,train,sun_01086
sun,303,train,sun_01087
sun,303,train,sun_01092
sun,303,train,sun_01093
sun,303,train,sun_01094
sun,303,train,sun_01095
sun,303,train,sun_01097
sun,303,train,sun_01098
sun,303,train,sun_01099
sun,303,train,sun_01100
sun,303,train,sun_01101
sun,303,train,sun_01102
sun,303,train,sun_01103
sun,303,train,sun_01104
sun,303,train,sun_01105
sun,303,train,sun_01106
sun,303,train,sun_01108
sun,303,train,sun_01109
sun,303,train,sun_01116
sun,303,train,sun_01117
sun,303,train,sun_01118
sun,303,train,sun_01119
sun,303,train,sun_01121
sun,303,train,sun_01122
sun,303,val,sun_00017
sun,303,val,sun_00020
sun,303,val,sun_00030
sun,303,val,sun_00038
sun,303,val,sun_00039
sun,303,val,sun_00047
sun,303,val,sun_00054
sun,303,val,sun_00057
sun,303,val,sun_00062
sun,303,val,sun_00068
sun,303,val,sun_00077
sun,303,val,sun_00082
sun,303,val,sun_00091
sun,303,val,sun_00094
sun,303,val,sun_00105
sun,303,val,sun_00111
sun,303,val,sun_00112
sun,303,val,sun_00115
sun,303,val,sun_00121
sun,303,val,sun_00122
sun,303,val,sun_00127
sun,303,val,sun_00130
sun,303,val,sun_00131
sun,303,val,sun_00132
sun,303,val,sun_00162
sun,303,val,sun_00180
sun,303,val,sun_00182
sun,303,val,sun_00192
sun,303,val,sun_00195
sun,303,val,sun_00202
sun,303,val,sun_00204
sun,303,val,sun_00206
sun,303,val,sun_00216
sun,303,val,sun_00224
sun,303,val,sun_00228
sun,303,val,sun_00237
sun,303,val,sun_00240
sun,303,val,sun_00247
sun,303,val,sun_00249
sun,303,val,sun_00251
sun,303,val,sun_00258
sun,303,val,sun_00263
sun,303,val,sun_00271
sun,303,val,sun_00273
sun,303,val,sun_00277
sun,303,val,sun_00279
sun,303,val,sun_00280
sun,303,val,sun_00287
sun,303,val,sun_00295
sun,303,val,sun_00296
sun,303,val,sun_00300
sun,303,val,sun_00324
sun,303,val,sun_00328
sun,303,val,sun_00338
sun,303,val,sun_00341
sun,303,val,sun_00346
sun,303,val,sun_00351
sun,303,val,sun_00355
sun,303,val,sun_00360
sun,303,val,sun_00364
sun,303,val,sun_00374
sun,303,val,sun_00377
sun,303,val,sun_00381
sun,303,val,sun_00391
sun,303,val,sun_00398
sun,303,val,sun_00406
sun,303,val,sun_00412
sun,303,val,sun_00424
sun,303,val,sun_00425
sun,303,val,sun_00432
sun,303,val,sun_00433
sun,303,val,sun_00446
sun,303,val,sun_00448
sun,303,val,sun_00455
sun,303,val,sun_00465
sun,303,val,sun_00466
sun,303,val,sun_00481
sun,303,val,sun_00487
sun,303,val,sun_00506
sun,303,val,sun_00518
sun,303,val,sun_00543
sun,303,val,sun_00548
sun,303,val,sun_00550
sun,303,val,sun_00554
sun,303,val,sun_00561
sun,303,val,sun_00565
sun,303,val,sun_00568
sun,303,val,sun_00578
sun,303,val,sun_00591
sun,303,val,sun_00607
sun,303,val,sun_00609
sun,303,val,sun_00624
sun,303,val,sun_00625
sun,303,val,sun_00634
sun,303,val,sun_00635
sun,303,val,sun_00639
sun,303,val,sun_00642
sun,303,val,sun_00650
sun,303,val,sun_00666
sun,303,val,sun_00669
sun,303,val,sun_00678
sun,303,val,sun_00682
sun,303,val,sun_00702
sun,303,val,sun_00716
sun,303,val,sun_00718
sun,303,val,sun_00724
sun,303,val,sun_00735
sun,303,val,sun_00756
sun,303,val,sun_00767
sun,303,val,sun_00768
sun,303,val,sun_00774
sun,303,val,sun_00788
sun,303,val,sun_00795
sun,303,val,sun_00796
sun,303,val,sun_00810
sun,303,val,sun_00811
sun,303,val,sun_00814
sun,303,val,sun_00819
sun,303,val,sun_00827
sun,303,val,sun_00836
sun,303,val,sun_00847
sun,303,val,sun_00854
sun,303,val,sun_00855
sun,303,val,sun_00860
sun,303,val,sun_00865
sun,303,val,sun_00876
sun,303,val,sun_00877
sun,303,val,sun_00883
sun,303,val,sun_00888
sun,303,val,sun_00897
sun,303,val,sun_00898
sun,303,val,sun_00901
sun,303,val,sun_00905
sun,303,val,sun_00910
sun,303,val,sun_00916
sun,303,val,sun_00923
sun,303,val,sun_00944
sun,303,val,sun_00945
sun,303,val,sun_00949
sun,303,val,sun_00952
sun,303,val,sun_00958
sun,303,val,sun_00969
sun,303,val,sun_00974
sun,303,val,sun_00975
sun,303,val,sun_00984
sun,303,val,sun_00988
sun,303,val,sun_00992
sun,303,val,sun_01002
sun,303,val,sun_01003
sun,303,val,sun_01014
sun,303,val,sun_01019
sun,303,val,sun_01021
sun,303,val,sun_01024
sun,303,val,sun_01026
sun,303,val,sun_01029
sun,303,val,sun_01045
sun,303,val,sun_01069
sun,303,val,sun_01072
sun,303,val,sun_01073
sun,303,val,sun_01074
sun,303,val,sun_01089
sun,303,val,sun_01090
sun,303,val,sun_01091
sun,303,val,sun_01110
sun,303,val,sun_01111
sun,303,val,sun_01112
sun,303,val,sun_01115
sun,303,val,sun_01120
sun,303,test,sun_00000
sun,303,test,sun_00004
sun,303,test,sun_00006
sun,303,test,sun_00010
sun,303,test,sun_00011
sun,303,test,sun_00027
sun,303,test,sun_00036
sun,303,test,sun_00046
sun,303,test,sun_00048
sun,303,test,sun_00051
sun,303,test,sun_00063
sun,303,test,sun_00065
sun,303,test,sun_00072
sun,303,test,sun_00073
sun,303,test,sun_00074
sun,303,test,sun_00079
sun,303,test,sun_00081
sun,303,test,sun_00085
sun,303,test,sun_00089
sun,303,test,sun_00090
sun,303,test,sun_00098
sun,303,test,sun_00100
sun,303,test,sun_00104
sun,303,test,sun_00108
sun,303,test,sun_00109
sun,303,test,sun_00120
sun,303,test,sun_00123
sun,303,test,sun_00135
sun,303,test,sun_00136
sun,303,test,sun_00140
sun,303,test,sun_00141
sun,303,test,sun_00143
sun,303,test,sun_00146
sun,303,test,sun_00150
sun,303,test,sun_00160
sun,303,test,sun_00166
sun,303,test,sun_00171
sun,303,test,sun_00172
sun,303,test,sun_00178
sun,303,test,sun_00186
sun,303,test,sun_00198
sun,303,test,sun_00203
sun,303,test,sun_00208
sun,303,test,sun_00210
sun,303,test,sun_00227
sun,303,test,sun_00238
sun,303,test,sun_00241
sun,303,test,sun_00246
sun,303,test,sun_00253
sun,303,test,sun_00260
sun,303,test,sun_00264
sun,303,test,sun_00267
sun,303,test,sun_00272
sun,303,test,sun_00276
sun,303,test,sun_00288
sun,303,test,sun_00289
sun,303,test,sun_00293
sun,303,test,sun_00298
sun,303,test,sun_00302
sun,303,test,sun_00303
sun,303,test,sun_00313
sun,303,test,sun_00314
sun,303,test,sun_00315
sun,303,test,sun_00321
sun,303,test,sun_00331
sun,303,test,sun_00332
sun,303,test,sun_00337
sun,303,test,sun_00345
sun,303,test,sun_00353
sun,303,test,sun_00354
sun,303,test,sun_00358
sun,303,test,sun_00361
sun,303,test,sun_00363
sun,303,test,sun_00368
sun,303,test,sun_00370
sun,303,test,sun_00383
sun,303,test,sun_00385
sun,303,test,sun_00393
sun,303,test,sun_00397
sun,303,test,sun_00407
sun,303,test,sun_00408
sun,303,test,sun_00411
sun,303,test,sun_00427
sun,303,test,sun_00428
sun,303,test,sun_00430
sun,303,test,sun_00434
sun,303,test,sun_00436
sun,303,test,sun_00445
sun,303,test,sun_00449
sun,303,test,sun_00452
sun,303,test,sun_00463
sun,303,test,sun_00468
sun,303,test,sun_00469
sun,303,test,sun_00475
sun,303,test,sun_00476
sun,303,test,sun_00477
sun,303,test,sun_00483
sun,303,test,sun_00500
sun,303,test,sun_00501
sun,303,test,sun_00502
sun,303,test,sun_00507
sun,303,test,sun_00508
sun,303,test,sun_00512
sun,303,test,sun_00515
sun,303,test,sun_00522
sun,303,test,sun_00523
sun,303,test,sun_00525
sun,303,test,sun_00530
sun,303,test,sun_00533
sun,303,test,sun_00534
sun,303,test,sun_00537
sun,303,test,sun_00544
sun,303,test,sun_00551
sun,303,test,sun_00552
sun,303,test,sun_00553
sun,303,test,sun_00555
sun,303,test,sun_00562
sun,303,test,sun_00563
sun,303,test,sun_00572
sun,303,test,sun_00580
sun,303,test,sun_00581
sun,303,test,sun_00583
sun,303,test,sun_00587
sun,303,test,sun_00588
sun,303,test,sun_00594
sun,303,test,sun_00597
sun,303,test,sun_00602
sun,303,test,sun_00603
sun,303,test,sun_00606
sun,303,test,sun_00617
sun,303,test,sun_00626
sun,303,test,sun_00627
sun,303,test,sun_00632
sun,303,test,sun_00645
sun,303,test,sun_00648
sun,303,test,sun_00654
sun,303,test,sun_00656
sun,303,test,sun_00662
sun,303,test,sun_00665
sun,303,test,sun_00674
sun,303,test,sun_00680
sun,303,test,sun_00687
sun,303,test,sun_00689
sun,303,test,sun_00695
sun,303,test,sun_00696
sun,303,test,sun_00700
sun,303,test,sun_00704
sun,303,test,sun_00705
sun,303,test,sun_00725
sun,303,test,sun_00726
sun,303,test,sun_00729
sun,303,test,sun_00731
sun,303,test,sun_00737
sun,303,test,sun_00741
sun,303,test,sun_00747
sun,303,test,sun_00749
sun,303,test,sun_00750
sun,303,test,sun_00752
sun,303,test,sun_00754
sun,303,test,sun_00759
sun,303,test,sun_00765
sun,303,test,sun_00766
sun,303,test,sun_00772
sun,303,test,sun_00780
sun,303,test,sun_00782
sun,303,test,sun_00783
sun,303,test,sun_00791
sun,303,test,sun_00792
sun,303,test,sun_00797
sun,303,test,sun_00801
sun,303,test,sun_00808
sun,303,test,sun_00809
sun,303,test,sun_00815
sun,303,test,sun_00823
sun,303,test,sun_00844
sun,303,test,sun_00846
sun,303,test,sun_00848
sun,303,test,sun_00857
sun,303,test,sun_00858
sun,303,test,sun_00859
sun,303,test,sun_00863
sun,303,test,sun_00864
sun,303,test,sun_00872
sun,303,test,sun_00878
sun,303,test,sun_00885
sun,303,test,sun_00886
sun,303,test,sun_00887
sun,303,test,sun_00895
sun,303,test,sun_00906
sun,303,test,sun_00909
sun,303,test,sun_00927
sun,303,test,sun_00933
sun,303,test,sun_00934
sun,303,test,sun_00939
sun,303,test,sun_00941
sun,303,test,sun_00947
sun,303,test,sun_00955
sun,303,test,sun_00978
sun,303,test,sun_00983
sun,303,test,sun_00989
sun,303,test,sun_00990
sun,303,test,sun_00997
sun,303,test,sun_00998
sun,303,test,sun_00999
sun,303,test,sun_01000
sun,303,test,sun_01004
sun,303,test,sun_01009
sun,303,test,sun_01015
sun,303,test,sun_01017
sun,303,test,sun_01022
sun,303,test,sun_01034
sun,303,test,sun_01040
sun,303,test,sun_01044
sun,303,test,sun_01046
sun,303,test,sun_01054
sun,303,test,sun_01058
sun,303,test,sun_01068
sun,303,test,sun_01076
sun,303,test,sun_01078
sun,303,test,sun_01084
sun,303,test,sun_01085
sun,303,test,sun_01088
sun,303,test,sun_01096
sun,303,test,sun_01107
sun,303,test,sun_01113
sun,303,test,sun_01114
jav,303,train,jav_00000
jav,303,train,jav_00001
jav,303,train,jav_00002
jav,303,train,jav_00003
jav,303,train,jav_00004
jav,303,train,jav_00005
jav,303,train,jav_00006
jav,303,train,jav_00007
jav,303,train,jav_00008
jav,303,train,jav_00009
jav,303,train,jav_00010
jav,303,train,jav_00011
jav,303,train,jav_00013
jav,303,train,jav_00014
jav,303,train,jav_00015
jav,303,train,jav_00017
jav,303,train,jav_00018
jav,303,train,jav_00019
jav,303,train,jav_00020
jav,303,train,jav_00021
jav,303,train,jav_00022
jav,303,train,jav_00023
jav,303,train,jav_00024
jav,303,train,jav_00025
jav,303,train,jav_00026
jav,303,train,jav_00027
jav,303,train,jav_00028
jav,303,train,jav_00032
jav,303,train,jav_00035
jav,303,train,jav_00036
jav,303,train,jav_00038
jav,303,train,jav_00039
jav,303,train,jav_00040
jav,303,train,jav_00041
jav,303,train,jav_00042
jav,303,train,jav_00045
jav,303,train,jav_00047
jav,303,train,jav_00050
jav,303,train,jav_00052
jav,303,train,jav_00053
jav,303,train,jav_00054
jav,303,train,jav_00055
jav,303,train,jav_00056
jav,303,train,jav_00057
jav,303,train,jav_00061
jav,303,train,jav_00065
jav,303,train,jav_00066
jav,303,train,jav_00067
jav,303,train,jav_00068
jav,303,train,jav_00070
jav,303,train,jav_00071
jav,303,train,jav_00072
jav,303,train,jav_00074
jav,303,train,jav_00075
jav,303,train,jav_00077
jav,303,train,jav_00078
jav,303,train,jav_00079
jav,303,train,jav_00080
jav,303,train,jav_00081
jav,303,train,jav_00082
jav,303,train,jav_00083
jav,303,train,jav_00084
jav,303,train,jav_00085
jav,303,train,jav_00086
jav,303,train,jav_00088
jav,303,train,jav_00089
jav,303,train,jav_00090
jav,303,train,jav_00091
jav,303,train,jav_00092
jav,303,train,jav_00093
jav,303,train,jav_00094
jav,303,train,jav_00095
jav,303,train,jav_00097
jav,303,train,jav_00099
jav,303,train,jav_00100
jav,303,train,jav_00102
jav,303,train,jav_00104
jav,303,train,jav_00106
jav,303,train,jav_00108
jav,303,train,jav_00109
jav,303,train,jav_00110
jav,303,train,jav_00120
jav,303,train,jav_00121
jav,303,train,jav_00122
jav,303,train,jav_00125
jav,303,train,jav_00128
jav,303,train,jav_00131
jav,303,train,jav_00132
jav,303,train,jav_00135
jav,303,train,jav_00136
jav,303,train,jav_00137
jav,303,train,jav_00138
jav,303,train,jav_00140
jav,303,train,jav_00142
jav,303,train,jav_00143
jav,303,train,jav_00145
jav,303,train,jav_00146
jav,303,train,jav_00147
jav,303,val,jav_00012
jav,303,val,jav_00051
jav,303,val,jav_00059
jav,303,val,jav_00060
jav,303,val,jav_00063
jav,303,val,jav_00069
jav,303,val,jav_00087
jav,303,val,jav_00101
jav,303,val,jav_00107
jav,303,val,jav_00111
jav,303,val,jav_00112
jav,303,val,jav_00113
jav,303,val,jav_00117
jav,303,val,jav_00118
jav,303,val,jav_00119
jav,303,val,jav_00123
jav,303,val,jav_00130
jav,303,val,jav_00133
jav,303,val,jav_00139
jav,303,val,jav_00141
jav,303,val,jav_00150
jav,303,test,jav_00016
jav,303,test,jav_00029
jav,303,test,jav_00030
jav,303,test,jav_00031
jav,303,test,jav_00033
jav,303,test,jav_00034
jav,303,test,jav_00037
jav,303,test,jav_00043
jav,303,test,jav_00044
jav,303,test,jav_00046
jav,303,test,jav_00048
jav,303,test,jav_00049
jav,303,test,jav_00058
jav,303,test,jav_00062
jav,303,test,jav_00064
jav,303,test,jav_00073
jav,303,test,jav_00076
jav,303,test,jav_00096
jav,303,test,jav_00098
jav,303,test,jav_00103
jav,303,test,jav_00105
jav,303,test,jav_00114
jav,303,test,jav_00115
jav,303,test,jav_00116
jav,303,test,jav_00124
jav,303,test,jav_00126
jav,303,test,jav_00127
jav,303,test,jav_00129
jav,303,test,jav_00134
jav,303,test,jav_00144
jav,303,test,jav_00148
jav,303,test,jav_00149
ind,303,train,ind_00001
ind,303,train,ind_00002
ind,303,train,ind_00004
ind,303,train,ind_00005
ind,303,train,ind_00007
ind,303,train,ind_00008
ind,303,train,ind_00009
ind,303,train,ind_00010
ind,303,train,ind_00011
ind,303,train,ind_00014
ind,303,train,ind_00021
ind,303,train,ind_00023
ind,303,train,ind_00024
ind,303,train,ind_00026
ind,303,train,ind_00027
ind,303,train,ind_00028
ind,303,train,ind_00029
ind,303,train,ind_00030
ind,303,train,ind_00033
ind,303,train,ind_00036
ind,303,train,ind_00037
ind,303,train,ind_00039
ind,303,train,ind_00041
ind,303,train,ind_00042
ind,303,train,ind_00043
ind,303,train,ind_00049
ind,303,train,ind_00051
ind,303,train,ind_00052
ind,303,train,ind_00053
ind,303,train,ind_00054
ind,303,train,ind_00055
ind,303,train,ind_00056
ind,303,train,ind_00057
ind,303,train,ind_00059
ind,303,train,ind_00060
ind,303,train,ind_00061
ind,303,train,ind_00062
ind,303,train,ind_00063
ind,303,train,ind_00065
ind,303,train,ind_00067
ind,303,train,ind_00068
ind,303,train,ind_00069
ind,303,train,ind_00070
ind,303,train,ind_00071
ind,303,train,ind_00072
ind,303,train,ind_00074
ind,303,train,ind_00075
ind,303,train,ind_00077
ind,303,train,ind_00078
ind,303,train,ind_00079
ind,303,train,ind_00080
ind,303,train,ind_00082
ind,303,train,ind_00083
ind,303,train,ind_00084
ind,303,train,ind_00085
ind,303,train,ind_00086
ind,303,train,ind_00089
ind,303,train,ind_00091
ind,303,train,ind_00092
ind,303,train,ind_00093
ind,303,train,ind_00094
ind,303,train,ind_00095
ind,303,train,ind_00096
ind,303,train,ind_00097
ind,303,train,ind_00098
ind,303,train,ind_00099
ind,303,train,ind_00100
ind,303,train,ind_00101
ind,303,train,ind_00103
ind,303,train,ind_00104
ind,303,train,ind_00106
ind,303,train,ind_00108
ind,303,train,ind_00109
ind,303,train,ind_00110
ind,303,train,ind_00111
ind,303,train,ind_00112
ind,303,train,ind_00115
ind,303,train,ind_00117
ind,303,train,ind_00119
ind,303,train,ind_00122
ind,303,train,ind_00123
ind,303,train,ind_00126
ind,303,train,ind_00133
ind,303,train,ind_00137
ind,303,train,ind_00138
ind,303,train,ind_00139
ind,303,train,ind_00140
ind,303,train,ind_00141
ind,303,train,ind_00142
ind,303,train,ind_00143
ind,303,train,ind_00144
ind,303,train,ind_00145
ind,303,train,ind_00146
ind,303,train,ind_00147
ind,303,train,ind_00149
ind,303,train,ind_00150
ind,303,train,ind_00151
ind,303,train,ind_00152
ind,303,train,ind_00153
ind,303,train,ind_00154
ind,303,train,ind_00155
ind,303,val,ind_00000
ind,303,val,ind_00006
ind,303,val,ind_00018
ind,303,val,ind_00020
ind,303,val,ind_00022
ind,303,val,ind_00035
ind,303,val,ind_00040
ind,303,val,ind_00044
ind,303,val,ind_00047
ind,303,val,ind_00048
ind,303,val,ind_00073
ind,303,val,ind_00076
ind,303,val,ind_00107
ind,303,val,ind_00113
ind,303,val,ind_00116
ind,303,val,ind_00120
ind,303,val,ind_00121
ind,303,val,ind_00124
ind,303,val,ind_00127
ind,303,val,ind_00130
ind,303,val,ind_00131
ind,303,val,ind_00135
ind,303,val,ind_00148
ind,303,test,ind_00003
ind,303,test,ind_00012
ind,303,test,ind_00013
ind,303,test,ind_00015
ind,303,test,ind_00016
ind,303,test,ind_00017
ind,303,test,ind_00019
ind,303,test,ind_00025
ind,303,test,ind_00031
ind,303,test,ind_00032
ind,303,test,ind_00034
ind,303,test,ind_00038
ind,303,test,ind_00045
ind,303,test,ind_00046
ind,303,test,ind_00050
ind,303,test,ind_00058
ind,303,test,ind_00064
ind,303,test,ind_00066
ind,303,test,ind_00081
ind,303,test,ind_00087
ind,303,test,ind_00088
ind,303,test,ind_00090
ind,303,test,ind_00102
ind,303,test,ind_00105
ind,303,test,ind_00114
ind,303,test,ind_00118
ind,303,test,ind_00125
ind,303,test,ind_00128
ind,303,test,ind_00129
ind,303,test,ind_00132
ind,303,test,ind_00134
ind,303,test,ind_00136
sun,404,train,sun_00000
sun,404,train,sun_00001
sun,404,train,sun_00002
sun,404,train,sun_00004
sun,404,train,sun_00006
sun,404,train,sun_00007
sun,404,train,sun_00008
sun,404,train,sun_00009
sun,404,train,sun_00010
sun,404,train,sun_00012
sun,404,train,sun_00014
sun,404,train,sun_00016
sun,404,train,sun_00018
sun,404,train,sun_00019
sun,404,train,sun_00020
sun,404,train,sun_00022
sun,404,train,sun_00023
sun,404,train,sun_00024
sun,404,train,sun_00026
sun,404,train,sun_00027
sun,404,train,sun_00030
sun,404,train,sun_00031
sun,404,train,sun_00036
sun,404,train,sun_00038
sun,404,train,sun_00040
sun,404,train,sun_00041
sun,404,train,sun_00042
sun,404,train,sun_00044
sun,404,train,sun_00048
sun,404,train,sun_00049
sun,404,train,sun_00050
sun,404,train,sun_00051
sun,404,train,sun_00052
sun,404,train,sun_00053
sun,404,train,sun_00054
sun,404,train,sun_00055
sun,404,train,sun_00056
sun,404,train,sun_00057
sun,404,train,sun_00058
sun,404,train,sun_00059
sun,404,train,sun_00060
sun,404,train,sun_00061
sun,404,train,sun_00062
sun,404,train,sun_00064
sun,404,train,sun_00065
sun,404,train,sun_00069
sun,404,train,sun_00070
sun,404,train,sun_00071
sun,404,train,sun_00074
sun,404,train,sun_00076
sun,404,train,sun_00079
sun,404,train,sun_00080
sun,404,train,sun_00081
sun,404,train,sun_00082
sun,404,train,sun_00083
sun,404,train,sun_00084
sun,404,train,sun_00085
sun,404,train,sun_00086
sun,404,train,sun_00088
sun,404,train,sun_00089
sun,404,train,sun_00090
sun,404,train,sun_00091
sun,404,train,sun_00092
sun,404,train,sun_00093
sun,404,train,sun_00094
sun,404,train,sun_00095
sun,404,train,sun_00097
sun,404,train,sun_00098
sun,404,train,sun_00099
sun,404,train,sun_00100
sun,404,train,sun_00101
sun,404,train,sun_00103
sun,404,train,sun_00106
sun,404,train,sun_00107
sun,404,train,sun_00108
sun,404,train,sun_00110
sun,404,train,sun_00113
sun,404,train,sun_00117
sun,404,train,sun_00119
sun,404,train,sun_00121
sun,404,train,sun_00122
sun,404,train,sun_00123
sun,404,train,sun_00124
sun,404,train,sun_00125
sun,404,train,sun_00127
sun,404,train,sun_00129
sun,404,train,sun_00130
sun,404,train,sun_00132
sun,404,train,sun_00133
sun,404,train,sun_00134
sun,404,train,sun_00135
sun,404,train,sun_00137
sun,404,train,sun_00138
sun,404,train,sun_00139
sun,404,train,sun_00141
sun,404,train,sun_00143
sun,404,train,sun_00144
sun,404,train,sun_00145
sun,404,train,sun_00147
sun,404,train,sun_00148
sun,404,train,sun_00149
sun,404,train,sun_00150
sun,404,train,sun_00151
sun,404,train,sun_00152
sun,404,train,sun_00154
sun,404,train,sun_00157
sun,404,train,sun_00159
sun,404,train,sun_00160
sun,404,train,sun_00162
sun,404,train,sun_00163
sun,404,train,sun_00164
sun,404,train,sun_00166
sun,404,train,sun_00167
sun,404,train,sun_00170
sun,404,train,sun_00172
sun,404,train,sun_00173
sun,404,train,sun_00174
sun,404,train,sun_00175
sun,404,train,sun_00177
sun,404,train,sun_00178
sun,404,train,sun_00179
sun,404,train,sun_00181
sun,404,train,sun_00182
sun,404,train,sun_00184
sun,404,train,sun_00186
sun,404,train,sun_00188
sun,404,train,sun_00189
sun,404,train,sun_00190
sun,404,train,sun_00191
sun,404,train,sun_00192
sun,404,train,sun_00193
sun,404,train,sun_00194
sun,404,train,sun_00195
sun,404,train,sun_00196
sun,404,train,sun_00199
sun,404,train,sun_00201
sun,404,train,sun_00203
sun,404,train,sun_00205
sun,404,train,sun_00207
sun,404,train,sun_00208
sun,404,train,sun_00209
sun,404,train,sun_00210
sun,404,train,sun_00213
sun,404,train,sun_00214
sun,404,train,sun_00215
sun,404,train,sun_00216
sun,404,train,sun_00217
sun,404,train,sun_00218
sun,404,train,sun_00219
sun,404,train,sun_00220
sun,404,train,sun_00221
sun,404,train,sun_00222
sun,404,train,sun_00223
sun,404,train,sun_00224
sun,404,train,sun_00226
sun,404,train,sun_00227
sun,404,train,sun_00229
sun,404,train,sun_00230
sun,404,train,sun_00232
sun,404,train,sun_00233
sun,404,train,sun_00234
sun,404,train,sun_00235
sun,404,train,sun_00236
sun,404,train,sun_00237
sun,404,train,sun_00239
sun,404,train,sun_00240
sun,404,train,sun_00241
sun,404,train,sun_00242
sun,404,train,sun_00246
sun,404,train,sun_00249
sun,404,train,sun_00250
sun,404,train,sun_00251
sun,404,train,sun_00253
sun,404,train,sun_00254
sun,404,train,sun_00255
sun,404,train,sun_00256
sun,404,train,sun_00258
sun,404,train,sun_00261
sun,404,train,sun_00263
sun,404,train,sun_00264
sun,404,train,sun_00265
sun,404,train,sun_00266
sun,404,train,sun_00267
sun,404,train,sun_00268
sun,404,train,sun_00269
sun,404,train,sun_00270
sun,404,train,sun_00271
sun,404,train,sun_00272
sun,404,train,sun_00274
sun,404,train,sun_00276
sun,404,train,sun_00277
sun,404,train,sun_00281
sun,404,train,sun_00282
sun,404,train,sun_00284
sun,404,train,sun_00285
sun,404,train,sun_00286
sun,404,train,sun_00287
sun,404,train,sun_00290
sun,404,train,sun_00291
sun,404,train,sun_00292
sun,404,train,sun_00294
sun,404,train,sun_00295
sun,404,train,sun_00296
sun,404,train,sun_00297
sun,404,train,sun_00299
sun,404,train,sun_00301
sun,404,train,sun_00303
sun,404,train,sun_00304
sun,404,train,sun_00305
sun,404,train,sun_00306
sun,404,train,sun_00307
sun,404,train,sun_00308
sun,404,train,sun_00309
sun,404,train,sun_00311
sun,404,train,sun_00313
sun,404,train,sun_00314
sun,404,train,sun_00317
sun,404,train,sun_00318
sun,404,train,sun_00320
sun,404,train,sun_00321
sun,404,train,sun_00322
sun,404,train,sun_00323
sun,404,train,sun_00325
sun,404,train,sun_00326
sun,404,train,sun_00327
sun,404,train,sun_00328
sun,404,train,sun_00330
sun,404,train,sun_00331
sun,404,train,sun_00334
sun,404,train,sun_00343
sun,404,train,sun_00344
sun,404,train,sun_00346
sun,404,train,sun_00347
sun,404,train,sun_00349
sun,404,train,sun_00353
sun,404,train,sun_00354
sun,404,train,sun_00355
sun,404,train,sun_00357
sun,404,train,sun_00358
sun,404,train,sun_00360
sun,404,train,sun_00361
sun,404,train,sun_00364
sun,404,train,sun_00365
sun,404,train,sun_00366
sun,404,train,sun_00368
sun,404,train,sun_00369
sun,404,train,sun_00372
sun,404,train,sun_00373
sun,404,train,sun_00377
sun,404,train,sun_00380
sun,404,train,sun_00381
sun,404,train,sun_00382
sun,404,train,sun_00384
sun,404,train,sun_00386
sun,404,train,sun_00387
sun,404,train,sun_00390
sun,404,train,sun_00392
sun,404,train,sun_00394
sun,404,train,sun_00395
sun,404,train,sun_00396
sun,404,train,sun_00401
sun,404,train,sun_00402
sun,404,train,sun_00404
sun,404,train,sun_00407
sun,404,train,sun_00408
sun,404,train,sun_00409
sun,404,train,sun_00410
sun,404,train,sun_00411
sun,404,train,sun_00413
sun,404,train,sun_00414
sun,404,train,sun_00415
sun,404,train,sun_00417
sun,404,train,sun_00419
sun,404,train,sun_00421
sun,404,train,sun_00425
sun,404,train,sun_00428
sun,404,train,sun_00430
sun,404,train,sun_00432
sun,404,train,sun_00434
sun,404,train,sun_00436
sun,404,train,sun_00437
sun,404,train,sun_00438
sun,404,train,sun_00440
sun,404,train,sun_00442
sun,404,train,sun_00443
sun,404,train,sun_00446
sun,404,train,sun_00447
sun,404,train,sun_00448
sun,404,train,sun_00449
sun,404,train,sun_00450
sun,404,train,sun_00451
sun,404,train,sun_00452
sun,404,train,sun_00454
sun,404,train,sun_00456
sun,404,train,sun_00458
sun,404,train,sun_00460
sun,404,train,sun_00462
sun,404,train,sun_00463
sun,404,train,sun_00464
sun,404,train,sun_00465
sun,404,train,sun_00466
sun,404,train,sun_00468
sun,404,train,sun_00469
sun,404,train,sun_00471
sun,404,train,sun_00472
sun,404,train,sun_00473
sun,404,train,sun_00476
sun,404,train,sun_00478
sun,404,train,sun_00479
sun,404,train,sun_00480
sun,404,train,sun_00482
sun,404,train,sun_00483
sun,404,train,sun_00484
sun,404,train,sun_00485
sun,404,train,sun_00488
sun,404,train,sun_00490
sun,404,train,sun_00491
sun,404,train,sun_00492
sun,404,train,sun_00494
sun,404,train,sun_00495
sun,404,train,sun_00496
sun,404,train,sun_00497
sun,404,train,sun_00498
sun,404,train,sun_00499
sun,404,train,sun_00500
sun,404,train,sun_00501
sun,404,train,sun_00506
sun,404,train,sun_00507
sun,404,train,sun_00508
sun,404,train,sun_00509
sun,404,train,sun_00510
sun,404,train,sun_00511
sun,404,train,sun_00512
sun,404,train,sun_00513
sun,404,train,sun_00515
sun,404,train,sun_00516
sun,404,train,sun_00518
sun,404,train,sun_00520
sun,404,train,sun_00522
sun,404,train,sun_00523
sun,404,train,sun_00524
sun,404,train,sun_00525
sun,404,train,sun_00526
sun,404,train,sun_00528
sun,404,train,sun_00529
sun,404,train,sun_00530
sun,404,train,sun_00531
sun,404,train,sun_00533
sun,404,train,sun_00534
sun,404,train,sun_00536
sun,404,train,sun_00537
sun,404,train,sun_00540
sun,404,train,sun_00541
sun,404,train,sun_00542
sun,404,train,sun_00543
sun,404,train,sun_00546
sun,404,train,sun_00547
sun,404,train,sun_00548
sun,404,train,sun_00549
sun,404,train,sun_00550
sun,404,train,sun_00551
sun,404,train,sun_00552
sun,404,train,sun_00553
sun,404,train,sun_00555
sun,404,train,sun_00557
sun,404,train,sun_00558
sun,404,train,sun_00559
sun,404,train,sun_00561
sun,404,train,sun_00562
sun,404,train,sun_00563
sun,404,train,sun_00564
sun,404,train,sun_00565
sun,404,train,sun_00568
sun,404,train,sun_00569
sun,404,train,sun_00570
sun,404,train,sun_00571
sun,404,train,sun_00574
sun,404,train,sun_00576
sun,404,train,sun_00577
sun,404,train,sun_00579
sun,404,train,sun_00580
sun,404,train,sun_00581
sun,404,train,sun_00583
sun,404,train,sun_00584
sun,404,train,sun_00587
sun,404,train,sun_00590
sun,404,train,sun_00591
sun,404,train,sun_00592
sun,404,train,sun_00593
sun,404,train,sun_00595
sun,404,train,sun_00596
sun,404,train,sun_00599
sun,404,train,sun_00600
sun,404,train,sun_00601
sun,404,train,sun_00602
sun,404,train,sun_00603
sun,404,train,sun_00604
sun,404,train,sun_00605
sun,404,train,sun_00606
sun,404,train,sun_00607
sun,404,train,sun_00608
sun,404,train,sun_00612
sun,404,train,sun_00613
sun,404,train,sun_00615
sun,404,train,sun_00616
sun,404,train,sun_00617
sun,404,train,sun_00618
sun,404,train,sun_00620
sun,404,train,sun_00624
sun,404,train,sun_00626
sun,404,train,sun_00629
sun,404,train,sun_00630
sun,404,train,sun_00631
sun,404,train,sun_00632
sun,404,train,sun_00634
sun,404,train,sun_00635
sun,404,train,sun_00637
sun,404,train,sun_00638
sun,404,train,sun_00639
sun,404,train,sun_00640
sun,404,train,sun_00641
sun,404,train,sun_00644
sun,404,train,sun_00646
sun,404,train,sun_00649
sun,404,train,sun_00651
sun,404,train,sun_00652
sun,404,train,sun_00654
sun,404,train,sun_00655
sun,404,train,sun_00656
sun,404,train,sun_00658
sun,404,train,sun_00659
sun,404,train,sun_00660
sun,404,train,sun_00661
sun,404,train,sun_00662
sun,404,train,sun_00663
sun,404,train,sun_00667
sun,404,train,sun_00668
sun,404,train,sun_00670
sun,404,train,sun_00671
sun,404,train,sun_00672
sun,404,train,sun_00674
sun,404,train,sun_00675
sun,404,train,sun_00678
sun,404,train,sun_00679
sun,404,train,sun_00681
sun,404,train,sun_00682
sun,404,train,sun_00683
sun,404,train,sun_00684
sun,404,train,sun_00685
sun,404,train,sun_00686
sun,404,train,sun_00687
sun,404,train,sun_00688
sun,404,train,sun_00689
sun,404,train,sun_00693
sun,404,train,sun_00696
sun,404,train,sun_00697
sun,404,train,sun_00699
sun,404,train,sun_00700
sun,404,train,sun_00701
sun,404,train,sun_00702
sun,404,train,sun_00703
sun,404,train,sun_00704
sun,404,train,sun_00705
sun,404,train,sun_00706
sun,404,train,sun_00707
sun,404,train,sun_00710
sun,404,train,sun_00711
sun,404,train,sun_00714
sun,404,train,sun_00719
sun,404,train,sun_00720
sun,404,train,sun_00721
sun,404,train,sun_00722
sun,404,train,sun_00723
sun,404,train,sun_00724
sun,404,train,sun_00726
sun,404,train,sun_00727
sun,404,train,sun_00728
sun,404,train,sun_00729
sun,404,train,sun_00733
sun,404,train,sun_00734
sun,404,train,sun_00735
sun,404,train,sun_00737
sun,404,train,sun_00738
sun,404,train,sun_00740
sun,404,train,sun_00743
sun,404,train,sun_00744
sun,404,train,sun_00746
sun,404,train,sun_00747
sun,404,train,sun_00748
sun,404,train,sun_00749
sun,404,train,sun_00750
sun,404,train,sun_00752
sun,404,train,sun_00753
sun,404,train,sun_00757
sun,404,train,sun_00759
sun,404,train,sun_00760
sun,404,train,sun_00761
sun,404,train,sun_00766
sun,404,train,sun_00769
sun,404,train,sun_00770
sun,404,train,sun_00772
sun,404,train,sun_00774
sun,404,train,sun_00775
sun,404,train,sun_00776
sun,404,train,sun_00777
sun,404,train,sun_00778
sun,404,train,sun_00780
sun,404,train,sun_00781
sun,404,train,sun_00782
sun,404,train,sun_00785
sun,404,train,sun_00792
sun,404,train,sun_00793
sun,404,train,sun_00794
sun,404,train,sun_00803
sun,404,train,sun_00805
sun,404,train,sun_00807
sun,404,train,sun_00809
sun,404,train,sun_00810
sun,404,train,sun_00813
sun,404,train,sun_00820
sun,404,train,sun_00823
sun,404,train,sun_00824
sun,404,train,sun_00825
sun,404,train,sun_00827
sun,404,train,sun_00828
sun,404,train,sun_00830
sun,404,train,sun_00832
sun,404,train,sun_00833
sun,404,train,sun_00834
sun,404,train,sun_00835
sun,404,train,sun_00836
sun,404,train,sun_00838
sun,404,train,sun_00839
sun,404,train,sun_00841
sun,404,train,sun_00842
sun,404,train,sun_00843
sun,404,train,sun_00845
sun,404,train,sun_00846
sun,404,train,sun_00851
sun,404,train,sun_00852
sun,404,train,sun_00853
sun,404,train,sun_00854
sun,404,train,sun_00855
sun,404,train,sun_00857
sun,404,train,sun_00858
sun,404,train,sun_00859
sun,404,train,sun_00860
sun,404,train,sun_00861
sun,404,train,sun_00862
sun,404,train,sun_00863
sun,404,train,sun_00864
sun,404,train,sun_00865
sun,404,train,sun_00866
sun,404,train,sun_00867
sun,404,train,sun_00868
sun,404,train,sun_00869
sun,404,train,sun_00870
sun,404,train,sun_00871
sun,404,train,sun_00872
sun,404,train,sun_00873
sun,404,train,sun_00874
sun,404,train,sun_00876
sun,404,train,sun_00878
sun,404,train,sun_00879
sun,404,train,sun_00882
sun,404,train,sun_00883
sun,404,train,sun_00884
sun,404,train,sun_00885
sun,404,train,sun_00886
sun,404,train,sun_00888
sun,404,train,sun_00889
sun,404,train,sun_00890
sun,404,train,sun_00892
sun,404,train,sun_00894
sun,404,train,sun_00895
sun,404,train,sun_00896
sun,404,train,sun_00897
sun,404,train,sun_00898
sun,404,train,sun_00900
sun,404,train,sun_00901
sun,404,train,sun_00902
sun,404,train,sun_00903
sun,404,train,sun_00904
sun,404,train,sun_00905
sun,404,train,sun_00907
sun,404,train,sun_00908
sun,404,train,sun_00909
sun,404,train,sun_00911
sun,404,train,sun_00912
sun,404,train,sun_00916
sun,404,train,sun_00919
sun,404,train,sun_00920
sun,404,train,sun_00922
sun,404,train,sun_00924
sun,404,train,sun_00926
sun,404,train,sun_00927
sun,404,train,sun_00929
sun,404,train,sun_00931
sun,404,train,sun_00932
sun,404,train,sun_00933
sun,404,train,sun_00934
sun,404,train,sun_00935
sun,404,train,sun_00937
sun,404,train,sun_00938
sun,404,train,sun_00940
sun,404,train,sun_00944
sun,404,train,sun_00949
sun,404,train,sun_00950
sun,404,train,sun_00951
sun,404,train,sun_00952
sun,404,train,sun_00953
sun,404,train,sun_00954
sun,404,train,sun_00955
sun,404,train,sun_00956
sun,404,train,sun_00957
sun,404,train,sun_00959
sun,404,train,sun_00960
sun,404,train,sun_00961
sun,404,train,sun_00962
sun,404,train,sun_00963
sun,404,train,sun_00964
sun,404,train,sun_00965
sun,404,train,sun_00966
sun,404,train,sun_00967
sun,404,train,sun_00970
sun,404,train,sun_00971
sun,404,train,sun_00972
sun,404,train,sun_00973
sun,404,train,sun_00975
sun,404,train,sun_00976
sun,404,train,sun_00977
sun,404,train,sun_00979
sun,404,train,sun_00980
sun,404,train,sun_00981
sun,404,train,sun_00982
sun,404,train,sun_00983
sun,404,train,sun_00985
sun,404,train,sun_00988
sun,404,train,sun_00989
sun,404,train,sun_00990
sun,404,train,sun_00991
sun,404,train,sun_00992
sun,404,train,sun_00993
sun,404,train,sun_00994
sun,404,train,sun_00996
sun,404,train,sun_00997
sun,404,train,sun_01001
sun,404,train,sun_01002
sun,404,train,sun_01003
sun,404,train,sun_01004
sun,404,train,sun_01005
sun,404,train,sun_01008
sun,404,train,sun_01010
sun,404,train,sun_01011
sun,404,train,sun_01014
sun,404,train,sun_01015
sun,404,train,sun_01016
sun,404,train,sun_01018
sun,404,train,sun_01020
sun,404,train,sun_01021
sun,404,train,sun_01022
sun,404,train,sun_01025
sun,404,train,sun_01027
sun,404,train,sun_01028
sun,404,train,sun_01029
sun,404,train,sun_01030
sun,404,train,sun_01033
sun,404,train,sun_01034
sun,404,train,sun_01036
sun,404,train,sun_01038
sun,404,train,sun_01039
sun,404,train,sun_01040
sun,404,train,sun_01041
sun,404,train,sun_01042
sun,404,train,sun_01043
sun,404,train,sun_01044
sun,404,train,sun_01045
sun,404,train,sun_01046
sun,404,train,sun_01048
sun,404,train,sun_01049
sun,404,train,sun_01051
sun,404,train,sun_01052
sun,404,train,sun_01053
sun,404,train,sun_01054
sun,404,train,sun_01056
sun,404,train,sun_01057
sun,404,train,sun_01058
sun,404,train,sun_01059
sun,404,train,sun_01060
sun,404,train,sun_01062
sun,404,train,sun_01063
sun,404,train,sun_01064
sun,404,train,sun_01065
sun,404,train,sun_01066
sun,404,train,sun_01068
sun,404,train,sun_01069
sun,404,train,sun_01070
sun,404,train,sun_01071
sun,404,train,sun_01075
sun,404,train,sun_01077
sun,404,train,sun_01083
sun,404,train,sun_01084
sun,404,train,sun_01085
sun,404,train,sun_01086
sun,404,train,sun_01087
sun,404,train,sun_01088
sun,404,train,sun_01089
sun,404,train,sun_01092
sun,404,train,sun_01093
sun,404,train,sun_01097
sun,404,train,sun_01098
sun,404,train,sun_01100
sun,404,train,sun_01102
sun,404,train,sun_01104
sun,404,train,sun_01105
sun,404,train,sun_01106
sun,404,train,sun_01107
sun,404,train,sun_01110
sun,404,train,sun_01111
sun,404,train,sun_01113
sun,404,train,sun_01114
sun,404,train,sun_01115
sun,404,train,sun_01116
sun,404,train,sun_01117
sun,404,train,sun_01118
sun,404,train,sun_01119
sun,404,train,sun_01120
sun,404,train,sun_01121
sun,404,train,sun_01122
sun,404,val,sun_00003
sun,404,val,sun_00005
sun,404,val,sun_00017
sun,404,val,sun_00025
sun,404,val,sun_00043
sun,404,val,sun_00045
sun,404,val,sun_00046
sun,404,val,sun_00066
sun,404,val,sun_00067
sun,404,val,sun_00068
sun,404,val,sun_00072
sun,404,val,sun_00078
sun,404,val,sun_00102
sun,404,val,sun_00104
sun,404,val,sun_00109
sun,404,val,sun_00111
sun,404,val,sun_00115
sun,404,val,sun_00116
sun,404,val,sun_00136
sun,404,val,sun_00140
sun,404,val,sun_00153
sun,404,val,sun_00155
sun,404,val,sun_00161
sun,404,val,sun_00165
sun,404,val,sun_00169
sun,404,val,sun_00180
sun,404,val,sun_00185
sun,404,val,sun_00197
sun,404,val,sun_00202
sun,404,val,sun_00212
sun,404,val,sun_00231
sun,404,val,sun_00243
sun,404,val,sun_00248
sun,404,val,sun_00257
sun,404,val,sun_00273
sun,404,val,sun_00279
sun,404,val,sun_00280
sun,404,val,sun_00283
sun,404,val,sun_00310
sun,404,val,sun_00312
sun,404,val,sun_00315
sun,404,val,sun_00319
sun,404,val,sun_00324
sun,404,val,sun_00329
sun,404,val,sun_00333
sun,404,val,sun_00335
sun,404,val,sun_00336
sun,404,val,sun_00339
sun,404,val,sun_00352
sun,404,val,sun_00362
sun,404,val,sun_00374
sun,404,val,sun_00379
sun,404,val,sun_00383
sun,404,val,sun_00385
sun,404,val,sun_00399
sun,404,val,sun_00400
sun,404,val,sun_00405
sun,404,val,sun_00406
sun,404,val,sun_00412
sun,404,val,sun_00416
sun,404,val,sun_00426
sun,404,val,sun_00427
sun,404,val,sun_00435
sun,404,val,sun_00439
sun,404,val,sun_00441
sun,404,val,sun_00444
sun,404,val,sun_00445
sun,404,val,sun_00453
sun,404,val,sun_00459
sun,404,val,sun_00461
sun,404,val,sun_00474
sun,404,val,sun_00475
sun,404,val,sun_00486
sun,404,val,sun_00503
sun,404,val,sun_00504
sun,404,val,sun_00505
sun,404,val,sun_00514
sun,404,val,sun_00517
sun,404,val,sun_00521
sun,404,val,sun_00532
sun,404,val,sun_00535
sun,404,val,sun_00554
sun,404,val,sun_00566
sun,404,val,sun_00573
sun,404,val,sun_00575
sun,404,val,sun_00588
sun,404,val,sun_00589
sun,404,val,sun_00594
sun,404,val,sun_00597
sun,404,val,sun_00609
sun,404,val,sun_00610
sun,404,val,sun_00614
sun,404,val,sun_00642
sun,404,val,sun_00647
sun,404,val,sun_00648
sun,404,val,sun_00650
sun,404,val,sun_00664
sun,404,val,sun_00677
sun,404,val,sun_00694
sun,404,val,sun_00712
sun,404,val,sun_00716
sun,404,val,sun_00717
sun,404,val,sun_00718
sun,404,val,sun_00725
sun,404,val,sun_00730
sun,404,val,sun_00731
sun,404,val,sun_00732
sun,404,val,sun_00751
sun,404,val,sun_00758
sun,404,val,sun_00763
sun,404,val,sun_00771
sun,404,val,sun_00779
sun,404,val,sun_00783
sun,404,val,sun_00784
sun,404,val,sun_00789
sun,404,val,sun_00795
sun,404,val,sun_00796
sun,404,val,sun_00800
sun,404,val,sun_00801
sun,404,val,sun_00802
sun,404,val,sun_00804
sun,404,val,sun_00806
sun,404,val,sun_00808
sun,404,val,sun_00814
sun,404,val,sun_00816
sun,404,val,sun_00821
sun,404,val,sun_00837
sun,404,val,sun_00840
sun,404,val,sun_00844
sun,404,val,sun_00880
sun,404,val,sun_00881
sun,404,val,sun_00887
sun,404,val,sun_00891
sun,404,val,sun_00899
sun,404,val,sun_00910
sun,404,val,sun_00914
sun,404,val,sun_00917
sun,404,val,sun_00921
sun,404,val,sun_00923
sun,404,val,sun_00928
sun,404,val,sun_00936
sun,404,val,sun_00941
sun,404,val,sun_00943
sun,404,val,sun_00948
sun,404,val,sun_00968
sun,404,val,sun_00974
sun,404,val,sun_00978
sun,404,val,sun_00986
sun,404,val,sun_00995
sun,404,val,sun_00999
sun,404,val,sun_01009
sun,404,val,sun_01012
sun,404,val,sun_01013
sun,404,val,sun_01023
sun,404,val,sun_01024
sun,404,val,sun_01032
sun,404,val,sun_01035
sun,404,val,sun_01037
sun,404,val,sun_01061
sun,404,val,sun_01072
sun,404,val,sun_01078
sun,404,val,sun_01079
sun,404,val,sun_01080
sun,404,val,sun_01082
sun,404,val,sun_01091
sun,404,val,sun_01099
sun,404,val,sun_01103
sun,404,val,sun_01112
sun,404,test,sun_00011
sun,404,test,sun_00013
sun,404,test,sun_00015
sun,404,test,sun_00021
sun,404,test,sun_00028
sun,404,test,sun_00029
sun,404,test,sun_00032
sun,404,test,sun_00033
sun,404,test,sun_00034
sun,404,test,sun_00035
sun,404,test,sun_00037
sun,404,test,sun_00039
sun,404,test,sun_00047
sun,404,test,sun_00063
sun,404,test,sun_00073
sun,404,test,sun_00075
sun,404,test,sun_00077
sun,404,test,sun_00087
sun,404,test,sun_00096
sun,404,test,sun_00105
sun,404,test,sun_00112
sun,404,test,sun_00114
sun,404,test,sun_00118
sun,404,test,sun_00120
sun,404,test,sun_00126
sun,404,test,sun_00128
sun,404,test,sun_00131
sun,404,test,sun_00142
sun,404,test,sun_00146
sun,404,test,sun_00156
sun,404,test,sun_00158
sun,404,test,sun_00168
sun,404,test,sun_00171
sun,404,test,sun_00176
sun,404,test,sun_00183
sun,404,test,sun_00187
sun,404,test,sun_00198
sun,404,test,sun_00200
sun,404,test,sun_00204
sun,404,test,sun_00206
sun,404,test,sun_00211
sun,404,test,sun_00225
sun,404,test,sun_00228
sun,404,test,sun_00238
sun,404,test,sun_00244
sun,404,test,sun_00245
sun,404,test,sun_00247
sun,404,test,sun_00252
sun,404,test,sun_00259
sun,404,test,sun_00260
sun,404,test,sun_00262
sun,404,test,sun_00275
sun,404,test,sun_00278
sun,404,test,sun_00288
sun,404,test,sun_00289
sun,404,test,sun_00293
sun,404,test,sun_00298
sun,404,test,sun_00300
sun,404,test,sun_00302
sun,404,test,sun_00316
sun,404,test,sun_00332
sun,404,test,sun_00337
sun,404,test,sun_00338
sun,404,test,sun_00340
sun,404,test,sun_00341
sun,404,test,sun_00342
sun,404,test,sun_00345
sun,404,test,sun_00348
sun,404,test,sun_00350
sun,404,test,sun_00351
sun,404,test,sun_00356
sun,404,test,sun_00359
sun,404,test,sun_00363
sun,404,test,sun_00367
sun,404,test,sun_00370
sun,404,test,sun_00371
sun,404,test,sun_00375
sun,404,test,sun_00376
sun,404,test,sun_00378
sun,404,test,sun_00388
sun,404,test,sun_00389
sun,404,test,sun_00391
sun,404,test,sun_00393
sun,404,test,sun_00397
sun,404,test,sun_00398
sun,404,test,sun_00403
sun,404,test,sun_00418
sun,404,test,sun_00420
sun,404,test,sun_00422
sun,404,test,sun_00423
sun,404,test,sun_00424
sun,404,test,sun_00429
sun,404,test,sun_00431
sun,404,test,sun_00433
sun,404,test,sun_00455
sun,404,test,sun_00457
sun,404,test,sun_00467
sun,404,test,sun_00470
sun,404,test,sun_00477
sun,404,test,sun_00481
sun,404,test,sun_00487
sun,404,test,sun_00489
sun,404,test,sun_00493
sun,404,test,sun_00502
sun,404,test,sun_00519
sun,404,test,sun_00527
sun,404,test,sun_00538
sun,404,test,sun_00539
sun,404,test,sun_00544
sun,404,test,sun_00545
sun,404,test,sun_00556
sun,404,test,sun_00560
sun,404,test,sun_00567
sun,404,test,sun_00572
sun,404,test,sun_00578
sun,404,test,sun_00582
sun,404,test,sun_00585
sun,404,test,sun_00586
sun,404,test,sun_00598
sun,404,test,sun_00611
sun,404,test,sun_00619
sun,404,test,sun_00621
sun,404,test,sun_00622
sun,404,test,sun_00623
sun,404,test,sun_00625
sun,404,test,sun_00627
sun,404,test,sun_00628
sun,404,test,sun_00633
sun,404,test,sun_00636
sun,404,test,sun_00643
sun,404,test,sun_00645
sun,404,test,sun_00653
sun,404,test,sun_00657
sun,404,test,sun_00665
sun,404,test,sun_00666
sun,404,test,sun_00669
sun,404,test,sun_00673
sun,404,test,sun_00676
sun,404,test,sun_00680
sun,404,test,sun_00690
sun,404,test,sun_00691
sun,404,test,sun_00692
sun,404,test,sun_00695
sun,404,test,sun_00698
sun,404,test,sun_00708
sun,404,test,sun_00709
sun,404,test,sun_00713
sun,404,test,sun_00715
sun,404,test,sun_00736
sun,404,test,sun_00739
sun,404,test,sun_00741
sun,404,test,sun_00742
sun,404,test,sun_00745
sun,404,test,sun_00754
sun,404,test,sun_00755
sun,404,test,sun_00756
sun,404,test,sun_00762
sun,404,test,sun_00764
sun,404,test,sun_00765
sun,404,test,sun_00767
sun,404,test,sun_00768
sun,404,test,sun_00773
sun,404,test,sun_00786
sun,404,test,sun_00787
sun,404,test,sun_00788
sun,404,test,sun_00790
sun,404,test,sun_00791
sun,404,test,sun_00797
sun,404,test,sun_00798
sun,404,test,sun_00799
sun,404,test,sun_00811
sun,404,test,sun_00812
sun,404,test,sun_00815
sun,404,test,sun_00817
sun,404,test,sun_00818
sun,404,test,sun_00819
sun,404,test,sun_00822
sun,404,test,sun_00826
sun,404,test,sun_00829
sun,404,test,sun_00831
sun,404,test,sun_00847
sun,404,test,sun_00848
sun,404,test,sun_00849
sun,404,test,sun_00850
sun,404,test,sun_00856
sun,404,test,sun_00875
sun,404,test,sun_00877
sun,404,test,sun_00893
sun,404,test,sun_00906
sun,404,test,sun_00913
sun,404,test,sun_00915
sun,404,test,sun_00918
sun,404,test,sun_00925
sun,404,test,sun_00930
sun,404,test,sun_00939
sun,404,test,sun_00942
sun,404,test,sun_00945
sun,404,test,sun_00946
sun,404,test,sun_00947
sun,404,test,sun_00958
sun,404,test,sun_00969
sun,404,test,sun_00984
sun,404,test,sun_00987
sun,404,test,sun_00998
sun,404,test,sun_01000
sun,404,test,sun_01006
sun,404,test,sun_01007
sun,404,test,sun_01017
sun,404,test,sun_01019
sun,404,test,sun_01026
sun,404,test,sun_01031
sun,404,test,sun_01047
sun,404,test,sun_01050
sun,404,test,sun_01055
sun,404,test,sun_01067
sun,404,test,sun_01073
sun,404,test,sun_01074
sun,404,test,sun_01076
sun,404,test,sun_01081
sun,404,test,sun_01090
sun,404,test,sun_01094
sun,404,test,sun_01095
sun,404,test,sun_01096
sun,404,test,sun_01101
sun,404,test,sun_01108
sun,404,test,sun_01109
jav,404,train,jav_00000
jav,404,train,jav_00001
jav,404,train,jav_00003
jav,404,train,jav_00004
jav,404,train,jav_00006
jav,404,train,jav_00009
jav,404,train,jav_00011
jav,404,train,jav_00012
jav,404,train,jav_00013
jav,404,train,jav_00014
jav,404,train,jav_00015
jav,404,train,jav_00017
jav,404,train,jav_00018
jav,404,train,jav_00019
jav,404,train,jav_00021
jav,404,train,jav_00022
jav,404,train,jav_00024
jav,404,train,jav_00025
jav,404,train,jav_00026
jav,404,train,jav_00027
jav,404,train,jav_00028
jav,404,train,jav_00033
jav,404,train,jav_00035
jav,404,train,jav_00036
jav,404,train,jav_00037
jav,404,train,jav_00038
jav,404,train,jav_00041
jav,404,train,jav_00042
jav,404,train,jav_00043
jav,404,train,jav_00044
jav,404,train,jav_00047
jav,404,train,jav_00048
jav,404,train,jav_00051
jav,404,train,jav_00052
jav,404,train,jav_00053
jav,404,train,jav_00055
jav,404,train,jav_00061
jav,404,train,jav_00063
jav,404,train,jav_00064
jav,404,train,jav_00065
jav,404,train,jav_00067
jav,404,train,jav_00069
jav,404,train,jav_00070
jav,404,train,jav_00072
jav,404,train,jav_00074
jav,404,train,jav_00075
jav,404,train,jav_00076
jav,404,train,jav_00077
jav,404,train,jav_00078
jav,404,train,jav_00082
jav,404,train,jav_00083
jav,404,train,jav_00084
jav,404,train,jav_00086
jav,404,train,jav_00087
jav,404,train,jav_00089
jav,404,train,jav_00090
jav,404,train,jav_00093
jav,404,train,jav_00094
jav,404,train,jav_00095
jav,404,train,jav_00096
jav,404,train,jav_00098
jav,404,train,jav_00099
jav,404,train,jav_00101
jav,404,train,jav_00102
jav,404,train,jav_00104
jav,404,train,jav_00105
jav,404,train,jav_00106
jav,404,train,jav_00108
jav,404,train,jav_00109
jav,404,train,jav_00110
jav,404,train,jav_00115
jav,404,train,jav_00116
jav,404,train,jav_00118
jav,404,train,jav_00119
jav,404,train,jav_00120
jav,404,train,jav_00121
jav,404,train,jav_00122
jav,404,train,jav_00123
jav,404,train,jav_00124
jav,404,train,jav_00126
jav,404,train,jav_00127
jav,404,train,jav_00128
jav,404,train,jav_00129
jav,404,train,jav_00130
jav,404,train,jav_00131
jav,404,train,jav_00132
jav,404,train,jav_00133
jav,404,train,jav_00134
jav,404,train,jav_00135
jav,404,train,jav_00136
jav,404,train,jav_00138
jav,404,train,jav_00139
jav,404,train,jav_00141
jav,404,train,jav_00144
jav,404,train,jav_00145
jav,404,train,jav_00146
jav,404,train,jav_00148
jav,404,train,jav_00150
jav,404,val,jav_00005
jav,404,val,jav_00008
jav,404,val,jav_00010
jav,404,val,jav_00016
jav,404,val,jav_00020
jav,404,val,jav_00031
jav,404,val,jav_00039
jav,404,val,jav_00040
jav,404,val,jav_00045
jav,404,val,jav_00046
jav,404,val,jav_00056
jav,404,val,jav_00058
jav,404,val,jav_00059
jav,404,val,jav_00068
jav,404,val,jav_00100
jav,404,val,jav_00112
jav,404,val,jav_00114
jav,404,val,jav_00117
jav,404,val,jav_00125
jav,404,val,jav_00142
jav,404,val,jav_00143
jav,404,val,jav_00149
jav,404,test,jav_00002
jav,404,test,jav_00007
jav,404,test,jav_00023
jav,404,test,jav_00029
jav,404,test,jav_00030
jav,404,test,jav_00032
jav,404,test,jav_00034
jav,404,test,jav_00049
jav,404,test,jav_00050
jav,404,test,jav_00054
jav,404,test,jav_00057
jav,404,test,jav_00060
jav,404,test,jav_00062
jav,404,test,jav_00066
jav,404,test,jav_00071
jav,404,test,jav_00073
jav,404,test,jav_00079
jav,404,test,jav_00080
jav,404,test,jav_00081
jav,404,test,jav_00085
jav,404,test,jav_00088
jav,404,test,jav_00091
jav,404,test,jav_00092
jav,404,test,jav_00097
jav,404,test,jav_00103
jav,404,test,jav_00107
jav,404,test,jav_00111
jav,404,test,jav_00113
jav,404,test,jav_00137
jav,404,test,jav_00140
jav,404,test,jav_00147
ind,404,train,ind_00000
ind,404,train,ind_00001
ind,404,train,ind_00002
ind,404,train,ind_00003
ind,404,train,ind_00004
ind,404,train,ind_00007
ind,404,train,ind_00008
ind,404,train,ind_00010
ind,404,train,ind_00016
ind,404,train,ind_00017
ind,404,train,ind_00018
ind,404,train,ind_00020
ind,404,train,ind_00021
ind,404,train,ind_00022
ind,404,train,ind_00023
ind,404,train,ind_00024
ind,404,train,ind_00025
ind,404,train,ind_00027
ind,404,train,ind_00028
ind,404,train,ind_00030
ind,404,train,ind_00031
ind,404,train,ind_00033
ind,404,train,ind_00034
ind,404,train,ind_00035
ind,404,train,ind_00036
ind,404,train,ind_00037
ind,404,train,ind_00038
ind,404,train,ind_00039
ind,404,train,ind_00040
ind,404,train,ind_00041
ind,404,train,ind_00043
ind,404,train,ind_00044
ind,404,train,ind_00045
ind,404,train,ind_00046
ind,404,train,ind_00050
ind,404,train,ind_00052
ind,404,train,ind_00053
ind,404,train,ind_00054
ind,404,train,ind_00055
ind,404,train,ind_00056
ind,404,train,ind_00060
ind,404,train,ind_00063
ind,404,train,ind_00064
ind,404,train,ind_00065
ind,404,train,ind_00067
ind,404,train,ind_00068
ind,404,train,ind_00069
ind,404,train,ind_00070
ind,404,train,ind_00071
ind,404,train,ind_00076
ind,404,train,ind_00077
ind,404,train,ind_00078
ind,404,train,ind_00079
ind,404,train,ind_00081
ind,404,train,ind_00083
ind,404,train,ind_00084
ind,404,train,ind_00089
ind,404,train,ind_00090
ind,404,train,ind_00091
ind,404,train,ind_00092
ind,404,train,ind_00093
ind,404,train,ind_00094
ind,404,train,ind_00095
ind,404,train,ind_00096
ind,404,train,ind_00100
ind,404,train,ind_00102
ind,404,train,ind_00104
ind,404,train,ind_00105
ind,404,train,ind_00106
ind,404,train,ind_00107
ind,404,train,ind_00108
ind,404,train,ind_00109
ind,404,train,ind_00110
ind,404,train,ind_00111
ind,404,train,ind_00113
ind,404,train,ind_00114
ind,404,train,ind_00115
ind,404,train,ind_00116
ind,404,train,ind_00117
ind,404,train,ind_00120
ind,404,train,ind_00122
ind,404,train,ind_00123
ind,404,train,ind_00124
ind,404,train,ind_00126
ind,404,train,ind_00127
ind,404,train,ind_00129
ind,404,train,ind_00130
ind,404,train,ind_00131
ind,404,train,ind_00134
ind,404,train,ind_00135
ind,404,train,ind_00136
ind,404,train,ind_00137
ind,404,train,ind_00140
ind,404,train,ind_00142
ind,404,train,ind_00144
ind,404,train,ind_00145
ind,404,train,ind_00146
ind,404,train,ind_00149
ind,404,train,ind_00152
ind,404,train,ind_00153
ind,404,train,ind_00155
ind,404,val,ind_00006
ind,404,val,ind_00009
ind,404,val,ind_00011
ind,404,val,ind_00012
ind,404,val,ind_00014
ind,404,val,ind_00015
ind,404,val,ind_00032
ind,404,val,ind_00048
ind,404,val,ind_00049
ind,404,val,ind_00057
ind,404,val,ind_00058
ind,404,val,ind_00072
ind,404,val,ind_00082
ind,404,val,ind_00085
ind,404,val,ind_00088
ind,404,val,ind_00112
ind,404,val,ind_00118
ind,404,val,ind_00119
ind,404,val,ind_00121
ind,404,val,ind_00132
ind,404,val,ind_00139
ind,404,val,ind_00148
ind,404,val,ind_00150
ind,404,test,ind_00005
ind,404,test,ind_00013
ind,404,test,ind_00019
ind,404,test,ind_00026
ind,404,test,ind_00029
ind,404,test,ind_00042
ind,404,test,ind_00047
ind,404,test,ind_00051
ind,404,test,ind_00059
ind,404,test,ind_00061
ind,404,test,ind_00062
ind,404,test,ind_00066
ind,404,test,ind_00073
ind,404,test,ind_00074
ind,404,test,ind_00075
ind,404,test,ind_00080
ind,404,test,ind_00086
ind,404,test,ind_00087
ind,404,test,ind_00097
ind,404,test,ind_00098
ind,404,test,ind_00099
ind,404,test,ind_00101
ind,404,test,ind_00103
ind,404,test,ind_00125
ind,404,test,ind_00128
ind,404,test,ind_00133
ind,404,test,ind_00138
ind,404,test,ind_00141
ind,404,test,ind_00143
ind,404,test,ind_00147
ind,404,test,ind_00151
ind,404,test,ind_00154
sun,505,train,sun_00002
sun,505,train,sun_00008
sun,505,train,sun_00009
sun,505,train,sun_00010
sun,505,train,sun_00012
sun,505,train,sun_00014
sun,505,train,sun_00016
sun,505,train,sun_00017
sun,505,train,sun_00018
sun,505,train,sun_00019
sun,505,train,sun_00020
sun,505,train,sun_00021
sun,505,train,sun_00023
sun,505,train,sun_00024
sun,505,train,sun_00026
sun,505,train,sun_00027
sun,505,train,sun_00028
sun,505,train,sun_00030
sun,505,train,sun_00032
sun,505,train,sun_00033
sun,505,train,sun_00038
sun,505,train,sun_00040
sun,505,train,sun_00041
sun,505,train,sun_00042
sun,505,train,sun_00044
sun,505,train,sun_00045
sun,505,train,sun_00046
sun,505,train,sun_00047
sun,505,train,sun_00048
sun,505,train,sun_00049
sun,505,train,sun_00050
sun,505,train,sun_00051
sun,505,train,sun_00052
sun,505,train,sun_00053
sun,505,train,sun_00055
sun,505,train,sun_00056
sun,505,train,sun_00057
sun,505,train,sun_00058
sun,505,train,sun_00060
sun,505,train,sun_00061
sun,505,train,sun_00062
sun,505,train,sun_00063
sun,505,train,sun_00065
sun,505,train,sun_00066
sun,505,train,sun_00068
sun,505,train,sun_00069
sun,505,train,sun_00070
sun,505,train,sun_00072
sun,505,train,sun_00073
sun,505,train,sun_00075
sun,505,train,sun_00076
sun,505,train,sun_00078
sun,505,train,sun_00079
sun,505,train,sun_00081
sun,505,train,sun_00083
sun,505,train,sun_00086
sun,505,train,sun_00088
sun,505,train,sun_00089
sun,505,train,sun_00091
sun,505,train,sun_00092
sun,505,train,sun_00093
sun,505,train,sun_00095
sun,505,train,sun_00098
sun,505,train,sun_00099
sun,505,train,sun_00100
sun,505,train,sun_00101
sun,505,train,sun_00105
sun,505,train,sun_00106
sun,505,train,sun_00107
sun,505,train,sun_00108
sun,505,train,sun_00111
sun,505,train,sun_00112
sun,505,train,sun_00113
sun,505,train,sun_00114
sun,505,train,sun_00116
sun,505,train,sun_00120
sun,505,train,sun_00121
sun,505,train,sun_00122
sun,505,train,sun_00123
sun,505,train,sun_00124
sun,505,train,sun_00125
sun,505,train,sun_00128
sun,505,train,sun_00130
sun,505,train,sun_00132
sun,505,train,sun_00135
sun,505,train,sun_00140
sun,505,train,sun_00141
sun,505,train,sun_00142
sun,505,train,sun_00144
sun,505,train,sun_00145
sun,505,train,sun_00147
sun,505,train,sun_00149
sun,505,train,sun_00152
sun,505,train,sun_00153
sun,505,train,sun_00155
sun,505,train,sun_00157
sun,505,train,sun_00158
sun,505,train,sun_00159
sun,505,train,sun_00160
sun,505,train,sun_00161
sun,505,train,sun_00162
sun,505,train,sun_00166
sun,505,train,sun_00167
sun,505,train,sun_00168
sun,505,train,sun_00169
sun,505,train,sun_00170
sun,505,train,sun_00171
sun,505,train,sun_00172
sun,505,train,sun_00173
sun,505,train,sun_00174
sun,505,train,sun_00181
sun,505,train,sun_00183
sun,505,train,sun_00185
sun,505,train,sun_00186
sun,505,train,sun_00187
sun,505,train,sun_00189
sun,505,train,sun_00190
sun,505,train,sun_00191
sun,505,train,sun_00192
sun,505,train,sun_00193
sun,505,train,sun_00194
sun,505,train,sun_00195
sun,505,train,sun_00198
sun,505,train,sun_00199
sun,505,train,sun_00200
sun,505,train,sun_00201
sun,505,train,sun_00202
sun,505,train,sun_00204
sun,505,train,sun_00206
sun,505,train,sun_00208
sun,505,train,sun_00209
sun,505,train,sun_00211
sun,505,train,sun_00212
sun,505,train,sun_00213
sun,505,train,sun_00214
sun,505,train,sun_00215
sun,505,train,sun_00216
sun,505,train,sun_00217
sun,505,train,sun_00219
sun,505,train,sun_00220
sun,505,train,sun_00222
sun,505,train,sun_00223
sun,505,train,sun_00225
sun,505,train,sun_00226
sun,505,train,sun_00227
sun,505,train,sun_00229
sun,505,train,sun_00230
sun,505,train,sun_00231
sun,505,train,sun_00232
sun,505,train,sun_00233
sun,505,train,sun_00236
sun,505,train,sun_00237
sun,505,train,sun_00238
sun,505,train,sun_00239
sun,505,train,sun_00241
sun,505,train,sun_00242
sun,505,train,sun_00246
sun,505,train,sun_00247
sun,505,train,sun_00250
sun,505,train,sun_00252
sun,505,train,sun_00253
sun,505,train,sun_00255
sun,505,train,sun_00256
sun,505,train,sun_00257
sun,505,train,sun_00258
sun,505,train,sun_00259
sun,505,train,sun_00260
sun,505,train,sun_00261
sun,505,train,sun_00264
sun,505,train,sun_00266
sun,505,train,sun_00267
sun,505,train,sun_00269
sun,505,train,sun_00270
sun,505,train,sun_00271
sun,505,train,sun_00273
sun,505,train,sun_00275
sun,505,train,sun_00276
sun,505,train,sun_00278
sun,505,train,sun_00279
sun,505,train,sun_00280
sun,505,train,sun_00281
sun,505,train,sun_00282
sun,505,train,sun_00284
sun,505,train,sun_00285
sun,505,train,sun_00286
sun,505,train,sun_00287
sun,505,train,sun_00288
sun,505,train,sun_00290
sun,505,train,sun_00291
sun,505,train,sun_00293
sun,505,train,sun_00295
sun,505,train,sun_00299
sun,505,train,sun_00300
sun,505,train,sun_00301
sun,505,train,sun_00302
sun,505,train,sun_00306
sun,505,train,sun_00307
sun,505,train,sun_00310
sun,505,train,sun_00313
sun,505,train,sun_00317
sun,505,train,sun_00319
sun,505,train,sun_00320
sun,505,train,sun_00321
sun,505,train,sun_00323
sun,505,train,sun_00324
sun,505,train,sun_00325
sun,505,train,sun_00327
sun,505,train,sun_00328
sun,505,train,sun_00329
sun,505,train,sun_00331
sun,505,train,sun_00333
sun,505,train,sun_00335
sun,505,train,sun_00336
sun,505,train,sun_00337
sun,505,train,sun_00338
sun,505,train,sun_00339
sun,505,train,sun_00340
sun,505,train,sun_00341
sun,505,train,sun_00342
sun,505,train,sun_00345
sun,505,train,sun_00347
sun,505,train,sun_00349
sun,505,train,sun_00350
sun,505,train,sun_00351
sun,505,train,sun_00352
sun,505,train,sun_00353
sun,505,train,sun_00354
sun,505,train,sun_00355
sun,505,train,sun_00356
sun,505,train,sun_00358
sun,505,train,sun_00363
sun,505,train,sun_00364
sun,505,train,sun_00365
sun,505,train,sun_00366
sun,505,train,sun_00368
sun,505,train,sun_00370
sun,505,train,sun_00371
sun,505,train,sun_00374
sun,505,train,sun_00376
sun,505,train,sun_00377
sun,505,train,sun_00378
sun,505,train,sun_00379
sun,505,train,sun_00380
sun,505,train,sun_00381
sun,505,train,sun_00382
sun,505,train,sun_00384
sun,505,train,sun_00385
sun,505,train,sun_00386
sun,505,train,sun_00388
sun,505,train,sun_00390
sun,505,train,sun_00396
sun,505,train,sun_00398
sun,505,train,sun_00399
sun,505,train,sun_00401
sun,505,train,sun_00403
sun,505,train,sun_00404
sun,505,train,sun_00405
sun,505,train,sun_00406
sun,505,train,sun_00407
sun,505,train,sun_00408
sun,505,train,sun_00410
sun,505,train,sun_00411
sun,505,train,sun_00412
sun,505,train,sun_00413
sun,505,train,sun_00414
sun,505,train,sun_00415
sun,505,train,sun_00416
sun,505,train,sun_00417
sun,505,train,sun_00418
sun,505,train,sun_00419
sun,505,train,sun_00420
sun,505,train,sun_00421
sun,505,train,sun_00423
sun,505,train,sun_00424
sun,505,train,sun_00425
sun,505,train,sun_00426
sun,505,train,sun_00428
sun,505,train,sun_00430
sun,505,train,sun_00431
sun,505,train,sun_00432
sun,505,train,sun_00433
sun,505,train,sun_00434
sun,505,train,sun_00437
sun,505,train,sun_00438
sun,505,train,sun_00440
sun,505,train,sun_00441
sun,505,train,sun_00442
sun,505,train,sun_00445
sun,505,train,sun_00446
sun,505,train,sun_00447
sun,505,train,sun_00449
sun,505,train,sun_00450
sun,505,train,sun_00452
sun,505,train,sun_00453
sun,505,train,sun_00454
sun,505,train,sun_00455
sun,505,train,sun_00457
sun,505,train,sun_00458
sun,505,train,sun_00459
sun,505,train,sun_00461
sun,505,train,sun_00462
sun,505,train,sun_00463
sun,505,train,sun_00465
sun,505,train,sun_00468
sun,505,train,sun_00469
sun,505,train,sun_00470
sun,505,train,sun_00472
sun,505,train,sun_00476
sun,505,train,sun_00477
sun,505,train,sun_00478
sun,505,train,sun_00480
sun,505,train,sun_00481
sun,505,train,sun_00482
sun,505,train,sun_00483
sun,505,train,sun_00485
sun,505,train,sun_00487
sun,505,train,sun_00493
sun,505,train,sun_00494
sun,505,train,sun_00495
sun,505,train,sun_00498
sun,505,train,sun_00501
sun,505,train,sun_00504
sun,505,train,sun_00507
sun,505,train,sun_00508
sun,505,train,sun_00510
sun,505,train,sun_00512
sun,505,train,sun_00513
sun,505,train,sun_00514
sun,505,train,sun_00515
sun,505,train,sun_00516
sun,505,train,sun_00518
sun,505,train,sun_00519
sun,505,train,sun_00520
sun,505,train,sun_00522
sun,505,train,sun_00523
sun,505,train,sun_00525
sun,505,train,sun_00526
sun,505,train,sun_00532
sun,505,train,sun_00533
sun,505,train,sun_00534
sun,505,train,sun_00535
sun,505,train,sun_00536
sun,505,train,sun_00537
sun,505,train,sun_00538
sun,505,train,sun_00539
sun,505,train,sun_00540
sun,505,train,sun_00541
sun,505,train,sun_00542
sun,505,train,sun_00543
sun,505,train,sun_00544
sun,505,train,sun_00545
sun,505,train,sun_00546
sun,505,train,sun_00547
sun,505,train,sun_00548
sun,505,train,sun_00551
sun,505,train,sun_00552
sun,505,train,sun_00553
sun,505,train,sun_00555
sun,505,train,sun_00557
sun,505,train,sun_00558
sun,505,train,sun_00559
sun,505,train,sun_00562
sun,505,train,sun_00563
sun,505,train,sun_00565
sun,505,train,sun_00566
sun,505,train,sun_00568
sun,505,train,sun_00569
sun,505,train,sun_00570
sun,505,train,sun_00572
sun,505,train,sun_00573
sun,505,train,sun_00574
sun,505,train,sun_00576
sun,505,train,sun_00577
sun,505,train,sun_00578
sun,505,train,sun_00579
sun,505,train,sun_00580
sun,505,train,sun_00581
sun,505,train,sun_00583
sun,505,train,sun_00584
sun,505,train,sun_00585
sun,505,train,sun_00586
sun,505,train,sun_00590
sun,505,train,sun_00591
sun,505,train,sun_00592
sun,505,train,sun_00593
sun,505,train,sun_00594
sun,505,train,sun_00596
sun,505,train,sun_00599
sun,505,train,sun_00600
sun,505,train,sun_00602
sun,505,train,sun_00605
sun,505,train,sun_00608
sun,505,train,sun_00609
sun,505,train,sun_00612
sun,505,train,sun_00613
sun,505,train,sun_00614
sun,505,train,sun_00616
sun,505,train,sun_00617
sun,505,train,sun_00621
sun,505,train,sun_00622
sun,505,train,sun_00623
sun,505,train,sun_00624
sun,505,train,sun_00628
sun,505,train,sun_00629
sun,505,train,sun_00631
sun,505,train,sun_00632
sun,505,train,sun_00633
sun,505,train,sun_00634
sun,505,train,sun_00635
sun,505,train,sun_00636
sun,505,train,sun_00637
sun,505,train,sun_00638
sun,505,train,sun_00642
sun,505,train,sun_00643
sun,505,train,sun_00644
sun,505,train,sun_00645
sun,505,train,sun_00646
sun,505,train,sun_00648
sun,505,train,sun_00650
sun,505,train,sun_00651
sun,505,train,sun_00652
sun,505,train,sun_00653
sun,505,train,sun_00654
sun,505,train,sun_00656
sun,505,train,sun_00657
sun,505,train,sun_00658
sun,505,train,sun_00660
sun,505,train,sun_00661
sun,505,train,sun_00662
sun,505,train,sun_00664
sun,505,train,sun_00666
sun,505,train,sun_00667
sun,505,train,sun_00669
sun,505,train,sun_00670
sun,505,train,sun_00671
sun,505,train,sun_00673
sun,505,train,sun_00674
sun,505,train,sun_00675
sun,505,train,sun_00678
sun,505,train,sun_00679
sun,505,train,sun_00681
sun,505,train,sun_00682
sun,505,train,sun_00683
sun,505,train,sun_00685
sun,505,train,sun_00686
sun,505,train,sun_00687
sun,505,train,sun_00689
sun,505,train,sun_00690
sun,505,train,sun_00691
sun,505,train,sun_00693
sun,505,train,sun_00694
sun,505,train,sun_00696
sun,505,train,sun_00698
sun,505,train,sun_00700
sun,505,train,sun_00701
sun,505,train,sun_00702
sun,505,train,sun_00705
sun,505,train,sun_00706
sun,505,train,sun_00707
sun,505,train,sun_00708
sun,505,train,sun_00709
sun,505,train,sun_00710
sun,505,train,sun_00712
sun,505,train,sun_00713
sun,505,train,sun_00714
sun,505,train,sun_00716
sun,505,train,sun_00717
sun,505,train,sun_00718
sun,505,train,sun_00719
sun,505,train,sun_00720
sun,505,train,sun_00721
sun,505,train,sun_00722
sun,505,train,sun_00723
sun,505,train,sun_00724
sun,505,train,sun_00726
sun,505,train,sun_00729
sun,505,train,sun_00731
sun,505,train,sun_00734
sun,505,train,sun_00735
sun,505,train,sun_00736
sun,505,train,sun_00739
sun,505,train,sun_00740
sun,505,train,sun_00741
sun,505,train,sun_00744
sun,505,train,sun_00745
sun,505,train,sun_00746
sun,505,train,sun_00747
sun,505,train,sun_00748
sun,505,train,sun_00749
sun,505,train,sun_00750
sun,505,train,sun_00753
sun,505,train,sun_00754
sun,505,train,sun_00755
sun,505,train,sun_00757
sun,505,train,sun_00758
sun,505,train,sun_00760
sun,505,train,sun_00762
sun,505,train,sun_00763
sun,505,train,sun_00765
sun,505,train,sun_00766
sun,505,train,sun_00767
sun,505,train,sun_00771
sun,505,train,sun_00772
sun,505,train,sun_00775
sun,505,train,sun_00776
sun,505,train,sun_00780
sun,505,train,sun_00781
sun,505,train,sun_00783
sun,505,train,sun_00785
sun,505,train,sun_00788
sun,505,train,sun_00789
sun,505,train,sun_00790
sun,505,train,sun_00792
sun,505,train,sun_00795
sun,505,train,sun_00796
sun,505,train,sun_00797
sun,505,train,sun_00798
sun,505,train,sun_00799
sun,505,train,sun_00802
sun,505,train,sun_00803
sun,505,train,sun_00804
sun,505,train,sun_00805
sun,505,train,sun_00806
sun,505,train,sun_00808
sun,505,train,sun_00811
sun,505,train,sun_00812
sun,505,train,sun_00813
sun,505,train,sun_00814
sun,505,train,sun_00816
sun,505,train,sun_00817
sun,505,train,sun_00819
sun,505,train,sun_00821
sun,505,train,sun_00822
sun,505,train,sun_00823
sun,505,train,sun_00824
sun,505,train,sun_00826
sun,505,train,sun_00827
sun,505,train,sun_00829
sun,505,train,sun_00830
sun,505,train,sun_00831
sun,505,train,sun_00832
sun,505,train,sun_00833
sun,505,train,sun_00834
sun,505,train,sun_00835
sun,505,train,sun_00836
sun,505,train,sun_00837
sun,505,train,sun_00839
sun,505,train,sun_00840
sun,505,train,sun_00841
sun,505,train,sun_00842
sun,505,train,sun_00843
sun,505,train,sun_00845
sun,505,train,sun_00847
sun,505,train,sun_00848
sun,505,train,sun_00850
sun,505,train,sun_00851
sun,505,train,sun_00853
sun,505,train,sun_00854
sun,505,train,sun_00855
sun,505,train,sun_00856
sun,505,train,sun_00857
sun,505,train,sun_00859
sun,505,train,sun_00861
sun,505,train,sun_00862
sun,505,train,sun_00863
sun,505,train,sun_00865
sun,505,train,sun_00866
sun,505,train,sun_00867
sun,505,train,sun_00869
sun,505,train,sun_00870
sun,505,train,sun_00872
sun,505,train,sun_00875
sun,505,train,sun_00879
sun,505,train,sun_00880
sun,505,train,sun_00881
sun,505,train,sun_00884
sun,505,train,sun_00886
sun,505,train,sun_00887
sun,505,train,sun_00889
sun,505,train,sun_00890
sun,505,train,sun_00891
sun,505,train,sun_00892
sun,505,train,sun_00893
sun,505,train,sun_00894
sun,505,train,sun_00895
sun,505,train,sun_00896
sun,505,train,sun_00897
sun,505,train,sun_00901
sun,505,train,sun_00902
sun,505,train,sun_00906
sun,505,train,sun_00907
sun,505,train,sun_00908
sun,505,train,sun_00910
sun,505,train,sun_00911
sun,505,train,sun_00913
sun,505,train,sun_00915
sun,505,train,sun_00916
sun,505,train,sun_00917
sun,505,train,sun_00918
sun,505,train,sun_00920
sun,505,train,sun_00921
sun,505,train,sun_00922
sun,505,train,sun_00923
sun,505,train,sun_00924
sun,505,train,sun_00926
sun,505,train,sun_00928
sun,505,train,sun_00930
sun,505,train,sun_00931
sun,505,train,sun_00933
sun,505,train,sun_00936
sun,505,train,sun_00938
sun,505,train,sun_00939
sun,505,train,sun_00942
sun,505,train,sun_00943
sun,505,train,sun_00944
sun,505,train,sun_00945
sun,505,train,sun_00946
sun,505,train,sun_00947
sun,505,train,sun_00949
sun,505,train,sun_00950
sun,505,train,sun_00951
sun,505,train,sun_00952
sun,505,train,sun_00956
sun,505,train,sun_00957
sun,505,train,sun_00958
sun,505,train,sun_00959
sun,505,train,sun_00960
sun,505,train,sun_00961
sun,505,train,sun_00968
sun,505,train,sun_00969
sun,505,train,sun_00970
sun,505,train,sun_00971
sun,505,train,sun_00973
sun,505,train,sun_00977
sun,505,train,sun_00978
sun,505,train,sun_00979
sun,505,train,sun_00980
sun,505,train,sun_00981
sun,505,train,sun_00984
sun,505,train,sun_00985
sun,505,train,sun_00986
sun,505,train,sun_00987
sun,505,train,sun_00988
sun,505,train,sun_00992
sun,505,train,sun_00993
sun,505,train,sun_00994
sun,505,train,sun_00995
sun,505,train,sun_00996
sun,505,train,sun_00997
sun,505,train,sun_00998
sun,505,train,sun_01000
sun,505,train,sun_01003
sun,505,train,sun_01005
sun,505,train,sun_01006
sun,505,train,sun_01008
sun,505,train,sun_01009
sun,505,train,sun_01010
sun,505,train,sun_01011
sun,505,train,sun_01013
sun,505,train,sun_01015
sun,505,train,sun_01017
sun,505,train,sun_01018
sun,505,train,sun_01020
sun,505,train,sun_01021
sun,505,train,sun_01024
sun,505,train,sun_01025
sun,505,train,sun_01029
sun,505,train,sun_01030
sun,505,train,sun_01031
sun,505,train,sun_01032
sun,505,train,sun_01033
sun,505,train,sun_01034
sun,505,train,sun_01035
sun,505,train,sun_01036
sun,505,train,sun_01038
sun,505,train,sun_01040
sun,505,train,sun_01041
sun,505,train,sun_01042
sun,505,train,sun_01044
sun,505,train,sun_01045
sun,505,train,sun_01046
sun,505,train,sun_01048
sun,505,train,sun_01049
sun,505,train,sun_01052
sun,505,train,sun_01053
sun,505,train,sun_01054
sun,505,train,sun_01055
sun,505,train,sun_01056
sun,505,train,sun_01057
sun,505,train,sun_01060
sun,505,train,sun_01062
sun,505,train,sun_01063
sun,505,train,sun_01065
sun,505,train,sun_01067
sun,505,train,sun_01068
sun,505,train,sun_01070
sun,505,train,sun_01071
sun,505,train,sun_01072
sun,505,train,sun_01073
sun,505,train,sun_01074
sun,505,train,sun_01075
sun,505,train,sun_01076
sun,505,train,sun_01077
sun,505,train,sun_01078
sun,505,train,sun_01079
sun,505,train,sun_01081
sun,505,train,sun_01082
sun,505,train,sun_01083
sun,505,train,sun_01087
sun,505,train,sun_01088
sun,505,train,sun_01089
sun,505,train,sun_01090
sun,505,train,sun_01091
sun,505,train,sun_01092
sun,505,train,sun_01095
sun,505,train,sun_01096
sun,505,train,sun_01097
sun,505,train,sun_01099
sun,505,train,sun_01103
sun,505,train,sun_01104
sun,505,train,sun_01105
sun,505,train,sun_01108
sun,505,train,sun_01109
sun,505,train,sun_01110
sun,505,train,sun_01112
sun,505,train,sun_01115
sun,505,train,sun_01116
sun,505,train,sun_01118
sun,505,train,sun_01121
sun,505,val,sun_00001
sun,505,val,sun_00004
sun,505,val,sun_00007
sun,505,val,sun_00011
sun,505,val,sun_00013
sun,505,val,sun_00025
sun,505,val,sun_00034
sun,505,val,sun_00035
sun,505,val,sun_00037
sun,505,val,sun_00039
sun,505,val,sun_00067
sun,505,val,sun_00077
sun,505,val,sun_00087
sun,505,val,sun_00096
sun,505,val,sun_00102
sun,505,val,sun_00104
sun,505,val,sun_00119
sun,505,val,sun_00126
sun,505,val,sun_00133
sun,505,val,sun_00134
sun,505,val,sun_00136
sun,505,val,sun_00139
sun,505,val,sun_00148
sun,505,val,sun_00150
sun,505,val,sun_00154
sun,505,val,sun_00176
sun,505,val,sun_00178
sun,505,val,sun_00188
sun,505,val,sun_00197
sun,505,val,sun_00207
sun,505,val,sun_00210
sun,505,val,sun_00221
sun,505,val,sun_00228
sun,505,val,sun_00240
sun,505,val,sun_00248
sun,505,val,sun_00263
sun,505,val,sun_00265
sun,505,val,sun_00268
sun,505,val,sun_00277
sun,505,val,sun_00283
sun,505,val,sun_00289
sun,505,val,sun_00292
sun,505,val,sun_00294
sun,505,val,sun_00297
sun,505,val,sun_00298
sun,505,val,sun_00303
sun,505,val,sun_00305
sun,505,val,sun_00311
sun,505,val,sun_00314
sun,505,val,sun_00322
sun,505,val,sun_00326
sun,505,val,sun_00330
sun,505,val,sun_00343
sun,505,val,sun_00348
sun,505,val,sun_00357
sun,505,val,sun_00361
sun,505,val,sun_00362
sun,505,val,sun_00369
sun,505,val,sun_00372
sun,505,val,sun_00373
sun,505,val,sun_00383
sun,505,val,sun_00389
sun,505,val,sun_00392
sun,505,val,sun_00402
sun,505,val,sun_00409
sun,505,val,sun_00422
sun,505,val,sun_00436
sun,505,val,sun_00439
sun,505,val,sun_00456
sun,505,val,sun_00467
sun,505,val,sun_00471
sun,505,val,sun_00473
sun,505,val,sun_00475
sun,505,val,sun_00479
sun,505,val,sun_00484
sun,505,val,sun_00489
sun,505,val,sun_00491
sun,505,val,sun_00492
sun,505,val,sun_00503
sun,505,val,sun_00505
sun,505,val,sun_00511
sun,505,val,sun_00517
sun,505,val,sun_00527
sun,505,val,sun_00530
sun,505,val,sun_00549
sun,505,val,sun_00554
sun,505,val,sun_00556
sun,505,val,sun_00560
sun,505,val,sun_00561
sun,505,val,sun_00567
sun,505,val,sun_00575
sun,505,val,sun_00587
sun,505,val,sun_00589
sun,505,val,sun_00597
sun,505,val,sun_00601
sun,505,val,sun_00607
sun,505,val,sun_00611
sun,505,val,sun_00615
sun,505,val,sun_00618
sun,505,val,sun_00620
sun,505,val,sun_00625
sun,505,val,sun_00639
sun,505,val,sun_00665
sun,505,val,sun_00672
sun,505,val,sun_00688
sun,505,val,sun_00692
sun,505,val,sun_00703
sun,505,val,sun_00704
sun,505,val,sun_00715
sun,505,val,sun_00727
sun,505,val,sun_00728
sun,505,val,sun_00732
sun,505,val,sun_00733
sun,505,val,sun_00737
sun,505,val,sun_00738
sun,505,val,sun_00742
sun,505,val,sun_00743
sun,505,val,sun_00751
sun,505,val,sun_00761
sun,505,val,sun_00768
sun,505,val,sun_00786
sun,505,val,sun_00801
sun,505,val,sun_00807
sun,505,val,sun_00810
sun,505,val,sun_00818
sun,505,val,sun_00820
sun,505,val,sun_00846
sun,505,val,sun_00849
sun,505,val,sun_00852
sun,505,val,sun_00871
sun,505,val,sun_00873
sun,505,val,sun_00874
sun,505,val,sun_00876
sun,505,val,sun_00877
sun,505,val,sun_00878
sun,505,val,sun_00909
sun,505,val,sun_00914
sun,505,val,sun_00919
sun,505,val,sun_00927
sun,505,val,sun_00941
sun,505,val,sun_00953
sun,505,val,sun_00954
sun,505,val,sun_00963
sun,505,val,sun_00964
sun,505,val,sun_00967
sun,505,val,sun_00989
sun,505,val,sun_00990
sun,505,val,sun_00999
sun,505,val,sun_01002
sun,505,val,sun_01007
sun,505,val,sun_01012
sun,505,val,sun_01019
sun,505,val,sun_01022
sun,505,val,sun_01026
sun,505,val,sun_01028
sun,505,val,sun_01037
sun,505,val,sun_01039
sun,505,val,sun_01047
sun,505,val,sun_01051
sun,505,val,sun_01059
sun,505,val,sun_01064
sun,505,val,sun_01084
sun,505,val,sun_01086
sun,505,val,sun_01093
sun,505,val,sun_01100
sun,505,val,sun_01107
sun,505,val,sun_01114
sun,505,val,sun_01120
sun,505,test,sun_00000
sun,505,test,sun_00003
sun,505,test,sun_00005
sun,505,test,sun_00006
sun,505,test,sun_00015
sun,505,test,sun_00022
sun,505,test,sun_00029
sun,505,test,sun_00031
sun,505,test,sun_00036
sun,505,test,sun_00043
sun,505,test,sun_00054
sun,505,test,sun_00059
sun,505,test,sun_00064
sun,505,test,sun_00071
sun,505,test,sun_00074
sun,505,test,sun_00080
sun,505,test,sun_00082
sun,505,test,sun_00084
sun,505,test,sun_00085
sun,505,test,sun_00090
sun,505,test,sun_00094
sun,505,test,sun_00097
sun,505,test,sun_00103
sun,505,test,sun_00109
sun,505,test,sun_00110
sun,505,test,sun_00115
sun,505,test,sun_00117
sun,505,test,sun_00118
sun,505,test,sun_00127
sun,505,test,sun_00129
sun,505,test,sun_00131
sun,505,test,sun_00137
sun,505,test,sun_00138
sun,505,test,sun_00143
sun,505,test,sun_00146
sun,505,test,sun_00151
sun,505,test,sun_00156
sun,505,test,sun_00163
sun,505,test,sun_00164
sun,505,test,sun_00165
sun,505,test,sun_00175
sun,505,test,sun_00177
sun,505,test,sun_00179
sun,505,test,sun_00180
sun,505,test,sun_00182
sun,505,test,sun_00184
sun,505,test,sun_00196
sun,505,test,sun_00203
sun,505,test,sun_00205
sun,505,test,sun_00218
sun,505,test,sun_00224
sun,505,test,sun_00234
sun,505,test,sun_00235
sun,505,test,sun_00243
sun,505,test,sun_00244
sun,505,test,sun_00245
sun,505,test,sun_00249
sun,505,test,sun_00251
sun,505,test,sun_00254
sun,505,test,sun_00262
sun,505,test,sun_00272
sun,505,test,sun_00274
sun,505,test,sun_00296
sun,505,test,sun_00304
sun,505,test,sun_00308
sun,505,test,sun_00309
sun,505,test,sun_00312
sun,505,test,sun_00315
sun,505,test,sun_00316
sun,505,test,sun_00318
sun,505,test,sun_00332
sun,505,test,sun_00334
sun,505,test,sun_00344
sun,505,test,sun_00346
sun,505,test,sun_00359
sun,505,test,sun_00360
sun,505,test,sun_00367
sun,505,test,sun_00375
sun,505,test,sun_00387
sun,505,test,sun_00391
sun,505,test,sun_00393
sun,505,test,sun_00394
sun,505,test,sun_00395
sun,505,test,sun_00397
sun,505,test,sun_00400
sun,505,test,sun_00427
sun,505,test,sun_00429
sun,505,test,sun_00435
sun,505,test,sun_00443
sun,505,test,sun_00444
sun,505,test,sun_00448
sun,505,test,sun_00451
sun,505,test,sun_00460
sun,505,test,sun_00464
sun,505,test,sun_00466
sun,505,test,sun_00474
sun,505,test,sun_00486
sun,505,test,sun_00488
sun,505,test,sun_00490
sun,505,test,sun_00496
sun,505,test,sun_00497
sun,505,test,sun_00499
sun,505,test,sun_00500
sun,505,test,sun_00502
sun,505,test,sun_00506
sun,505,test,sun_00509
sun,505,test,sun_00521
sun,505,test,sun_00524
sun,505,test,sun_00528
sun,505,test,sun_00529
sun,505,test,sun_00531
sun,505,test,sun_00550
sun,505,test,sun_00564
sun,505,test,sun_00571
sun,505,test,sun_00582
sun,505,test,sun_00588
sun,505,test,sun_00595
sun,505,test,sun_00598
sun,505,test,sun_00603
sun,505,test,sun_00604
sun,505,test,sun_00606
sun,505,test,sun_00610
sun,505,test,sun_00619
sun,505,test,sun_00626
sun,505,test,sun_00627
sun,505,test,sun_00630
sun,505,test,sun_00640
sun,505,test,sun_00641
sun,505,test,sun_00647
sun,505,test,sun_00649
sun,505,test,sun_00655
sun,505,test,sun_00659
sun,505,test,sun_00663
sun,505,test,sun_00668
sun,505,test,sun_00676
sun,505,test,sun_00677
sun,505,test,sun_00680
sun,505,test,sun_00684
sun,505,test,sun_00695
sun,505,test,sun_00697
sun,505,test,sun_00699
sun,505,test,sun_00711
sun,505,test,sun_00725
sun,505,test,sun_00730
sun,505,test,sun_00752
sun,505,test,sun_00756
sun,505,test,sun_00759
sun,505,test,sun_00764
sun,505,test,sun_00769
sun,505,test,sun_00770
sun,505,test,sun_00773
sun,505,test,sun_00774
sun,505,test,sun_00777
sun,505,test,sun_00778
sun,505,test,sun_00779
sun,505,test,sun_00782
sun,505,test,sun_00784
sun,505,test,sun_00787
sun,505,test,sun_00791
sun,505,test,sun_00793
sun,505,test,sun_00794
sun,505,test,sun_00800
sun,505,test,sun_00809
sun,505,test,sun_00815
sun,505,test,sun_00825
sun,505,test,sun_00828
sun,505,test,sun_00838
sun,505,test,sun_00844
sun,505,test,sun_00858
sun,505,test,sun_00860
sun,505,test,sun_00864
sun,505,test,sun_00868
sun,505,test,sun_00882
sun,505,test,sun_00883
sun,505,test,sun_00885
sun,505,test,sun_00888
sun,505,test,sun_00898
sun,505,test,sun_00899
sun,505,test,sun_00900
sun,505,test,sun_00903
sun,505,test,sun_00904
sun,505,test,sun_00905
sun,505,test,sun_00912
sun,505,test,sun_00925
sun,505,test,sun_00929
sun,505,test,sun_00932
sun,505,test,sun_00934
sun,505,test,sun_00935
sun,505,test,sun_00937
sun,505,test,sun_00940
sun,505,test,sun_00948
sun,505,test,sun_00955
sun,505,test,sun_00962
sun,505,test,sun_00965
sun,505,test,sun_00966
sun,505,test,sun_00972
sun,505,test,sun_00974
sun,505,test,sun_00975
sun,505,test,sun_00976
sun,505,test,sun_00982
sun,505,test,sun_00983
sun,505,test,sun_00991
sun,505,test,sun_01001
sun,505,test,sun_01004
sun,505,test,sun_01014
sun,505,test,sun_01016
sun,505,test,sun_01023
sun,505,test,sun_01027
sun,505,test,sun_01043
sun,505,test,sun_01050
sun,505,test,sun_01058
sun,505,test,sun_01061
sun,505,test,sun_01066
sun,505,test,sun_01069
sun,505,test,sun_01080
sun,505,test,sun_01085
sun,505,test,sun_01094
sun,505,test,sun_01098
sun,505,test,sun_01101
sun,505,test,sun_01102
sun,505,test,sun_01106
sun,505,test,sun_01111
sun,505,test,sun_01113
sun,505,test,sun_01117
sun,505,test,sun_01119
sun,505,test,sun_01122
jav,505,train,jav_00000
jav,505,train,jav_00001
jav,505,train,jav_00003
jav,505,train,jav_00005
jav,505,train,jav_00008
jav,505,train,jav_00009
jav,505,train,jav_00010
jav,505,train,jav_00011
jav,505,train,jav_00012
jav,505,train,jav_00013
jav,505,train,jav_00014
jav,505,train,jav_00015
jav,505,train,jav_00016
jav,505,train,jav_00017
jav,505,train,jav_00019
jav,505,train,jav_00020
jav,505,train,jav_00022
jav,505,train,jav_00023
jav,505,train,jav_00024
jav,505,train,jav_00026
jav,505,train,jav_00027
jav,505,train,jav_00028
jav,505,train,jav_00029
jav,505,train,jav_00034
jav,505,train,jav_00035
jav,505,train,jav_00037
jav,505,train,jav_00038
jav,505,train,jav_00039
jav,505,train,jav_00040
jav,505,train,jav_00042
jav,505,train,jav_00043
jav,505,train,jav_00046
jav,505,train,jav_00047
jav,505,train,jav_00049
jav,505,train,jav_00050
jav,505,train,jav_00051
jav,505,train,jav_00053
jav,505,train,jav_00056
jav,505,train,jav_00057
jav,505,train,jav_00058
jav,505,train,jav_00060
jav,505,train,jav_00063
jav,505,train,jav_00064
jav,505,train,jav_00065
jav,505,train,jav_00066
jav,505,train,jav_00069
jav,505,train,jav_00070
jav,505,train,jav_00071
jav,505,train,jav_00072
jav,505,train,jav_00074
jav,505,train,jav_00077
jav,505,train,jav_00079
jav,505,train,jav_00080
jav,505,train,jav_00082
jav,505,train,jav_00084
jav,505,train,jav_00085
jav,505,train,jav_00087
jav,505,train,jav_00088
jav,505,train,jav_00089
jav,505,train,jav_00091
jav,505,train,jav_00092
jav,505,train,jav_00095
jav,505,train,jav_00096
jav,505,train,jav_00097
jav,505,train,jav_00099
jav,505,train,jav_00101
jav,505,train,jav_00104
jav,505,train,jav_00105
jav,505,train,jav_00107
jav,505,train,jav_00108
jav,505,train,jav_00109
jav,505,train,jav_00110
jav,505,train,jav_00111
jav,505,train,jav_00112
jav,505,train,jav_00113
jav,505,train,jav_00114
jav,505,train,jav_00116
jav,505,train,jav_00119
jav,505,train,jav_00121
jav,505,train,jav_00122
jav,505,train,jav_00123
jav,505,train,jav_00124
jav,505,train,jav_00125
jav,505,train,jav_00127
jav,505,train,jav_00128
jav,505,train,jav_00132
jav,505,train,jav_00135
jav,505,train,jav_00136
jav,505,train,jav_00139
jav,505,train,jav_00140
jav,505,train,jav_00142
jav,505,train,jav_00143
jav,505,train,jav_00144
jav,505,train,jav_00145
jav,505,train,jav_00146
jav,505,train,jav_00148
jav,505,train,jav_00149
jav,505,train,jav_00150
jav,505,val,jav_00004
jav,505,val,jav_00006
jav,505,val,jav_00018
jav,505,val,jav_00021
jav,505,val,jav_00030
jav,505,val,jav_00036
jav,505,val,jav_00044
jav,505,val,jav_00052
jav,505,val,jav_00061
jav,505,val,jav_00062
jav,505,val,jav_00067
jav,505,val,jav_00068
jav,505,val,jav_00073
jav,505,val,jav_00081
jav,505,val,jav_00083
jav,505,val,jav_00094
jav,505,val,jav_00103
jav,505,val,jav_00117
jav,505,val,jav_00120
jav,505,val,jav_00129
jav,505,val,jav_00138
jav,505,val,jav_00147
jav,505,test,jav_00002
jav,505,test,jav_00007
jav,505,test,jav_00025
jav,505,test,jav_00031
jav,505,test,jav_00032
jav,505,test,jav_00033
jav,505,test,jav_00041
jav,505,test,jav_00045
jav,505,test,jav_00048
jav,505,test,jav_00054
jav,505,test,jav_00055
jav,505,test,jav_00059
jav,505,test,jav_00075
jav,505,test,jav_00076
jav,505,test,jav_00078
jav,505,test,jav_00086
jav,505,test,jav_00090
jav,505,test,jav_00093
jav,505,test,jav_00098
jav,505,test,jav_00100
jav,505,test,jav_00102
jav,505,test,jav_00106
jav,505,test,jav_00115
jav,505,test,jav_00118
jav,505,test,jav_00126
jav,505,test,jav_00130
jav,505,test,jav_00131
jav,505,test,jav_00133
jav,505,test,jav_00134
jav,505,test,jav_00137
jav,505,test,jav_00141
ind,505,train,ind_00000
ind,505,train,ind_00001
ind,505,train,ind_00002
ind,505,train,ind_00003
ind,505,train,ind_00004
ind,505,train,ind_00006
ind,505,train,ind_00008
ind,505,train,ind_00010
ind,505,train,ind_00011
ind,505,train,ind_00012
ind,505,train,ind_00014
ind,505,train,ind_00015
ind,505,train,ind_00016
ind,505,train,ind_00017
ind,505,train,ind_00018
ind,505,train,ind_00019
ind,505,train,ind_00020
ind,505,train,ind_00021
ind,505,train,ind_00022
ind,505,train,ind_00025
ind,505,train,ind_00026
ind,505,train,ind_00027
ind,505,train,ind_00029
ind,505,train,ind_00031
ind,505,train,ind_00032
ind,505,train,ind_00034
ind,505,train,ind_00035
ind,505,train,ind_00037
ind,505,train,ind_00040
ind,505,train,ind_00041
ind,505,train,ind_00043
ind,505,train,ind_00045
ind,505,train,ind_00046
ind,505,train,ind_00048
ind,505,train,ind_00050
ind,505,train,ind_00051
ind,505,train,ind_00052
ind,505,train,ind_00053
ind,505,train,ind_00056
ind,505,train,ind_00057
ind,505,train,ind_00059
ind,505,train,ind_00060
ind,505,train,ind_00061
ind,505,train,ind_00062
ind,505,train,ind_00063
ind,505,train,ind_00064
ind,505,train,ind_00065
ind,505,train,ind_00067
ind,505,train,ind_00070
ind,505,train,ind_00075
ind,505,train,ind_00077
ind,505,train,ind_00078
ind,505,train,ind_00080
ind,505,train,ind_00082
ind,505,train,ind_00083
ind,505,train,ind_00084
ind,505,train,ind_00086
ind,505,train,ind_00091
ind,505,train,ind_00094
ind,505,train,ind_00095
ind,505,train,ind_00096
ind,505,train,ind_00097
ind,505,train,ind_00099
ind,505,train,ind_00101
ind,505,train,ind_00108
ind,505,train,ind_00109
ind,505,train,ind_00110
ind,505,train,ind_00111
ind,505,train,ind_00112
ind,505,train,ind_00114
ind,505,train,ind_00115
ind,505,train,ind_00116
ind,505,train,ind_00117
ind,505,train,ind_00118
ind,505,train,ind_00119
ind,505,train,ind_00122
ind,505,train,ind_00124
ind,505,train,ind_00126
ind,505,train,ind_00127
ind,505,train,ind_00128
ind,505,train,ind_00129
ind,505,train,ind_00130
ind,505,train,ind_00131
ind,505,train,ind_00134
ind,505,train,ind_00136
ind,505,train,ind_00137
ind,505,train,ind_00138
ind,505,train,ind_00139
ind,505,train,ind_00140
ind,505,train,ind_00141
ind,505,train,ind_00142
ind,505,train,ind_00143
ind,505,train,ind_00144
ind,505,train,ind_00145
ind,505,train,ind_00146
ind,505,train,ind_00147
ind,505,train,ind_00150
ind,505,train,ind_00151
ind,505,train,ind_00153
ind,505,train,ind_00154
ind,505,train,ind_00155
ind,505,val,ind_00013
ind,505,val,ind_00028
ind,505,val,ind_00036
ind,505,val,ind_00038
ind,505,val,ind_00044
ind,505,val,ind_00054
ind,505,val,ind_00066
ind,505,val,ind_00069
ind,505,val,ind_00076
ind,505,val,ind_00085
ind,505,val,ind_00088
ind,505,val,ind_00092
ind,505,val,ind_00093
ind,505,val,ind_00102
ind,505,val,ind_00103
ind,505,val,ind_00106
ind,505,val,ind_00120
ind,505,val,ind_00123
ind,505,val,ind_00125
ind,505,val,ind_00132
ind,505,val,ind_00148
ind,505,val,ind_00149
ind,505,val,ind_00152
ind,505,test,ind_00005
ind,505,test,ind_00007
ind,505,test,ind_00009
ind,505,test,ind_00023
ind,505,test,ind_00024
ind,505,test,ind_00030
ind,505,test,ind_00033
ind,505,test,ind_00039
ind,505,test,ind_00042
ind,505,test,ind_00047
ind,505,test,ind_00049
ind,505,test,ind_00055
ind,505,test,ind_00058
ind,505,test,ind_00068
ind,505,test,ind_00071
ind,505,test,ind_00072
ind,505,test,ind_00073
ind,505,test,ind_00074
ind,505,test,ind_00079
ind,505,test,ind_00081
ind,505,test,ind_00087
ind,505,test,ind_00089
ind,505,test,ind_00090
ind,505,test,ind_00098
ind,505,test,ind_00100
ind,505,test,ind_00104
ind,505,test,ind_00105
ind,505,test,ind_00107
ind,505,test,ind_00113
ind,505,test,ind_00121
ind,505,test,ind_00133
ind,505,test,ind_00135
sun,606,train,sun_00001
sun,606,train,sun_00002
sun,606,train,sun_00004
sun,606,train,sun_00005
sun,606,train,sun_00006
sun,606,train,sun_00007
sun,606,train,sun_00009
sun,606,train,sun_00010
sun,606,train,sun_00011
sun,606,train,sun_00012
sun,606,train,sun_00014
sun,606,train,sun_00015
sun,606,train,sun_00017
sun,606,train,sun_00018
sun,606,train,sun_00020
sun,606,train,sun_00021
sun,606,train,sun_00023
sun,606,train,sun_00024
sun,606,train,sun_00025
sun,606,train,sun_00026
sun,606,train,sun_00027
sun,606,train,sun_00029
sun,606,train,sun_00030
sun,606,train,sun_00031
sun,606,train,sun_00033
sun,606,train,sun_00034
sun,606,train,sun_00036
sun,606,train,sun_00039
sun,606,train,sun_00042
sun,606,train,sun_00043
sun,606,train,sun_00045
sun,606,train,sun_00046
sun,606,train,sun_00047
sun,606,train,sun_00048
sun,606,train,sun_00049
sun,606,train,sun_00050
sun,606,train,sun_00051
sun,606,train,sun_00055
sun,606,train,sun_00056
sun,606,train,sun_00057
sun,606,train,sun_00058
sun,606,train,sun_00059
sun,606,train,sun_00063
sun,606,train,sun_00065
sun,606,train,sun_00066
sun,606,train,sun_00067
sun,606,train,sun_00068
sun,606,train,sun_00069
sun,606,train,sun_00071
sun,606,train,sun_00072
sun,606,train,sun_00073
sun,606,train,sun_00074
sun,606,train,sun_00075
sun,606,train,sun_00076
sun,606,train,sun_00077
sun,606,train,sun_00078
sun,606,train,sun_00079
sun,606,train,sun_00081
sun,606,train,sun_00082
sun,606,train,sun_00084
sun,606,train,sun_00085
sun,606,train,sun_00086
sun,606,train,sun_00089
sun,606,train,sun_00090
sun,606,train,sun_00092
sun,606,train,sun_00094
sun,606,train,sun_00095
sun,606,train,sun_00096
sun,606,train,sun_00097
sun,606,train,sun_00098
sun,606,train,sun_00099
sun,606,train,sun_00100
sun,606,train,sun_00102
sun,606,train,sun_00104
sun,606,train,sun_00107
sun,606,train,sun_00108
sun,606,train,sun_00109
sun,606,train,sun_00111
sun,606,train,sun_00112
sun,606,train,sun_00113
sun,606,train,sun_00115
sun,606,train,sun_00116
sun,606,train,sun_00117
sun,606,train,sun_00118
sun,606,train,sun_00119
sun,606,train,sun_00121
sun,606,train,sun_00122
sun,606,train,sun_00123
sun,606,train,sun_00125
sun,606,train,sun_00126
sun,606,train,sun_00128
sun,606,train,sun_00134
sun,606,train,sun_00137
sun,606,train,sun_00138
sun,606,train,sun_00139
sun,606,train,sun_00142
sun,606,train,sun_00143
sun,606,train,sun_00146
sun,606,train,sun_00148
sun,606,train,sun_00149
sun,606,train,sun_00151
sun,606,train,sun_00152
sun,606,train,sun_00154
sun,606,train,sun_00155
sun,606,train,sun_00158
sun,606,train,sun_00159
sun,606,train,sun_00160
sun,606,train,sun_00161
sun,606,train,sun_00163
sun,606,train,sun_00165
sun,606,train,sun_00167
sun,606,train,sun_00168
sun,606,train,sun_00169
sun,606,train,sun_00170
sun,606,train,sun_00172
sun,606,train,sun_00174
sun,606,train,sun_00175
sun,606,train,sun_00176
sun,606,train,sun_00178
sun,606,train,sun_00180
sun,606,train,sun_00181
sun,606,train,sun_00182
sun,606,train,sun_00184
sun,606,train,sun_00185
sun,606,train,sun_00187
sun,606,train,sun_00189
sun,606,train,sun_00191
sun,606,train,sun_00193
sun,606,train,sun_00195
sun,606,train,sun_00196
sun,606,train,sun_00197
sun,606,train,sun_00198
sun,606,train,sun_00200
sun,606,train,sun_00202
sun,606,train,sun_00203
sun,606,train,sun_00204
sun,606,train,sun_00206
sun,606,train,sun_00207
sun,606,train,sun_00209
sun,606,train,sun_00210
sun,606,train,sun_00211
sun,606,train,sun_00212
sun,606,train,sun_00215
sun,606,train,sun_00216
sun,606,train,sun_00218
sun,606,train,sun_00223
sun,606,train,sun_00225
sun,606,train,sun_00227
sun,606,train,sun_00229
sun,606,train,sun_00232
sun,606,train,sun_00233
sun,606,train,sun_00234
sun,606,train,sun_00238
sun,606,train,sun_00239
sun,606,train,sun_00240
sun,606,train,sun_00242
sun,606,train,sun_00243
sun,606,train,sun_00244
sun,606,train,sun_00245
sun,606,train,sun_00246
sun,606,train,sun_00248
sun,606,train,sun_00249
sun,606,train,sun_00253
sun,606,train,sun_00254
sun,606,train,sun_00258
sun,606,train,sun_00259
sun,606,train,sun_00261
sun,606,train,sun_00262
sun,606,train,sun_00263
sun,606,train,sun_00265
sun,606,train,sun_00267
sun,606,train,sun_00268
sun,606,train,sun_00271
sun,606,train,sun_00272
sun,606,train,sun_00274
sun,606,train,sun_00276
sun,606,train,sun_00277
sun,606,train,sun_00282
sun,606,train,sun_00283
sun,606,train,sun_00284
sun,606,train,sun_00285
sun,606,train,sun_00286
sun,606,train,sun_00287
sun,606,train,sun_00289
sun,606,train,sun_00290
sun,606,train,sun_00292
sun,606,train,sun_00293
sun,606,train,sun_00294
sun,606,train,sun_00295
sun,606,train,sun_00299
sun,606,train,sun_00300
sun,606,train,sun_00301
sun,606,train,sun_00302
sun,606,train,sun_00304
sun,606,train,sun_00306
sun,606,train,sun_00307
sun,606,train,sun_00308
sun,606,train,sun_00309
sun,606,train,sun_00311
sun,606,train,sun_00312
sun,606,train,sun_00313
sun,606,train,sun_00314
sun,606,train,sun_00316
sun,606,train,sun_00317
sun,606,train,sun_00319
sun,606,train,sun_00320
sun,606,train,sun_00321
sun,606,train,sun_00322
sun,606,train,sun_00323
sun,606,train,sun_00324
sun,606,train,sun_00326
sun,606,train,sun_00327
sun,606,train,sun_00328
sun,606,train,sun_00330
sun,606,train,sun_00332
sun,606,train,sun_00333
sun,606,train,sun_00334
sun,606,train,sun_00335
sun,606,train,sun_00338
sun,606,train,sun_00340
sun,606,train,sun_00341
sun,606,train,sun_00342
sun,606,train,sun_00343
sun,606,train,sun_00345
sun,606,train,sun_00348
sun,606,train,sun_00350
sun,606,train,sun_00351
sun,606,train,sun_00354
sun,606,train,sun_00355
sun,606,train,sun_00356
sun,606,train,sun_00359
sun,606,train,sun_00361
sun,606,train,sun_00362
sun,606,train,sun_00364
sun,606,train,sun_00365
sun,606,train,sun_00366
sun,606,train,sun_00367
sun,606,train,sun_00368
sun,606,train,sun_00369
sun,606,train,sun_00371
sun,606,train,sun_00372
sun,606,train,sun_00374
sun,606,train,sun_00375
sun,606,train,sun_00376
sun,606,train,sun_00377
sun,606,train,sun_00378
sun,606,train,sun_00380
sun,606,train,sun_00381
sun,606,train,sun_00382
sun,606,train,sun_00383
sun,606,train,sun_00384
sun,606,train,sun_00386
sun,606,train,sun_00387
sun,606,train,sun_00388
sun,606,train,sun_00390
sun,606,train,sun_00391
sun,606,train,sun_00392
sun,606,train,sun_00393
sun,606,train,sun_00395
sun,606,train,sun_00396
sun,606,train,sun_00397
sun,606,train,sun_00399
sun,606,train,sun_00402
sun,606,train,sun_00403
sun,606,train,sun_00404
sun,606,train,sun_00405
sun,606,train,sun_00406
sun,606,train,sun_00407
sun,606,train,sun_00408
sun,606,train,sun_00410
sun,606,train,sun_00411
sun,606,train,sun_00412
sun,606,train,sun_00413
sun,606,train,sun_00415
sun,606,train,sun_00416
sun,606,train,sun_00417
sun,606,train,sun_00421
sun,606,train,sun_00423
sun,606,train,sun_00425
sun,606,train,sun_00427
sun,606,train,sun_00429
sun,606,train,sun_00430
sun,606,train,sun_00431
sun,606,train,sun_00432
sun,606,train,sun_00433
sun,606,train,sun_00435
sun,606,train,sun_00438
sun,606,train,sun_00439
sun,606,train,sun_00440
sun,606,train,sun_00441
sun,606,train,sun_00444
sun,606,train,sun_00449
sun,606,train,sun_00450
sun,606,train,sun_00451
sun,606,train,sun_00452
sun,606,train,sun_00453
sun,606,train,sun_00454
sun,606,train,sun_00458
sun,606,train,sun_00459
sun,606,train,sun_00460
sun,606,train,sun_00461
sun,606,train,sun_00462
sun,606,train,sun_00464
sun,606,train,sun_00466
sun,606,train,sun_00468
sun,606,train,sun_00469
sun,606,train,sun_00470
sun,606,train,sun_00471
sun,606,train,sun_00472
sun,606,train,sun_00474
sun,606,train,sun_00476
sun,606,train,sun_00477
sun,606,train,sun_00479
sun,606,train,sun_00480
sun,606,train,sun_00481
sun,606,train,sun_00482
sun,606,train,sun_00487
sun,606,train,sun_00488
sun,606,train,sun_00489
sun,606,train,sun_00490
sun,606,train,sun_00493
sun,606,train,sun_00494
sun,606,train,sun_00495
sun,606,train,sun_00496
sun,606,train,sun_00499
sun,606,train,sun_00502
sun,606,train,sun_00503
sun,606,train,sun_00504
sun,606,train,sun_00505
sun,606,train,sun_00507
sun,606,train,sun_00508
sun,606,train,sun_00509
sun,606,train,sun_00510
sun,606,train,sun_00511
sun,606,train,sun_00513
sun,606,train,sun_00514
sun,606,train,sun_00517
sun,606,train,sun_00518
sun,606,train,sun_00519
sun,606,train,sun_00520
sun,606,train,sun_00521
sun,606,train,sun_00523
sun,606,train,sun_00526
sun,606,train,sun_00527
sun,606,train,sun_00528
sun,606,train,sun_00529
sun,606,train,sun_00532
sun,606,train,sun_00534
sun,606,train,sun_00536
sun,606,train,sun_00537
sun,606,train,sun_00539
sun,606,train,sun_00541
sun,606,train,sun_00543
sun,606,train,sun_00544
sun,606,train,sun_00545
sun,606,train,sun_00546
sun,606,train,sun_00547
sun,606,train,sun_00548
sun,606,train,sun_00552
sun,606,train,sun_00553
sun,606,train,sun_00554
sun,606,train,sun_00555
sun,606,train,sun_00556
sun,606,train,sun_00557
sun,606,train,sun_00558
sun,606,train,sun_00559
sun,606,train,sun_00560
sun,606,train,sun_00562
sun,606,train,sun_00563
sun,606,train,sun_00564
sun,606,train,sun_00565
sun,606,train,sun_00566
sun,606,train,sun_00568
sun,606,train,sun_00569
sun,606,train,sun_00570
sun,606,train,sun_00571
sun,606,train,sun_00572
sun,606,train,sun_00575
sun,606,train,sun_00576
sun,606,train,sun_00577
sun,606,train,sun_00578
sun,606,train,sun_00579
sun,606,train,sun_00580
sun,606,train,sun_00581
sun,606,train,sun_00582
sun,606,train,sun_00585
sun,606,train,sun_00586
sun,606,train,sun_00587
sun,606,train,sun_00588
sun,606,train,sun_00589
sun,606,train,sun_00590
sun,606,train,sun_00591
sun,606,train,sun_00592
sun,606,train,sun_00594
sun,606,train,sun_00599
sun,606,train,sun_00600
sun,606,train,sun_00602
sun,606,train,sun_00604
sun,606,train,sun_00606
sun,606,train,sun_00608
sun,606,train,sun_00611
sun,606,train,sun_00612
sun,606,train,sun_00615
sun,606,train,sun_00617
sun,606,train,sun_00620
sun,606,train,sun_00623
sun,606,train,sun_00624
sun,606,train,sun_00625
sun,606,train,sun_00626
sun,606,train,sun_00627
sun,606,train,sun_00628
sun,606,train,sun_00629
sun,606,train,sun_00630
sun,606,train,sun_00632
sun,606,train,sun_00633
sun,606,train,sun_00635
sun,606,train,sun_00637
sun,606,train,sun_00638
sun,606,train,sun_00639
sun,606,train,sun_00640
sun,606,train,sun_00641
sun,606,train,sun_00643
sun,606,train,sun_00644
sun,606,train,sun_00645
sun,606,train,sun_00646
sun,606,train,sun_00647
sun,606,train,sun_00648
sun,606,train,sun_00649
sun,606,train,sun_00650
sun,606,train,sun_00651
sun,606,train,sun_00653
sun,606,train,sun_00654
sun,606,train,sun_00655
sun,606,train,sun_00657
sun,606,train,sun_00658
sun,606,train,sun_00659
sun,606,train,sun_00660
sun,606,train,sun_00664
sun,606,train,sun_00666
sun,606,train,sun_00668
sun,606,train,sun_00669
sun,606,train,sun_00672
sun,606,train,sun_00673
sun,606,train,sun_00675
sun,606,train,sun_00676
sun,606,train,sun_00678
sun,606,train,sun_00679
sun,606,train,sun_00680
sun,606,train,sun_00681
sun,606,train,sun_00682
sun,606,train,sun_00684
sun,606,train,sun_00685
sun,606,train,sun_00686
sun,606,train,sun_00687
sun,606,train,sun_00688
sun,606,train,sun_00689
sun,606,train,sun_00691
sun,606,train,sun_00692
sun,606,train,sun_00693
sun,606,train,sun_00698
sun,606,train,sun_00700
sun,606,train,sun_00701
sun,606,train,sun_00702
sun,606,train,sun_00704
sun,606,train,sun_00705
sun,606,train,sun_00710
sun,606,train,sun_00711
sun,606,train,sun_00714
sun,606,train,sun_00715
sun,606,train,sun_00716
sun,606,train,sun_00717
sun,606,train,sun_00718
sun,606,train,sun_00719
sun,606,train,sun_00720
sun,606,train,sun_00721
sun,606,train,sun_00722
sun,606,train,sun_00723
sun,606,train,sun_00724
sun,606,train,sun_00725
sun,606,train,sun_00726
sun,606,train,sun_00727
sun,606,train,sun_00728
sun,606,train,sun_00729
sun,606,train,sun_00732
sun,606,train,sun_00734
sun,606,train,sun_00735
sun,606,train,sun_00739
sun,606,train,sun_00743
sun,606,train,sun_00744
sun,606,train,sun_00747
sun,606,train,sun_00750
sun,606,train,sun_00751
sun,606,train,sun_00752
sun,606,train,sun_00753
sun,606,train,sun_00754
sun,606,train,sun_00757
sun,606,train,sun_00758
sun,606,train,sun_00759
sun,606,train,sun_00760
sun,606,train,sun_00761
sun,606,train,sun_00762
sun,606,train,sun_00763
sun,606,train,sun_00766
sun,606,train,sun_00767
sun,606,train,sun_00768
sun,606,train,sun_00769
sun,606,train,sun_00772
sun,606,train,sun_00773
sun,606,train,sun_00774
sun,606,train,sun_00775
sun,606,train,sun_00776
sun,606,train,sun_00777
sun,606,train,sun_00778
sun,606,train,sun_00781
sun,606,train,sun_00783
sun,606,train,sun_00785
sun,606,train,sun_00787
sun,606,train,sun_00788
sun,606,train,sun_00789
sun,606,train,sun_00790
sun,606,train,sun_00792
sun,606,train,sun_00795
sun,606,train,sun_00796
sun,606,train,sun_00797
sun,606,train,sun_00799
sun,606,train,sun_00801
sun,606,train,sun_00803
sun,606,train,sun_00804
sun,606,train,sun_00805
sun,606,train,sun_00806
sun,606,train,sun_00809
sun,606,train,sun_00810
sun,606,train,sun_00811
sun,606,train,sun_00812
sun,606,train,sun_00813
sun,606,train,sun_00814
sun,606,train,sun_00816
sun,606,train,sun_00818
sun,606,train,sun_00820
sun,606,train,sun_00822
sun,606,train,sun_00823
sun,606,train,sun_00824
sun,606,train,sun_00825
sun,606,train,sun_00828
sun,606,train,sun_00829
sun,606,train,sun_00830
sun,606,train,sun_00831
sun,606,train,sun_00833
sun,606,train,sun_00834
sun,606,train,sun_00835
sun,606,train,sun_00836
sun,606,train,sun_00837
sun,606,train,sun_00839
sun,606,train,sun_00841
sun,606,train,sun_00844
sun,606,train,sun_00845
sun,606,train,sun_00847
sun,606,train,sun_00849
sun,606,train,sun_00850
sun,606,train,sun_00851
sun,606,train,sun_00854
sun,606,train,sun_00855
sun,606,train,sun_00856
sun,606,train,sun_00858
sun,606,train,sun_00859
sun,606,train,sun_00861
sun,606,train,sun_00862
sun,606,train,sun_00863
sun,606,train,sun_00864
sun,606,train,sun_00865
sun,606,train,sun_00866
sun,606,train,sun_00869
sun,606,train,sun_00870
sun,606,train,sun_00871
sun,606,train,sun_00872
sun,606,train,sun_00874
sun,606,train,sun_00875
sun,606,train,sun_00876
sun,606,train,sun_00877
sun,606,train,sun_00878
sun,606,train,sun_00879
sun,606,train,sun_00880
sun,606,train,sun_00881
sun,606,train,sun_00883
sun,606,train,sun_00884
sun,606,train,sun_00885
sun,606,train,sun_00886
sun,606,train,sun_00887
sun,606,train,sun_00888
sun,606,train,sun_00889
sun,606,train,sun_00890
sun,606,train,sun_00892
sun,606,train,sun_00893
sun,606,train,sun_00897
sun,606,train,sun_00899
sun,606,train,sun_00902
sun,606,train,sun_00903
sun,606,train,sun_00904
sun,606,train,sun_00905
sun,606,train,sun_00907
sun,606,train,sun_00908
sun,606,train,sun_00909
sun,606,train,sun_00910
sun,606,train,sun_00912
sun,606,train,sun_00913
sun,606,train,sun_00914
sun,606,train,sun_00915
sun,606,train,sun_00916
sun,606,train,sun_00917
sun,606,train,sun_00919
sun,606,train,sun_00920
sun,606,train,sun_00921
sun,606,train,sun_00923
sun,606,train,sun_00924
sun,606,train,sun_00925
sun,606,train,sun_00926
sun,606,train,sun_00927
sun,606,train,sun_00928
sun,606,train,sun_00929
sun,606,train,sun_00930
sun,606,train,sun_00931
sun,606,train,sun_00932
sun,606,train,sun_00933
sun,606,train,sun_00935
sun,606,train,sun_00937
sun,606,train,sun_00939
sun,606,train,sun_00940
sun,606,train,sun_00943
sun,606,train,sun_00944
sun,606,train,sun_00945
sun,606,train,sun_00948
sun,606,train,sun_00949
sun,606,train,sun_00950
sun,606,train,sun_00951
sun,606,train,sun_00952
sun,606,train,sun_00953
sun,606,train,sun_00954
sun,606,train,sun_00955
sun,606,train,sun_00957
sun,606,train,sun_00958
sun,606,train,sun_00964
sun,606,train,sun_00965
sun,606,train,sun_00966
sun,606,train,sun_00967
sun,606,train,sun_00971
sun,606,train,sun_00973
sun,606,train,sun_00974
sun,606,train,sun_00976
sun,606,train,sun_00977
sun,606,train,sun_00984
sun,606,train,sun_00986
sun,606,train,sun_00988
sun,606,train,sun_00989
sun,606,train,sun_00990
sun,606,train,sun_00991
sun,606,train,sun_00992
sun,606,train,sun_00993
sun,606,train,sun_00995
sun,606,train,sun_00996
sun,606,train,sun_00997
sun,606,train,sun_00999
sun,606,train,sun_01001
sun,606,train,sun_01004
sun,606,train,sun_01005
sun,606,train,sun_01007
sun,606,train,sun_01008
sun,606,train,sun_01009
sun,606,train,sun_01012
sun,606,train,sun_01013
sun,606,train,sun_01015
sun,606,train,sun_01017
sun,606,train,sun_01019
sun,606,train,sun_01020
sun,606,train,sun_01021
sun,606,train,sun_01022
sun,606,train,sun_01023
sun,606,train,sun_01024
sun,606,train,sun_01025
sun,606,train,sun_01026
sun,606,train,sun_01029
sun,606,train,sun_01030
sun,606,train,sun_01031
sun,606,train,sun_01032
sun,606,train,sun_01033
sun,606,train,sun_01034
sun,606,train,sun_01038
sun,606,train,sun_01041
sun,606,train,sun_01042
sun,606,train,sun_01043
sun,606,train,sun_01047
sun,606,train,sun_01048
sun,606,train,sun_01049
sun,606,train,sun_01050
sun,606,train,sun_01051
sun,606,train,sun_01052
sun,606,train,sun_01053
sun,606,train,sun_01056
sun,606,train,sun_01060
sun,606,train,sun_01064
sun,606,train,sun_01068
sun,606,train,sun_01072
sun,606,train,sun_01073
sun,606,train,sun_01075
sun,606,train,sun_01076
sun,606,train,sun_01078
sun,606,train,sun_01079
sun,606,train,sun_01080
sun,606,train,sun_01082
sun,606,train,sun_01084
sun,606,train,sun_01085
sun,606,train,sun_01087
sun,606,train,sun_01088
sun,606,train,sun_01091
sun,606,train,sun_01092
sun,606,train,sun_01095
sun,606,train,sun_01097
sun,606,train,sun_01099
sun,606,train,sun_01100
sun,606,train,sun_01105
sun,606,train,sun_01106
sun,606,train,sun_01107
sun,606,train,sun_01110
sun,606,train,sun_01111
sun,606,train,sun_01112
sun,606,train,sun_01114
sun,606,train,sun_01115
sun,606,train,sun_01118
sun,606,train,sun_01119
sun,606,train,sun_01120
sun,606,val,sun_00013
sun,606,val,sun_00032
sun,606,val,sun_00041
sun,606,val,sun_00060
sun,606,val,sun_00061
sun,606,val,sun_00062
sun,606,val,sun_00070
sun,606,val,sun_00080
sun,606,val,sun_00087
sun,606,val,sun_00091
sun,606,val,sun_00093
sun,606,val,sun_00101
sun,606,val,sun_00103
sun,606,val,sun_00127
sun,606,val,sun_00131
sun,606,val,sun_00132
sun,606,val,sun_00133
sun,606,val,sun_00136
sun,606,val,sun_00140
sun,606,val,sun_00141
sun,606,val,sun_00147
sun,606,val,sun_00150
sun,606,val,sun_00153
sun,606,val,sun_00157
sun,606,val,sun_00162
sun,606,val,sun_00164
sun,606,val,sun_00166
sun,606,val,sun_00177
sun,606,val,sun_00179
sun,606,val,sun_00188
sun,606,val,sun_00190
sun,606,val,sun_00205
sun,606,val,sun_00208
sun,606,val,sun_00217
sun,606,val,sun_00220
sun,606,val,sun_00224
sun,606,val,sun_00226
sun,606,val,sun_00230
sun,606,val,sun_00236
sun,606,val,sun_00237
sun,606,val,sun_00250
sun,606,val,sun_00251
sun,606,val,sun_00255
sun,606,val,sun_00264
sun,606,val,sun_00273
sun,606,val,sun_00279
sun,606,val,sun_00291
sun,606,val,sun_00296
sun,606,val,sun_00303
sun,606,val,sun_00305
sun,606,val,sun_00329
sun,606,val,sun_00352
sun,606,val,sun_00358
sun,606,val,sun_00370
sun,606,val,sun_00379
sun,606,val,sun_00394
sun,606,val,sun_00414
sun,606,val,sun_00418
sun,606,val,sun_00420
sun,606,val,sun_00428
sun,606,val,sun_00437
sun,606,val,sun_00443
sun,606,val,sun_00445
sun,606,val,sun_00457
sun,606,val,sun_00467
sun,606,val,sun_00478
sun,606,val,sun_00484
sun,606,val,sun_00485
sun,606,val,sun_00491
sun,606,val,sun_00492
sun,606,val,sun_00500
sun,606,val,sun_00506
sun,606,val,sun_00515
sun,606,val,sun_00522
sun,606,val,sun_00524
sun,606,val,sun_00525
sun,606,val,sun_00530
sun,606,val,sun_00531
sun,606,val,sun_00535
sun,606,val,sun_00550
sun,606,val,sun_00567
sun,606,val,sun_00583
sun,606,val,sun_00584
sun,606,val,sun_00593
sun,606,val,sun_00597
sun,606,val,sun_00605
sun,606,val,sun_00621
sun,606,val,sun_00622
sun,606,val,sun_00631
sun,606,val,sun_00634
sun,606,val,sun_00652
sun,606,val,sun_00661
sun,606,val,sun_00662
sun,606,val,sun_00663
sun,606,val,sun_00667
sun,606,val,sun_00670
sun,606,val,sun_00674
sun,606,val,sun_00677
sun,606,val,sun_00690
sun,606,val,sun_00695
sun,606,val,sun_00697
sun,606,val,sun_00703
sun,606,val,sun_00706
sun,606,val,sun_00709
sun,606,val,sun_00712
sun,606,val,sun_00730
sun,606,val,sun_00733
sun,606,val,sun_00741
sun,606,val,sun_00742
sun,606,val,sun_00745
sun,606,val,sun_00771
sun,606,val,sun_00780
sun,606,val,sun_00793
sun,606,val,sun_00794
sun,606,val,sun_00808
sun,606,val,sun_00815
sun,606,val,sun_00819
sun,606,val,sun_00827
sun,606,val,sun_00840
sun,606,val,sun_00846
sun,606,val,sun_00848
sun,606,val,sun_00857
sun,606,val,sun_00860
sun,606,val,sun_00873
sun,606,val,sun_00882
sun,606,val,sun_00891
sun,606,val,sun_00896
sun,606,val,sun_00906
sun,606,val,sun_00922
sun,606,val,sun_00934
sun,606,val,sun_00936
sun,606,val,sun_00942
sun,606,val,sun_00947
sun,606,val,sun_00956
sun,606,val,sun_00959
sun,606,val,sun_00960
sun,606,val,sun_00961
sun,606,val,sun_00968
sun,606,val,sun_00978
sun,606,val,sun_00983
sun,606,val,sun_00985
sun,606,val,sun_00987
sun,606,val,sun_00998
sun,606,val,sun_01000
sun,606,val,sun_01003
sun,606,val,sun_01014
sun,606,val,sun_01016
sun,606,val,sun_01018
sun,606,val,sun_01028
sun,606,val,sun_01035
sun,606,val,sun_01037
sun,606,val,sun_01039
sun,606,val,sun_01045
sun,606,val,sun_01046
sun,606,val,sun_01059
sun,606,val,sun_01062
sun,606,val,sun_01065
sun,606,val,sun_01066
sun,606,val,sun_01071
sun,606,val,sun_01074
sun,606,val,sun_01083
sun,606,val,sun_01089
sun,606,val,sun_01090
sun,606,val,sun_01094
sun,606,val,sun_01098
sun,606,val,sun_01102
sun,606,val,sun_01104
sun,606,val,sun_01108
sun,606,test,sun_00000
sun,606,test,sun_00003
sun,606,test,sun_00008
sun,606,test,sun_00016
sun,606,test,sun_00019
sun,606,test,sun_00022
sun,606,test,sun_00028
sun,606,test,sun_00035
sun,606,test,sun_00037
sun,606,test,sun_00038
sun,606,test,sun_00040
sun,606,test,sun_00044
sun,606,test,sun_00052
sun,606,test,sun_00053
sun,606,test,sun_00054
sun,606,test,sun_00064
sun,606,test,sun_00083
sun,606,test,sun_00088
sun,606,test,sun_00105
sun,606,test,sun_00106
sun,606,test,sun_00110
sun,606,test,sun_00114
sun,606,test,sun_00120
sun,606,test,sun_00124
sun,606,test,sun_00129
sun,606,test,sun_00130
sun,606,test,sun_00135
sun,606,test,sun_00144
sun,606,test,sun_00145
sun,606,test,sun_00156
sun,606,test,sun_00171
sun,606,test,sun_00173
sun,606,test,sun_00183
sun,606,test,sun_00186
sun,606,test,sun_00192
sun,606,test,sun_00194
sun,606,test,sun_00199
sun,606,test,sun_00201
sun,606,test,sun_00213
sun,606,test,sun_00214
sun,606,test,sun_00219
sun,606,test,sun_00221
sun,606,test,sun_00222
sun,606,test,sun_00228
sun,606,test,sun_00231
sun,606,test,sun_00235
sun,606,test,sun_00241
sun,606,test,sun_00247
sun,606,test,sun_00252
sun,606,test,sun_00256
sun,606,test,sun_00257
sun,606,test,sun_00260
sun,606,test,sun_00266
sun,606,test,sun_00269
sun,606,test,sun_00270
sun,606,test,sun_00275
sun,606,test,sun_00278
sun,606,test,sun_00280
sun,606,test,sun_00281
sun,606,test,sun_00288
sun,606,test,sun_00297
sun,606,test,sun_00298
sun,606,test,sun_00310
sun,606,test,sun_00315
sun,606,test,sun_00318
sun,606,test,sun_00325
sun,606,test,sun_00331
sun,606,test,sun_00336
sun,606,test,sun_00337
sun,606,test,sun_00339
sun,606,test,sun_00344
sun,606,test,sun_00346
sun,606,test,sun_00347
sun,606,test,sun_00349
sun,606,test,sun_00353
sun,606,test,sun_00357
sun,606,test,sun_00360
sun,606,test,sun_00363
sun,606,test,sun_00373
sun,606,test,sun_00385
sun,606,test,sun_00389
sun,606,test,sun_00398
sun,606,test,sun_00400
sun,606,test,sun_00401
sun,606,test,sun_00409
sun,606,test,sun_00419
sun,606,test,sun_00422
sun,606,test,sun_00424
sun,606,test,sun_00426
sun,606,test,sun_00434
sun,606,test,sun_00436
sun,606,test,sun_00442
sun,606,test,sun_00446
sun,606,test,sun_00447
sun,606,test,sun_00448
sun,606,test,sun_00455
sun,606,test,sun_00456
sun,606,test,sun_00463
sun,606,test,sun_00465
sun,606,test,sun_00473
sun,606,test,sun_00475
sun,606,test,sun_00483
sun,606,test,sun_00486
sun,606,test,sun_00497
sun,606,test,sun_00498
sun,606,test,sun_00501
sun,606,test,sun_00512
sun,606,test,sun_00516
sun,606,test,sun_00533
sun,606,test,sun_00538
sun,606,test,sun_00540
sun,606,test,sun_00542
sun,606,test,sun_00549
sun,606,test,sun_00551
sun,606,test,sun_00561
sun,606,test,sun_00573
sun,606,test,sun_00574
sun,606,test,sun_00595
sun,606,test,sun_00596
sun,606,test,sun_00598
sun,606,test,sun_00601
sun,606,test,sun_00603
sun,606,test,sun_00607
sun,606,test,sun_00609
sun,606,test,sun_00610
sun,606,test,sun_00613
sun,606,test,sun_00614
sun,606,test,sun_00616
sun,606,test,sun_00618
sun,606,test,sun_00619
sun,606,test,sun_00636
sun,606,test,sun_00642
sun,606,test,sun_00656
sun,606,test,sun_00665
sun,606,test,sun_00671
sun,606,test,sun_00683
sun,606,test,sun_00694
sun,606,test,sun_00696
sun,606,test,sun_00699
sun,606,test,sun_00707
sun,606,test,sun_00708
sun,606,test,sun_00713
sun,606,test,sun_00731
sun,606,test,sun_00736
sun,606,test,sun_00737
sun,606,test,sun_00738
sun,606,test,sun_00740
sun,606,test,sun_00746
sun,606,test,sun_00748
sun,606,test,sun_00749
sun,606,test,sun_00755
sun,606,test,sun_00756
sun,606,test,sun_00764
sun,606,test,sun_00765
sun,606,test,sun_00770
sun,606,test,sun_00779
sun,606,test,sun_00782
sun,606,test,sun_00784
sun,606,test,sun_00786
sun,606,test,sun_00791
sun,606,test,sun_00798
sun,606,test,sun_00800
sun,606,test,sun_00802
sun,606,test,sun_00807
sun,606,test,sun_00817
sun,606,test,sun_00821
sun,606,test,sun_00826
sun,606,test,sun_00832
sun,606,test,sun_00838
sun,606,test,sun_00842
sun,606,test,sun_00843
sun,606,test,sun_00852
sun,606,test,sun_00853
sun,606,test,sun_00867
sun,606,test,sun_00868
sun,606,test,sun_00894
sun,606,test,sun_00895
sun,606,test,sun_00898
sun,606,test,sun_00900
sun,606,test,sun_00901
sun,606,test,sun_00911
sun,606,test,sun_00918
sun,606,test,sun_00938
sun,606,test,sun_00941
sun,606,test,sun_00946
sun,606,test,sun_00962
sun,606,test,sun_00963
sun,606,test,sun_00969
sun,606,test,sun_00970
sun,606,test,sun_00972
sun,606,test,sun_00975
sun,606,test,sun_00979
sun,606,test,sun_00980
sun,606,test,sun_00981
sun,606,test,sun_00982
sun,606,test,sun_00994
sun,606,test,sun_01002
sun,606,test,sun_01006
sun,606,test,sun_01010
sun,606,test,sun_01011
sun,606,test,sun_01027
sun,606,test,sun_01036
sun,606,test,sun_01040
sun,606,test,sun_01044
sun,606,test,sun_01054
sun,606,test,sun_01055
sun,606,test,sun_01057
sun,606,test,sun_01058
sun,606,test,sun_01061
sun,606,test,sun_01063
sun,606,test,sun_01067
sun,606,test,sun_01069
sun,606,test,sun_01070
sun,606,test,sun_01077
sun,606,test,sun_01081
sun,606,test,sun_01086
sun,606,test,sun_01093
sun,606,test,sun_01096
sun,606,test,sun_01101
sun,606,test,sun_01103
sun,606,test,sun_01109
sun,606,test,sun_01113
sun,606,test,sun_01116
sun,606,test,sun_01117
sun,606,test,sun_01121
sun,606,test,sun_01122
jav,606,train,jav_00000
jav,606,train,jav_00001
jav,606,train,jav_00005
jav,606,train,jav_00006
jav,606,train,jav_00007
jav,606,train,jav_00008
jav,606,train,jav_00009
jav,606,train,jav_00010
jav,606,train,jav_00012
jav,606,train,jav_00013
jav,606,train,jav_00015
jav,606,train,jav_00016
jav,606,train,jav_00017
jav,606,train,jav_00018
jav,606,train,jav_00019
jav,606,train,jav_00022
jav,606,train,jav_00023
jav,606,train,jav_00025
jav,606,train,jav_00026
jav,606,train,jav_00027
jav,606,train,jav_00030
jav,606,train,jav_00031
jav,606,train,jav_00032
jav,606,train,jav_00034
jav,606,train,jav_00035
jav,606,train,jav_00036
jav,606,train,jav_00037
jav,606,train,jav_00038
jav,606,train,jav_00039
jav,606,train,jav_00040
jav,606,train,jav_00042
jav,606,train,jav_00044
jav,606,train,jav_00045
jav,606,train,jav_00046
jav,606,train,jav_00051
jav,606,train,jav_00053
jav,606,train,jav_00054
jav,606,train,jav_00056
jav,606,train,jav_00057
jav,606,train,jav_00058
jav,606,train,jav_00061
jav,606,train,jav_00062
jav,606,train,jav_00063
jav,606,train,jav_00064
jav,606,train,jav_00066
jav,606,train,jav_00067
jav,606,train,jav_00068
jav,606,train,jav_00069
jav,606,train,jav_00073
jav,606,train,jav_00074
jav,606,train,jav_00075
jav,606,train,jav_00076
jav,606,train,jav_00077
jav,606,train,jav_00080
jav,606,train,jav_00081
jav,606,train,jav_00083
jav,606,train,jav_00084
jav,606,train,jav_00085
jav,606,train,jav_00087
jav,606,train,jav_00090
jav,606,train,jav_00091
jav,606,train,jav_00092
jav,606,train,jav_00093
jav,606,train,jav_00094
jav,606,train,jav_00095
jav,606,train,jav_00096
jav,606,train,jav_00097
jav,606,train,jav_00098
jav,606,train,jav_00102
jav,606,train,jav_00103
jav,606,train,jav_00104
jav,606,train,jav_00105
jav,606,train,jav_00108
jav,606,train,jav_00109
jav,606,train,jav_00110
jav,606,train,jav_00112
jav,606,train,jav_00113
jav,606,train,jav_00114
jav,606,train,jav_00116
jav,606,train,jav_00119
jav,606,train,jav_00120
jav,606,train,jav_00121
jav,606,train,jav_00122
jav,606,train,jav_00123
jav,606,train,jav_00124
jav,606,train,jav_00125
jav,606,train,jav_00128
jav,606,train,jav_00131
jav,606,train,jav_00132
jav,606,train,jav_00138
jav,606,train,jav_00139
jav,606,train,jav_00140
jav,606,train,jav_00142
jav,606,train,jav_00143
jav,606,train,jav_00146
jav,606,train,jav_00148
jav,606,train,jav_00149
jav,606,train,jav_00150
jav,606,val,jav_00002
jav,606,val,jav_00004
jav,606,val,jav_00014
jav,606,val,jav_00021
jav,606,val,jav_00029
jav,606,val,jav_00033
jav,606,val,jav_00041
jav,606,val,jav_00043
jav,606,val,jav_00047
jav,606,val,jav_00055
jav,606,val,jav_00059
jav,606,val,jav_00072
jav,606,val,jav_00082
jav,606,val,jav_00099
jav,606,val,jav_00100
jav,606,val,jav_00107
jav,606,val,jav_00118
jav,606,val,jav_00127
jav,606,val,jav_00129
jav,606,val,jav_00130
jav,606,val,jav_00133
jav,606,val,jav_00136
jav,606,test,jav_00003
jav,606,test,jav_00011
jav,606,test,jav_00020
jav,606,test,jav_00024
jav,606,test,jav_00028
jav,606,test,jav_00048
jav,606,test,jav_00049
jav,606,test,jav_00050
jav,606,test,jav_00052
jav,606,test,jav_00060
jav,606,test,jav_00065
jav,606,test,jav_00070
jav,606,test,jav_00071
jav,606,test,jav_00078
jav,606,test,jav_00079
jav,606,test,jav_00086
jav,606,test,jav_00088
jav,606,test,jav_00089
jav,606,test,jav_00101
jav,606,test,jav_00106
jav,606,test,jav_00111
jav,606,test,jav_00115
jav,606,test,jav_00117
jav,606,test,jav_00126
jav,606,test,jav_00134
jav,606,test,jav_00135
jav,606,test,jav_00137
jav,606,test,jav_00141
jav,606,test,jav_00144
jav,606,test,jav_00145
jav,606,test,jav_00147
ind,606,train,ind_00000
ind,606,train,ind_00005
ind,606,train,ind_00006
ind,606,train,ind_00007
ind,606,train,ind_00008
ind,606,train,ind_00010
ind,606,train,ind_00011
ind,606,train,ind_00013
ind,606,train,ind_00015
ind,606,train,ind_00018
ind,606,train,ind_00019
ind,606,train,ind_00021
ind,606,train,ind_00024
ind,606,train,ind_00028
ind,606,train,ind_00029
ind,606,train,ind_00031
ind,606,train,ind_00032
ind,606,train,ind_00034
ind,606,train,ind_00035
ind,606,train,ind_00037
ind,606,train,ind_00039
ind,606,train,ind_00041
ind,606,train,ind_00042
ind,606,train,ind_00043
ind,606,train,ind_00044
ind,606,train,ind_00045
ind,606,train,ind_00046
ind,606,train,ind_00047
ind,606,train,ind_00049
ind,606,train,ind_00050
ind,606,train,ind_00051
ind,606,train,ind_00052
ind,606,train,ind_00054
ind,606,train,ind_00055
ind,606,train,ind_00056
ind,606,train,ind_00057
ind,606,train,ind_00058
ind,606,train,ind_00059
ind,606,train,ind_00060
ind,606,train,ind_00061
ind,606,train,ind_00062
ind,606,train,ind_00064
ind,606,train,ind_00065
ind,606,train,ind_00066
ind,606,train,ind_00067
ind,606,train,ind_00068
ind,606,train,ind_00069
ind,606,train,ind_00071
ind,606,train,ind_00075
ind,606,train,ind_00076
ind,606,train,ind_00077
ind,606,train,ind_00078
ind,606,train,ind_00079
ind,606,train,ind_00080
ind,606,train,ind_00082
ind,606,train,ind_00083
ind,606,train,ind_00086
ind,606,train,ind_00089
ind,606,train,ind_00090
ind,606,train,ind_00092
ind,606,train,ind_00093
ind,606,train,ind_00094
ind,606,train,ind_00097
ind,606,train,ind_00098
ind,606,train,ind_00100
ind,606,train,ind_00101
ind,606,train,ind_00104
ind,606,train,ind_00105
ind,606,train,ind_00106
ind,606,train,ind_00107
ind,606,train,ind_00108
ind,606,train,ind_00109
ind,606,train,ind_00111
ind,606,train,ind_00112
ind,606,train,ind_00114
ind,606,train,ind_00116
ind,606,train,ind_00117
ind,606,train,ind_00120
ind,606,train,ind_00121
ind,606,train,ind_00123
ind,606,train,ind_00124
ind,606,train,ind_00125
ind,606,train,ind_00127
ind,606,train,ind_00129
ind,606,train,ind_00130
ind,606,train,ind_00132
ind,606,train,ind_00133
ind,606,train,ind_00134
ind,606,train,ind_00135
ind,606,train,ind_00136
ind,606,train,ind_00137
ind,606,train,ind_00138
ind,606,train,ind_00139
ind,606,train,ind_00142
ind,606,train,ind_00143
ind,606,train,ind_00144
ind,606,train,ind_00145
ind,606,train,ind_00146
ind,606,train,ind_00147
ind,606,train,ind_00149
ind,606,train,ind_00153
ind,606,val,ind_00003
ind,606,val,ind_00004
ind,606,val,ind_00012
ind,606,val,ind_00020
ind,606,val,ind_00023
ind,606,val,ind_00026
ind,606,val,ind_00033
ind,606,val,ind_00070
ind,606,val,ind_00072
ind,606,val,ind_00081
ind,606,val,ind_00084
ind,606,val,ind_00091
ind,606,val,ind_00095
ind,606,val,ind_00096
ind,606,val,ind_00099
ind,606,val,ind_00110
ind,606,val,ind_00118
ind,606,val,ind_00119
ind,606,val,ind_00128
ind,606,val,ind_00131
ind,606,val,ind_00141
ind,606,val,ind_00148
ind,606,val,ind_00150
ind,606,test,ind_00001
ind,606,test,ind_00002
ind,606,test,ind_00009
ind,606,test,ind_00014
ind,606,test,ind_00016
ind,606,test,ind_00017
ind,606,test,ind_00022
ind,606,test,ind_00025
ind,606,test,ind_00027
ind,606,test,ind_00030
ind,606,test,ind_00036
ind,606,test,ind_00038
ind,606,test,ind_00040
ind,606,test,ind_00048
ind,606,test,ind_00053
ind,606,test,ind_00063
ind,606,test,ind_00073
ind,606,test,ind_00074
ind,606,test,ind_00085
ind,606,test,ind_00087
ind,606,test,ind_00088
ind,606,test,ind_00102
ind,606,test,ind_00103
ind,606,test,ind_00113
ind,606,test,ind_00115
ind,606,test,ind_00122
ind,606,test,ind_00126
ind,606,test,ind_00140
ind,606,test,ind_00151
ind,606,test,ind_00152
ind,606,test,ind_00154
ind,606,test,ind_00155
